time,symbol,open,high,low,close,volume,source
2015-01-02 00:00:00+00,AMCR,34.693359375,34.693359375,34.693359375,34.693359375,0,yfinance
2015-01-05 00:00:00+00,AMCR,34.693359375,34.693359375,34.693359375,34.693359375,0,yfinance
2015-01-06 00:00:00+00,AMCR,34.693359375,34.693359375,34.693359375,34.693359375,0,yfinance
2015-01-07 00:00:00+00,AMCR,33.20649719238281,33.20649719238281,33.20649719238281,33.20649719238281,160,yfinance
2015-01-08 00:00:00+00,AMCR,33.20649719238281,33.20649719238281,33.20649719238281,33.20649719238281,0,yfinance
2015-01-09 00:00:00+00,AMCR,33.20649719238281,33.20649719238281,33.20649719238281,33.20649719238281,0,yfinance
2015-01-12 00:00:00+00,AMCR,33.20649719238281,33.20649719238281,33.20649719238281,33.20649719238281,0,yfinance
2015-01-13 00:00:00+00,AMCR,33.20649719238281,33.20649719238281,33.20649719238281,33.20649719238281,0,yfinance
2015-01-14 00:00:00+00,AMCR,33.20649719238281,33.20649719238281,33.20649719238281,33.20649719238281,0,yfinance
2015-01-15 00:00:00+00,AMCR,33.20649719238281,33.20649719238281,33.20649719238281,33.20649719238281,0,yfinance
2015-01-16 00:00:00+00,AMCR,33.20649719238281,33.20649719238281,33.20649719238281,33.20649719238281,0,yfinance
2015-01-20 00:00:00+00,AMCR,33.20649719238281,33.20649719238281,33.20649719238281,33.20649719238281,0,yfinance
2015-01-21 00:00:00+00,AMCR,33.20649719238281,33.20649719238281,33.20649719238281,33.20649719238281,0,yfinance
2015-01-22 00:00:00+00,AMCR,33.20649719238281,33.20649719238281,33.20649719238281,33.20649719238281,0,yfinance
2015-01-23 00:00:00+00,AMCR,33.20649719238281,33.20649719238281,33.20649719238281,33.20649719238281,0,yfinance
2015-01-26 00:00:00+00,AMCR,33.20649719238281,33.20649719238281,33.20649719238281,33.20649719238281,0,yfinance
2015-01-27 00:00:00+00,AMCR,33.20649719238281,33.20649719238281,33.20649719238281,33.20649719238281,0,yfinance
2015-01-28 00:00:00+00,AMCR,30.914264678955078,30.914264678955078,30.914264678955078,30.914264678955078,620,yfinance
2015-01-29 00:00:00+00,AMCR,30.44962310791016,30.44962310791016,30.44962310791016,30.449623107910156,260,yfinance
2015-01-30 00:00:00+00,AMCR,30.44962310791016,30.44962310791016,30.44962310791016,30.449623107910156,0,yfinance
2015-02-02 00:00:00+00,AMCR,30.44962310791016,30.44962310791016,30.44962310791016,30.449623107910156,0,yfinance
2015-02-03 00:00:00+00,AMCR,30.44962310791016,30.44962310791016,30.44962310791016,30.449623107910156,0,yfinance
2015-02-04 00:00:00+00,AMCR,30.914264678955078,30.914264678955078,30.914264678955078,30.914264678955078,40,yfinance
2015-02-05 00:00:00+00,AMCR,30.914264678955078,30.914264678955078,30.914264678955078,30.914264678955078,0,yfinance
2015-02-06 00:00:00+00,AMCR,30.914264678955078,30.914264678955078,30.914264678955078,30.914264678955078,0,yfinance
2015-02-09 00:00:00+00,AMCR,31.564752578735355,31.564752578735355,31.564752578735355,31.56475257873535,40,yfinance
2015-02-10 00:00:00+00,AMCR,31.719646453857422,31.719646453857422,31.719646453857422,31.719646453857422,20,yfinance
2015-02-11 00:00:00+00,AMCR,31.719646453857422,31.719646453857422,31.719646453857422,31.719646453857422,0,yfinance
2015-02-12 00:00:00+00,AMCR,31.719646453857422,31.719646453857422,31.719646453857422,31.719646453857422,0,yfinance
2015-02-13 00:00:00+00,AMCR,31.719646453857422,31.719646453857422,31.719646453857422,31.719646453857422,0,yfinance
2015-02-17 00:00:00+00,AMCR,31.719646453857422,31.719646453857422,31.719646453857422,31.719646453857422,0,yfinance
2015-02-18 00:00:00+00,AMCR,31.719646453857422,31.719646453857422,31.719646453857422,31.719646453857422,0,yfinance
2015-02-19 00:00:00+00,AMCR,31.719646453857422,31.719646453857422,31.719646453857422,31.719646453857422,0,yfinance
2015-02-20 00:00:00+00,AMCR,31.719646453857422,31.719646453857422,31.719646453857422,31.719646453857422,0,yfinance
2015-02-23 00:00:00+00,AMCR,31.719646453857422,31.719646453857422,31.719646453857422,31.719646453857422,0,yfinance
2015-02-24 00:00:00+00,AMCR,31.719646453857422,31.719646453857422,31.719646453857422,31.719646453857422,0,yfinance
2015-02-25 00:00:00+00,AMCR,31.719646453857422,31.719646453857422,31.719646453857422,31.719646453857422,0,yfinance
2015-02-26 00:00:00+00,AMCR,31.719646453857422,31.719646453857422,31.719646453857422,31.719646453857422,0,yfinance
2015-02-27 00:00:00+00,AMCR,31.719646453857422,31.719646453857422,31.719646453857422,31.719646453857422,0,yfinance
2015-03-02 00:00:00+00,AMCR,31.719646453857422,31.719646453857422,31.719646453857422,31.719646453857422,0,yfinance
2015-03-03 00:00:00+00,AMCR,31.719646453857422,31.719646453857422,31.719646453857422,31.719646453857422,0,yfinance
2015-03-04 00:00:00+00,AMCR,31.719646453857422,31.719646453857422,31.719646453857422,31.719646453857422,0,yfinance
2015-03-05 00:00:00+00,AMCR,31.719646453857422,31.719646453857422,31.719646453857422,31.719646453857422,0,yfinance
2015-03-06 00:00:00+00,AMCR,31.719646453857422,31.719646453857422,31.719646453857422,31.719646453857422,0,yfinance
2015-03-09 00:00:00+00,AMCR,31.719646453857422,31.719646453857422,31.719646453857422,31.719646453857422,0,yfinance
2015-03-10 00:00:00+00,AMCR,31.719646453857422,31.719646453857422,31.719646453857422,31.719646453857422,0,yfinance
2015-03-11 00:00:00+00,AMCR,31.719646453857422,31.719646453857422,31.719646453857422,31.719646453857422,0,yfinance
2015-03-12 00:00:00+00,AMCR,31.719646453857422,31.719646453857422,31.719646453857422,31.719646453857422,0,yfinance
2015-03-13 00:00:00+00,AMCR,31.719646453857422,31.719646453857422,31.719646453857422,31.719646453857422,0,yfinance
2015-03-16 00:00:00+00,AMCR,31.719646453857422,31.719646453857422,31.719646453857422,31.719646453857422,0,yfinance
2015-03-17 00:00:00+00,AMCR,33.454307556152344,33.454307556152344,33.454307556152344,33.454307556152344,60,yfinance
2015-03-18 00:00:00+00,AMCR,33.454307556152344,33.454307556152344,33.454307556152344,33.454307556152344,0,yfinance
2015-03-19 00:00:00+00,AMCR,33.454307556152344,33.454307556152344,33.454307556152344,33.454307556152344,0,yfinance
2015-03-20 00:00:00+00,AMCR,33.454307556152344,33.454307556152344,33.454307556152344,33.454307556152344,0,yfinance
2015-03-23 00:00:00+00,AMCR,33.454307556152344,33.454307556152344,33.454307556152344,33.454307556152344,0,yfinance
2015-03-24 00:00:00+00,AMCR,33.454307556152344,33.454307556152344,33.454307556152344,33.454307556152344,0,yfinance
2015-03-25 00:00:00+00,AMCR,33.454307556152344,33.454307556152344,33.454307556152344,33.454307556152344,0,yfinance
2015-03-26 00:00:00+00,AMCR,33.454307556152344,33.454307556152344,33.454307556152344,33.454307556152344,0,yfinance
2015-03-27 00:00:00+00,AMCR,33.454307556152344,33.454307556152344,33.454307556152344,33.454307556152344,0,yfinance
2015-03-30 00:00:00+00,AMCR,33.454307556152344,33.454307556152344,33.454307556152344,33.454307556152344,0,yfinance
2015-03-31 00:00:00+00,AMCR,32.86576461791992,32.86576461791992,32.86576461791992,32.86576461791992,20,yfinance
2015-04-01 00:00:00+00,AMCR,32.86576461791992,32.86576461791992,32.86576461791992,32.86576461791992,0,yfinance
2015-04-02 00:00:00+00,AMCR,32.86576461791992,32.86576461791992,32.86576461791992,32.86576461791992,0,yfinance
2015-04-06 00:00:00+00,AMCR,32.86576461791992,32.86576461791992,32.86576461791992,32.86576461791992,0,yfinance
2015-04-07 00:00:00+00,AMCR,32.86576461791992,32.86576461791992,32.86576461791992,32.86576461791992,0,yfinance
2015-04-08 00:00:00+00,AMCR,32.86576461791992,32.86576461791992,32.86576461791992,32.86576461791992,0,yfinance
2015-04-09 00:00:00+00,AMCR,32.86576461791992,32.86576461791992,32.86576461791992,32.86576461791992,0,yfinance
2015-04-10 00:00:00+00,AMCR,32.86576461791992,32.86576461791992,32.86576461791992,32.86576461791992,0,yfinance
2015-04-13 00:00:00+00,AMCR,32.86576461791992,32.86576461791992,32.86576461791992,32.86576461791992,0,yfinance
2015-04-14 00:00:00+00,AMCR,32.86576461791992,32.86576461791992,32.86576461791992,32.86576461791992,0,yfinance
2015-04-15 00:00:00+00,AMCR,32.86576461791992,32.86576461791992,32.86576461791992,32.86576461791992,0,yfinance
2015-04-16 00:00:00+00,AMCR,32.86576461791992,32.86576461791992,32.86576461791992,32.86576461791992,0,yfinance
2015-04-17 00:00:00+00,AMCR,32.86576461791992,32.86576461791992,32.86576461791992,32.86576461791992,0,yfinance
2015-04-20 00:00:00+00,AMCR,32.86576461791992,32.86576461791992,32.86576461791992,32.86576461791992,0,yfinance
2015-04-21 00:00:00+00,AMCR,32.86576461791992,32.86576461791992,32.86576461791992,32.86576461791992,0,yfinance
2015-04-22 00:00:00+00,AMCR,32.86576461791992,32.86576461791992,32.86576461791992,32.86576461791992,0,yfinance
2015-04-23 00:00:00+00,AMCR,32.86576461791992,32.86576461791992,32.86576461791992,32.86576461791992,0,yfinance
2015-04-24 00:00:00+00,AMCR,32.86576461791992,32.86576461791992,32.86576461791992,32.86576461791992,0,yfinance
2015-04-27 00:00:00+00,AMCR,32.86576461791992,32.86576461791992,32.86576461791992,32.86576461791992,0,yfinance
2015-04-28 00:00:00+00,AMCR,32.86576461791992,32.86576461791992,32.86576461791992,32.86576461791992,0,yfinance
2015-04-29 00:00:00+00,AMCR,32.86576461791992,32.86576461791992,32.86576461791992,32.86576461791992,0,yfinance
2015-04-30 00:00:00+00,AMCR,32.86576461791992,32.86576461791992,32.86576461791992,32.86576461791992,0,yfinance
2015-05-01 00:00:00+00,AMCR,32.86576461791992,32.86576461791992,32.86576461791992,32.86576461791992,0,yfinance
2015-05-04 00:00:00+00,AMCR,32.86576461791992,32.86576461791992,32.86576461791992,32.86576461791992,0,yfinance
2015-05-05 00:00:00+00,AMCR,32.86576461791992,32.86576461791992,32.86576461791992,32.86576461791992,0,yfinance
2015-05-06 00:00:00+00,AMCR,32.86576461791992,32.86576461791992,32.86576461791992,32.86576461791992,0,yfinance
2015-05-07 00:00:00+00,AMCR,32.37014389038086,32.37014389038086,32.37014389038086,32.37014389038086,260,yfinance
2015-05-08 00:00:00+00,AMCR,32.86576461791992,32.86576461791992,32.86576461791992,32.86576461791992,100,yfinance
2015-05-11 00:00:00+00,AMCR,32.86576461791992,32.86576461791992,32.86576461791992,32.86576461791992,0,yfinance
2015-05-12 00:00:00+00,AMCR,32.86576461791992,32.86576461791992,32.86576461791992,32.86576461791992,0,yfinance
2015-05-13 00:00:00+00,AMCR,32.86576461791992,32.86576461791992,32.86576461791992,32.86576461791992,0,yfinance
2015-05-14 00:00:00+00,AMCR,32.86576461791992,32.86576461791992,32.86576461791992,32.86576461791992,0,yfinance
2015-05-15 00:00:00+00,AMCR,32.86576461791992,32.86576461791992,32.86576461791992,32.86576461791992,0,yfinance
2015-05-18 00:00:00+00,AMCR,32.86576461791992,32.86576461791992,32.86576461791992,32.86576461791992,0,yfinance
2015-05-19 00:00:00+00,AMCR,32.86576461791992,32.86576461791992,32.86576461791992,32.86576461791992,0,yfinance
2015-05-20 00:00:00+00,AMCR,32.86576461791992,32.86576461791992,32.86576461791992,32.86576461791992,0,yfinance
2015-05-21 00:00:00+00,AMCR,32.86576461791992,32.86576461791992,32.86576461791992,32.86576461791992,0,yfinance
2015-05-22 00:00:00+00,AMCR,32.86576461791992,32.86576461791992,32.86576461791992,32.86576461791992,0,yfinance
2015-05-26 00:00:00+00,AMCR,32.86576461791992,32.86576461791992,32.86576461791992,32.86576461791992,0,yfinance
2015-05-27 00:00:00+00,AMCR,32.86576461791992,32.86576461791992,32.86576461791992,32.86576461791992,0,yfinance
2015-05-28 00:00:00+00,AMCR,32.86576461791992,32.86576461791992,32.86576461791992,32.86576461791992,0,yfinance
2015-05-29 00:00:00+00,AMCR,32.86576461791992,32.86576461791992,32.86576461791992,32.86576461791992,0,yfinance
2015-06-01 00:00:00+00,AMCR,32.86576461791992,32.86576461791992,32.86576461791992,32.86576461791992,0,yfinance
2015-06-02 00:00:00+00,AMCR,32.86576461791992,32.86576461791992,32.86576461791992,32.86576461791992,0,yfinance
2015-06-03 00:00:00+00,AMCR,32.86576461791992,32.86576461791992,32.86576461791992,32.86576461791992,0,yfinance
2015-06-04 00:00:00+00,AMCR,32.86576461791992,32.86576461791992,32.86576461791992,32.86576461791992,0,yfinance
2015-06-05 00:00:00+00,AMCR,32.86576461791992,32.86576461791992,32.86576461791992,32.86576461791992,0,yfinance
2015-06-08 00:00:00+00,AMCR,32.86576461791992,32.86576461791992,32.86576461791992,32.86576461791992,0,yfinance
2015-06-09 00:00:00+00,AMCR,32.86576461791992,32.86576461791992,32.86576461791992,32.86576461791992,0,yfinance
2015-06-10 00:00:00+00,AMCR,32.86576461791992,32.86576461791992,32.86576461791992,32.86576461791992,0,yfinance
2015-06-11 00:00:00+00,AMCR,32.86576461791992,32.86576461791992,32.86576461791992,32.86576461791992,0,yfinance
2015-06-12 00:00:00+00,AMCR,32.86576461791992,32.86576461791992,32.86576461791992,32.86576461791992,0,yfinance
2015-06-15 00:00:00+00,AMCR,32.86576461791992,32.86576461791992,32.86576461791992,32.86576461791992,0,yfinance
2015-06-16 00:00:00+00,AMCR,32.86576461791992,32.86576461791992,32.86576461791992,32.86576461791992,0,yfinance
2015-06-17 00:00:00+00,AMCR,32.86576461791992,32.86576461791992,32.86576461791992,32.86576461791992,0,yfinance
2015-06-18 00:00:00+00,AMCR,32.86576461791992,32.86576461791992,32.86576461791992,32.86576461791992,0,yfinance
2015-06-19 00:00:00+00,AMCR,32.86576461791992,32.86576461791992,32.86576461791992,32.86576461791992,0,yfinance
2015-06-22 00:00:00+00,AMCR,32.86576461791992,32.86576461791992,32.86576461791992,32.86576461791992,0,yfinance
2015-06-23 00:00:00+00,AMCR,32.86576461791992,32.86576461791992,32.86576461791992,32.86576461791992,0,yfinance
2015-06-24 00:00:00+00,AMCR,32.86576461791992,32.86576461791992,32.86576461791992,32.86576461791992,0,yfinance
2015-06-25 00:00:00+00,AMCR,32.86576461791992,32.86576461791992,32.86576461791992,32.86576461791992,0,yfinance
2015-06-26 00:00:00+00,AMCR,32.86576461791992,32.86576461791992,32.86576461791992,32.86576461791992,0,yfinance
2015-06-29 00:00:00+00,AMCR,32.86576461791992,32.86576461791992,32.86576461791992,32.86576461791992,0,yfinance
2015-06-30 00:00:00+00,AMCR,32.86576461791992,32.86576461791992,32.86576461791992,32.86576461791992,0,yfinance
2015-07-01 00:00:00+00,AMCR,32.86576461791992,32.86576461791992,32.86576461791992,32.86576461791992,0,yfinance
2015-07-02 00:00:00+00,AMCR,32.86576461791992,32.86576461791992,32.86576461791992,32.86576461791992,0,yfinance
2015-07-06 00:00:00+00,AMCR,32.86576461791992,32.86576461791992,32.86576461791992,32.86576461791992,0,yfinance
2015-07-07 00:00:00+00,AMCR,32.86576461791992,32.86576461791992,32.86576461791992,32.86576461791992,0,yfinance
2015-07-08 00:00:00+00,AMCR,32.86576461791992,32.86576461791992,32.86576461791992,32.86576461791992,0,yfinance
2015-07-09 00:00:00+00,AMCR,32.86576461791992,32.86576461791992,32.86576461791992,32.86576461791992,0,yfinance
2015-07-10 00:00:00+00,AMCR,32.86576461791992,32.86576461791992,32.86576461791992,32.86576461791992,0,yfinance
2015-07-13 00:00:00+00,AMCR,32.86576461791992,32.86576461791992,32.86576461791992,32.86576461791992,0,yfinance
2015-07-14 00:00:00+00,AMCR,32.86576461791992,32.86576461791992,32.86576461791992,32.86576461791992,0,yfinance
2015-07-15 00:00:00+00,AMCR,32.86576461791992,32.86576461791992,32.86576461791992,32.86576461791992,0,yfinance
2015-07-16 00:00:00+00,AMCR,32.86576461791992,32.86576461791992,32.86576461791992,32.86576461791992,0,yfinance
2015-07-17 00:00:00+00,AMCR,32.86576461791992,32.86576461791992,32.86576461791992,32.86576461791992,0,yfinance
2015-07-20 00:00:00+00,AMCR,32.86576461791992,32.86576461791992,32.86576461791992,32.86576461791992,0,yfinance
2015-07-21 00:00:00+00,AMCR,32.86576461791992,32.86576461791992,32.86576461791992,32.86576461791992,0,yfinance
2015-07-22 00:00:00+00,AMCR,32.463069915771484,32.463069915771484,32.463069915771484,32.463069915771484,360,yfinance
2015-07-23 00:00:00+00,AMCR,32.463069915771484,32.463069915771484,32.463069915771484,32.463069915771484,0,yfinance
2015-07-24 00:00:00+00,AMCR,32.463069915771484,32.463069915771484,32.463069915771484,32.463069915771484,0,yfinance
2015-07-27 00:00:00+00,AMCR,32.463069915771484,32.463069915771484,32.463069915771484,32.463069915771484,0,yfinance
2015-07-28 00:00:00+00,AMCR,32.215274810791016,32.215274810791016,32.215274810791016,32.215274810791016,200,yfinance
2015-07-29 00:00:00+00,AMCR,32.215274810791016,32.215274810791016,32.215274810791016,32.215274810791016,0,yfinance
2015-07-30 00:00:00+00,AMCR,32.215274810791016,32.215274810791016,32.215274810791016,32.215274810791016,0,yfinance
2015-07-31 00:00:00+00,AMCR,32.215274810791016,32.215274810791016,32.215274810791016,32.215274810791016,0,yfinance
2015-08-03 00:00:00+00,AMCR,31.905498504638672,31.905498504638672,31.905498504638672,31.905498504638672,200,yfinance
2015-08-04 00:00:00+00,AMCR,31.905498504638672,31.905498504638672,31.905498504638672,31.905498504638672,0,yfinance
2015-08-05 00:00:00+00,AMCR,31.905498504638672,31.905498504638672,31.905498504638672,31.905498504638672,0,yfinance
2015-08-06 00:00:00+00,AMCR,31.905498504638672,31.905498504638672,31.905498504638672,31.905498504638672,0,yfinance
2015-08-07 00:00:00+00,AMCR,31.905498504638672,31.905498504638672,31.905498504638672,31.905498504638672,0,yfinance
2015-08-10 00:00:00+00,AMCR,31.905498504638672,31.905498504638672,31.905498504638672,31.905498504638672,0,yfinance
2015-08-11 00:00:00+00,AMCR,31.905498504638672,31.905498504638672,31.905498504638672,31.905498504638672,0,yfinance
2015-08-12 00:00:00+00,AMCR,31.905498504638672,31.905498504638672,31.905498504638672,31.905498504638672,0,yfinance
2015-08-13 00:00:00+00,AMCR,31.905498504638672,31.905498504638672,31.905498504638672,31.905498504638672,0,yfinance
2015-08-14 00:00:00+00,AMCR,31.905498504638672,31.905498504638672,31.905498504638672,31.905498504638672,0,yfinance
2015-08-17 00:00:00+00,AMCR,31.905498504638672,31.905498504638672,31.905498504638672,31.905498504638672,0,yfinance
2015-08-18 00:00:00+00,AMCR,31.905498504638672,31.905498504638672,31.905498504638672,31.905498504638672,0,yfinance
2015-08-19 00:00:00+00,AMCR,31.905498504638672,31.905498504638672,31.905498504638672,31.905498504638672,0,yfinance
2015-08-20 00:00:00+00,AMCR,31.905498504638672,31.905498504638672,31.905498504638672,31.905498504638672,0,yfinance
2015-08-21 00:00:00+00,AMCR,31.905498504638672,31.905498504638672,31.905498504638672,31.905498504638672,0,yfinance
2015-08-24 00:00:00+00,AMCR,31.905498504638672,31.905498504638672,31.905498504638672,31.905498504638672,0,yfinance
2015-08-25 00:00:00+00,AMCR,31.905498504638672,31.905498504638672,31.905498504638672,31.905498504638672,0,yfinance
2015-08-26 00:00:00+00,AMCR,31.905498504638672,31.905498504638672,31.905498504638672,31.905498504638672,400,yfinance
2015-08-27 00:00:00+00,AMCR,29.117645263671875,29.117645263671875,29.117645263671875,29.117645263671875,1820,yfinance
2015-08-28 00:00:00+00,AMCR,29.117645263671875,29.117645263671875,29.117645263671875,29.117645263671875,0,yfinance
2015-08-31 00:00:00+00,AMCR,29.117645263671875,29.117645263671875,29.117645263671875,29.117645263671875,0,yfinance
2015-09-01 00:00:00+00,AMCR,29.117645263671875,29.117645263671875,29.117645263671875,29.117645263671875,0,yfinance
2015-09-02 00:00:00+00,AMCR,29.117645263671875,29.117645263671875,29.117645263671875,29.117645263671875,0,yfinance
2015-09-03 00:00:00+00,AMCR,29.117645263671875,29.117645263671875,29.117645263671875,29.117645263671875,0,yfinance
2015-09-04 00:00:00+00,AMCR,29.117645263671875,29.117645263671875,29.117645263671875,29.117645263671875,0,yfinance
2015-09-08 00:00:00+00,AMCR,29.74094009399414,29.74094009399414,29.74094009399414,29.74094009399414,0,yfinance
2015-09-09 00:00:00+00,AMCR,29.74094009399414,29.74094009399414,29.74094009399414,29.74094009399414,0,yfinance
2015-09-10 00:00:00+00,AMCR,29.74094009399414,29.74094009399414,29.74094009399414,29.74094009399414,0,yfinance
2015-09-11 00:00:00+00,AMCR,29.74094009399414,29.74094009399414,29.74094009399414,29.74094009399414,0,yfinance
2015-09-14 00:00:00+00,AMCR,29.74094009399414,29.74094009399414,29.74094009399414,29.74094009399414,0,yfinance
2015-09-15 00:00:00+00,AMCR,29.74094009399414,29.74094009399414,29.74094009399414,29.74094009399414,0,yfinance
2015-09-16 00:00:00+00,AMCR,29.74094009399414,29.74094009399414,29.74094009399414,29.74094009399414,0,yfinance
2015-09-17 00:00:00+00,AMCR,29.74094009399414,29.74094009399414,29.74094009399414,29.74094009399414,0,yfinance
2015-09-18 00:00:00+00,AMCR,29.74094009399414,29.74094009399414,29.74094009399414,29.74094009399414,620,yfinance
2015-09-21 00:00:00+00,AMCR,29.74094009399414,29.74094009399414,29.74094009399414,29.74094009399414,0,yfinance
2015-09-22 00:00:00+00,AMCR,29.74094009399414,29.74094009399414,29.74094009399414,29.74094009399414,0,yfinance
2015-09-23 00:00:00+00,AMCR,29.74094009399414,29.74094009399414,29.74094009399414,29.74094009399414,0,yfinance
2015-09-24 00:00:00+00,AMCR,29.74094009399414,29.74094009399414,29.74094009399414,29.74094009399414,0,yfinance
2015-09-25 00:00:00+00,AMCR,29.74094009399414,29.74094009399414,29.74094009399414,29.74094009399414,0,yfinance
2015-09-28 00:00:00+00,AMCR,29.74094009399414,29.74094009399414,29.74094009399414,29.74094009399414,0,yfinance
2015-09-29 00:00:00+00,AMCR,29.74094009399414,29.74094009399414,29.74094009399414,29.74094009399414,0,yfinance
2015-09-30 00:00:00+00,AMCR,29.74094009399414,29.74094009399414,29.74094009399414,29.74094009399414,0,yfinance
2015-10-01 00:00:00+00,AMCR,29.74094009399414,29.74094009399414,29.74094009399414,29.74094009399414,0,yfinance
2015-10-02 00:00:00+00,AMCR,29.74094009399414,29.74094009399414,29.74094009399414,29.74094009399414,0,yfinance
2015-10-05 00:00:00+00,AMCR,29.74094009399414,29.74094009399414,29.74094009399414,29.74094009399414,0,yfinance
2015-10-06 00:00:00+00,AMCR,29.74094009399414,29.74094009399414,29.74094009399414,29.74094009399414,0,yfinance
2015-10-07 00:00:00+00,AMCR,29.74094009399414,29.74094009399414,29.74094009399414,29.74094009399414,0,yfinance
2015-10-08 00:00:00+00,AMCR,29.74094009399414,29.74094009399414,29.74094009399414,29.74094009399414,0,yfinance
2015-10-09 00:00:00+00,AMCR,29.74094009399414,29.74094009399414,29.74094009399414,29.74094009399414,0,yfinance
2015-10-12 00:00:00+00,AMCR,29.74094009399414,29.74094009399414,29.74094009399414,29.74094009399414,0,yfinance
2015-10-13 00:00:00+00,AMCR,29.74094009399414,29.74094009399414,29.74094009399414,29.74094009399414,0,yfinance
2015-10-14 00:00:00+00,AMCR,29.74094009399414,29.74094009399414,29.74094009399414,29.74094009399414,0,yfinance
2015-10-15 00:00:00+00,AMCR,29.867492675781254,29.867492675781254,29.867492675781254,29.86749267578125,120,yfinance
2015-10-16 00:00:00+00,AMCR,29.867492675781254,29.867492675781254,29.867492675781254,29.86749267578125,0,yfinance
2015-10-19 00:00:00+00,AMCR,29.867492675781254,29.867492675781254,29.867492675781254,29.86749267578125,0,yfinance
2015-10-20 00:00:00+00,AMCR,29.867492675781254,29.867492675781254,29.867492675781254,29.86749267578125,0,yfinance
2015-10-21 00:00:00+00,AMCR,29.867492675781254,29.867492675781254,29.867492675781254,29.86749267578125,0,yfinance
2015-10-22 00:00:00+00,AMCR,29.867492675781254,29.867492675781254,29.867492675781254,29.86749267578125,0,yfinance
2015-10-23 00:00:00+00,AMCR,29.867492675781254,29.867492675781254,29.867492675781254,29.86749267578125,0,yfinance
2015-10-26 00:00:00+00,AMCR,29.867492675781254,29.867492675781254,29.867492675781254,29.86749267578125,0,yfinance
2015-10-27 00:00:00+00,AMCR,29.867492675781254,29.867492675781254,29.867492675781254,29.86749267578125,0,yfinance
2015-10-28 00:00:00+00,AMCR,29.867492675781254,29.867492675781254,29.867492675781254,29.86749267578125,0,yfinance
2015-10-29 00:00:00+00,AMCR,29.867492675781254,29.867492675781254,29.867492675781254,29.86749267578125,0,yfinance
2015-10-30 00:00:00+00,AMCR,29.867492675781254,29.867492675781254,29.867492675781254,29.86749267578125,0,yfinance
2015-11-02 00:00:00+00,AMCR,29.867492675781254,29.867492675781254,29.867492675781254,29.86749267578125,0,yfinance
2015-11-03 00:00:00+00,AMCR,29.867492675781254,29.867492675781254,29.867492675781254,29.86749267578125,0,yfinance
2015-11-04 00:00:00+00,AMCR,29.867492675781254,29.867492675781254,29.867492675781254,29.86749267578125,0,yfinance
2015-11-05 00:00:00+00,AMCR,29.83586311340332,29.83586311340332,29.83586311340332,29.83586311340332,20,yfinance
2015-11-06 00:00:00+00,AMCR,29.83586311340332,29.83586311340332,29.83586311340332,29.83586311340332,0,yfinance
2015-11-09 00:00:00+00,AMCR,29.83586311340332,29.83586311340332,29.83586311340332,29.83586311340332,0,yfinance
2015-11-10 00:00:00+00,AMCR,29.83586311340332,29.83586311340332,29.83586311340332,29.83586311340332,0,yfinance
2015-11-11 00:00:00+00,AMCR,29.83586311340332,29.83586311340332,29.83586311340332,29.83586311340332,0,yfinance
2015-11-12 00:00:00+00,AMCR,30.56356430053711,30.56356430053711,30.56356430053711,30.56356430053711,20,yfinance
2015-11-13 00:00:00+00,AMCR,30.56356430053711,30.56356430053711,30.56356430053711,30.56356430053711,0,yfinance
2015-11-16 00:00:00+00,AMCR,30.56356430053711,30.56356430053711,30.56356430053711,30.56356430053711,0,yfinance
2015-11-17 00:00:00+00,AMCR,30.56356430053711,30.56356430053711,30.56356430053711,30.56356430053711,0,yfinance
2015-11-18 00:00:00+00,AMCR,30.56356430053711,30.56356430053711,30.56356430053711,30.56356430053711,0,yfinance
2015-11-19 00:00:00+00,AMCR,30.56356430053711,30.56356430053711,30.56356430053711,30.56356430053711,0,yfinance
2015-11-20 00:00:00+00,AMCR,30.56356430053711,30.56356430053711,30.56356430053711,30.56356430053711,0,yfinance
2015-11-23 00:00:00+00,AMCR,30.56356430053711,30.56356430053711,30.56356430053711,30.56356430053711,0,yfinance
2015-11-24 00:00:00+00,AMCR,30.56356430053711,30.56356430053711,30.56356430053711,30.56356430053711,0,yfinance
2015-11-25 00:00:00+00,AMCR,30.56356430053711,30.56356430053711,30.56356430053711,30.56356430053711,0,yfinance
2015-11-27 00:00:00+00,AMCR,30.56356430053711,30.56356430053711,30.56356430053711,30.56356430053711,0,yfinance
2015-11-30 00:00:00+00,AMCR,30.56356430053711,30.56356430053711,30.56356430053711,30.56356430053711,0,yfinance
2015-12-01 00:00:00+00,AMCR,30.56356430053711,30.56356430053711,30.56356430053711,30.56356430053711,0,yfinance
2015-12-02 00:00:00+00,AMCR,30.56356430053711,30.56356430053711,30.56356430053711,30.56356430053711,0,yfinance
2015-12-03 00:00:00+00,AMCR,30.56356430053711,30.56356430053711,30.56356430053711,30.56356430053711,0,yfinance
2015-12-04 00:00:00+00,AMCR,30.56356430053711,30.56356430053711,30.56356430053711,30.56356430053711,0,yfinance
2015-12-07 00:00:00+00,AMCR,30.56356430053711,30.56356430053711,30.56356430053711,30.56356430053711,0,yfinance
2015-12-08 00:00:00+00,AMCR,30.56356430053711,30.56356430053711,30.56356430053711,30.56356430053711,0,yfinance
2015-12-09 00:00:00+00,AMCR,30.152240753173828,30.152240753173828,30.152240753173828,30.152240753173828,200,yfinance
2015-12-10 00:00:00+00,AMCR,30.152240753173828,30.152240753173828,30.152240753173828,30.152240753173828,0,yfinance
2015-12-11 00:00:00+00,AMCR,30.152240753173828,30.152240753173828,30.152240753173828,30.152240753173828,0,yfinance
2015-12-14 00:00:00+00,AMCR,30.152240753173828,30.152240753173828,30.152240753173828,30.152240753173828,0,yfinance
2015-12-15 00:00:00+00,AMCR,30.152240753173828,30.152240753173828,30.152240753173828,30.152240753173828,0,yfinance
2015-12-16 00:00:00+00,AMCR,30.152240753173828,30.152240753173828,30.152240753173828,30.152240753173828,0,yfinance
2015-12-17 00:00:00+00,AMCR,30.152240753173828,30.152240753173828,30.152240753173828,30.152240753173828,0,yfinance
2015-12-18 00:00:00+00,AMCR,30.152240753173828,30.152240753173828,30.152240753173828,30.152240753173828,0,yfinance
2015-12-21 00:00:00+00,AMCR,29.614381790161133,29.614381790161133,29.614381790161133,29.614381790161133,260,yfinance
2015-12-22 00:00:00+00,AMCR,30.152240753173828,30.152240753173828,30.152240753173828,30.152240753173828,60,yfinance
2015-12-23 00:00:00+00,AMCR,30.152240753173828,30.152240753173828,30.152240753173828,30.152240753173828,2080,yfinance
2015-12-24 00:00:00+00,AMCR,30.152240753173828,30.152240753173828,30.152240753173828,30.152240753173828,0,yfinance
2015-12-28 00:00:00+00,AMCR,30.152240753173828,30.152240753173828,30.152240753173828,30.152240753173828,0,yfinance
2015-12-29 00:00:00+00,AMCR,30.152240753173828,30.152240753173828,30.152240753173828,30.152240753173828,0,yfinance
2015-12-30 00:00:00+00,AMCR,30.152240753173828,30.152240753173828,30.152240753173828,30.152240753173828,0,yfinance
2015-12-31 00:00:00+00,AMCR,30.531921386718746,30.531921386718746,30.531921386718746,30.53192138671875,120,yfinance
2016-01-04 00:00:00+00,AMCR,30.531921386718746,30.531921386718746,30.531921386718746,30.53192138671875,0,yfinance
2016-01-05 00:00:00+00,AMCR,29.899131485581297,29.899131485581297,29.867492675781254,29.86749267578125,7360,yfinance
2016-01-06 00:00:00+00,AMCR,29.867492675781254,29.867492675781254,29.867492675781254,29.86749267578125,0,yfinance
2016-01-07 00:00:00+00,AMCR,29.867492675781254,29.867492675781254,29.867492675781254,29.86749267578125,0,yfinance
2016-01-08 00:00:00+00,AMCR,29.867492675781254,29.867492675781254,29.867492675781254,29.86749267578125,0,yfinance
2016-01-11 00:00:00+00,AMCR,28.63356590270996,28.63356590270996,28.63356590270996,28.63356590270996,100,yfinance
2016-01-12 00:00:00+00,AMCR,27.526185989379883,27.526185989379883,27.526185989379883,27.526185989379883,60,yfinance
2016-01-13 00:00:00+00,AMCR,27.526185989379883,27.526185989379883,27.526185989379883,27.526185989379883,0,yfinance
2016-01-14 00:00:00+00,AMCR,27.526185989379883,27.526185989379883,27.526185989379883,27.526185989379883,0,yfinance
2016-01-15 00:00:00+00,AMCR,27.526185989379883,27.526185989379883,27.526185989379883,27.526185989379883,0,yfinance
2016-01-19 00:00:00+00,AMCR,27.526185989379883,27.526185989379883,27.526185989379883,27.526185989379883,0,yfinance
2016-01-20 00:00:00+00,AMCR,27.526185989379883,27.526185989379883,27.526185989379883,27.526185989379883,0,yfinance
2016-01-21 00:00:00+00,AMCR,27.526185989379883,27.526185989379883,27.526185989379883,27.526185989379883,0,yfinance
2016-01-22 00:00:00+00,AMCR,27.526185989379883,27.526185989379883,27.526185989379883,27.526185989379883,0,yfinance
2016-01-25 00:00:00+00,AMCR,27.526185989379883,27.526185989379883,27.526185989379883,27.526185989379883,0,yfinance
2016-01-26 00:00:00+00,AMCR,27.526185989379883,27.526185989379883,27.526185989379883,27.526185989379883,0,yfinance
2016-01-27 00:00:00+00,AMCR,27.526185989379883,27.526185989379883,27.526185989379883,27.526185989379883,0,yfinance
2016-01-28 00:00:00+00,AMCR,27.526185989379883,27.526185989379883,27.526185989379883,27.526185989379883,0,yfinance
2016-01-29 00:00:00+00,AMCR,27.526185989379883,27.526185989379883,27.526185989379883,27.526185989379883,0,yfinance
2016-02-01 00:00:00+00,AMCR,27.526185989379883,27.526185989379883,27.526185989379883,27.526185989379883,0,yfinance
2016-02-02 00:00:00+00,AMCR,27.526185989379883,27.526185989379883,27.526185989379883,27.526185989379883,0,yfinance
2016-02-03 00:00:00+00,AMCR,27.526185989379883,27.526185989379883,27.526185989379883,27.526185989379883,0,yfinance
2016-02-04 00:00:00+00,AMCR,27.526185989379883,27.526185989379883,27.526185989379883,27.526185989379883,0,yfinance
2016-02-05 00:00:00+00,AMCR,27.526185989379883,27.526185989379883,27.526185989379883,27.526185989379883,0,yfinance
2016-02-08 00:00:00+00,AMCR,27.526185989379883,27.526185989379883,27.526185989379883,27.526185989379883,0,yfinance
2016-02-09 00:00:00+00,AMCR,27.526185989379883,27.526185989379883,27.526185989379883,27.526185989379883,0,yfinance
2016-02-10 00:00:00+00,AMCR,27.526185989379883,27.526185989379883,27.526185989379883,27.526185989379883,0,yfinance
2016-02-11 00:00:00+00,AMCR,27.526185989379883,27.526185989379883,27.526185989379883,27.526185989379883,0,yfinance
2016-02-12 00:00:00+00,AMCR,27.526185989379883,27.526185989379883,27.526185989379883,27.526185989379883,0,yfinance
2016-02-16 00:00:00+00,AMCR,27.526185989379883,27.526185989379883,27.526185989379883,27.526185989379883,0,yfinance
2016-02-17 00:00:00+00,AMCR,27.526185989379883,27.526185989379883,27.526185989379883,27.526185989379883,1000,yfinance
2016-02-18 00:00:00+00,AMCR,27.526185989379883,27.526185989379883,27.526185989379883,27.526185989379883,0,yfinance
2016-02-19 00:00:00+00,AMCR,27.526185989379883,27.526185989379883,27.526185989379883,27.526185989379883,0,yfinance
2016-02-22 00:00:00+00,AMCR,27.526185989379883,27.526185989379883,27.526185989379883,27.526185989379883,0,yfinance
2016-02-23 00:00:00+00,AMCR,28.15067863464355,28.15067863464355,28.15067863464355,28.150678634643555,0,yfinance
2016-02-24 00:00:00+00,AMCR,28.15067863464355,28.15067863464355,28.15067863464355,28.150678634643555,0,yfinance
2016-02-25 00:00:00+00,AMCR,28.15067863464355,28.15067863464355,28.15067863464355,28.150678634643555,0,yfinance
2016-02-26 00:00:00+00,AMCR,28.15067863464355,28.15067863464355,28.15067863464355,28.150678634643555,0,yfinance
2016-02-29 00:00:00+00,AMCR,28.15067863464355,28.15067863464355,28.15067863464355,28.150678634643555,0,yfinance
2016-03-01 00:00:00+00,AMCR,28.15067863464355,28.15067863464355,28.15067863464355,28.150678634643555,0,yfinance
2016-03-02 00:00:00+00,AMCR,28.15067863464355,28.15067863464355,28.15067863464355,28.150678634643555,0,yfinance
2016-03-03 00:00:00+00,AMCR,28.15067863464355,28.15067863464355,28.15067863464355,28.150678634643555,0,yfinance
2016-03-04 00:00:00+00,AMCR,28.15067863464355,28.15067863464355,28.15067863464355,28.150678634643555,0,yfinance
2016-03-07 00:00:00+00,AMCR,28.15067863464355,28.15067863464355,28.15067863464355,28.150678634643555,0,yfinance
2016-03-08 00:00:00+00,AMCR,28.15067863464355,28.15067863464355,28.15067863464355,28.150678634643555,0,yfinance
2016-03-09 00:00:00+00,AMCR,28.15067863464355,28.15067863464355,28.15067863464355,28.150678634643555,1080,yfinance
2016-03-10 00:00:00+00,AMCR,33.87788772583008,33.87788772583008,33.87788772583008,33.87788772583008,6000,yfinance
2016-03-11 00:00:00+00,AMCR,33.87788772583008,33.87788772583008,33.87788772583008,33.87788772583008,0,yfinance
2016-03-14 00:00:00+00,AMCR,33.87788772583008,33.87788772583008,33.87788772583008,33.87788772583008,0,yfinance
2016-03-15 00:00:00+00,AMCR,33.87788772583008,33.87788772583008,33.87788772583008,33.87788772583008,0,yfinance
2016-03-16 00:00:00+00,AMCR,33.87788772583008,33.87788772583008,33.87788772583008,33.87788772583008,0,yfinance
2016-03-17 00:00:00+00,AMCR,33.87788772583008,33.87788772583008,33.87788772583008,33.87788772583008,0,yfinance
2016-03-18 00:00:00+00,AMCR,33.87788772583008,33.87788772583008,33.87788772583008,33.87788772583008,0,yfinance
2016-03-21 00:00:00+00,AMCR,33.87788772583008,33.87788772583008,33.87788772583008,33.87788772583008,0,yfinance
2016-03-22 00:00:00+00,AMCR,33.87788772583008,33.87788772583008,33.87788772583008,33.87788772583008,0,yfinance
2016-03-23 00:00:00+00,AMCR,33.87788772583008,33.87788772583008,33.87788772583008,33.87788772583008,0,yfinance
2016-03-24 00:00:00+00,AMCR,33.87788772583008,33.87788772583008,33.87788772583008,33.87788772583008,0,yfinance
2016-03-28 00:00:00+00,AMCR,33.87788772583008,33.87788772583008,33.87788772583008,33.87788772583008,0,yfinance
2016-03-29 00:00:00+00,AMCR,33.87788772583008,33.87788772583008,33.87788772583008,33.87788772583008,0,yfinance
2016-03-30 00:00:00+00,AMCR,33.87788772583008,33.87788772583008,33.87788772583008,33.87788772583008,0,yfinance
2016-03-31 00:00:00+00,AMCR,33.87788772583008,33.87788772583008,33.87788772583008,33.87788772583008,0,yfinance
2016-04-01 00:00:00+00,AMCR,33.87788772583008,33.87788772583008,33.87788772583008,33.87788772583008,0,yfinance
2016-04-04 00:00:00+00,AMCR,33.87788772583008,33.87788772583008,33.87788772583008,33.87788772583008,0,yfinance
2016-04-05 00:00:00+00,AMCR,33.87788772583008,33.87788772583008,33.87788772583008,33.87788772583008,0,yfinance
2016-04-06 00:00:00+00,AMCR,33.87788772583008,33.87788772583008,33.87788772583008,33.87788772583008,0,yfinance
2016-04-07 00:00:00+00,AMCR,35.10745620727539,35.10745620727539,35.10745620727539,35.10745620727539,80,yfinance
2016-04-08 00:00:00+00,AMCR,35.10745620727539,35.10745620727539,35.10745620727539,35.10745620727539,0,yfinance
2016-04-11 00:00:00+00,AMCR,35.59281539916992,35.59281539916992,35.59281539916992,35.59281539916992,360,yfinance
2016-04-12 00:00:00+00,AMCR,35.59281539916992,35.59281539916992,35.59281539916992,35.59281539916992,0,yfinance
2016-04-13 00:00:00+00,AMCR,35.59281539916992,35.59281539916992,35.59281539916992,35.59281539916992,0,yfinance
2016-04-14 00:00:00+00,AMCR,35.59281539916992,35.59281539916992,35.59281539916992,35.59281539916992,0,yfinance
2016-04-15 00:00:00+00,AMCR,35.59281539916992,35.59281539916992,35.59281539916992,35.59281539916992,0,yfinance
2016-04-18 00:00:00+00,AMCR,35.59281539916992,35.59281539916992,35.59281539916992,35.59281539916992,0,yfinance
2016-04-19 00:00:00+00,AMCR,35.59281539916992,35.59281539916992,35.59281539916992,35.59281539916992,2000,yfinance
2016-04-20 00:00:00+00,AMCR,35.59281539916992,35.59281539916992,35.59281539916992,35.59281539916992,0,yfinance
2016-04-21 00:00:00+00,AMCR,35.59281539916992,35.59281539916992,35.59281539916992,35.59281539916992,0,yfinance
2016-04-22 00:00:00+00,AMCR,35.59281539916992,35.59281539916992,35.59281539916992,35.59281539916992,0,yfinance
2016-04-25 00:00:00+00,AMCR,35.59281539916992,35.59281539916992,35.59281539916992,35.59281539916992,0,yfinance
2016-04-26 00:00:00+00,AMCR,35.59281539916992,35.59281539916992,35.59281539916992,35.59281539916992,0,yfinance
2016-04-27 00:00:00+00,AMCR,35.59281539916992,35.59281539916992,35.59281539916992,35.59281539916992,0,yfinance
2016-04-28 00:00:00+00,AMCR,35.59281539916992,35.59281539916992,35.59281539916992,35.59281539916992,880,yfinance
2016-04-29 00:00:00+00,AMCR,35.59281539916992,35.59281539916992,35.59281539916992,35.59281539916992,0,yfinance
2016-05-02 00:00:00+00,AMCR,35.59281539916992,35.59281539916992,35.59281539916992,35.59281539916992,0,yfinance
2016-05-03 00:00:00+00,AMCR,35.59281539916992,35.59281539916992,35.59281539916992,35.59281539916992,1400,yfinance
2016-05-04 00:00:00+00,AMCR,38.019588130115174,38.051944732666016,38.019588130115174,38.051944732666016,7200,yfinance
2016-05-05 00:00:00+00,AMCR,38.051944732666016,38.051944732666016,38.051944732666016,38.051944732666016,0,yfinance
2016-05-06 00:00:00+00,AMCR,38.051944732666016,38.051944732666016,38.051944732666016,38.051944732666016,0,yfinance
2016-05-09 00:00:00+00,AMCR,38.051944732666016,38.051944732666016,38.051944732666016,38.051944732666016,0,yfinance
2016-05-10 00:00:00+00,AMCR,38.051944732666016,38.051944732666016,38.051944732666016,38.051944732666016,0,yfinance
2016-05-11 00:00:00+00,AMCR,38.051944732666016,38.051944732666016,38.051944732666016,38.051944732666016,0,yfinance
2016-05-12 00:00:00+00,AMCR,38.051944732666016,38.051944732666016,38.051944732666016,38.051944732666016,0,yfinance
2016-05-13 00:00:00+00,AMCR,38.051944732666016,38.051944732666016,38.051944732666016,38.051944732666016,0,yfinance
2016-05-16 00:00:00+00,AMCR,38.051944732666016,38.051944732666016,38.051944732666016,38.051944732666016,0,yfinance
2016-05-17 00:00:00+00,AMCR,38.051944732666016,38.051944732666016,38.051944732666016,38.051944732666016,0,yfinance
2016-05-18 00:00:00+00,AMCR,38.051944732666016,38.051944732666016,38.051944732666016,38.051944732666016,0,yfinance
2016-05-19 00:00:00+00,AMCR,38.051944732666016,38.051944732666016,38.051944732666016,38.051944732666016,0,yfinance
2016-05-20 00:00:00+00,AMCR,38.051944732666016,38.051944732666016,38.051944732666016,38.051944732666016,0,yfinance
2016-05-23 00:00:00+00,AMCR,38.051944732666016,38.051944732666016,38.051944732666016,38.051944732666016,0,yfinance
2016-05-24 00:00:00+00,AMCR,38.051944732666016,38.051944732666016,38.051944732666016,38.051944732666016,0,yfinance
2016-05-25 00:00:00+00,AMCR,38.051944732666016,38.051944732666016,38.051944732666016,38.051944732666016,0,yfinance
2016-05-26 00:00:00+00,AMCR,38.051944732666016,38.051944732666016,38.051944732666016,38.051944732666016,0,yfinance
2016-05-27 00:00:00+00,AMCR,38.051944732666016,38.051944732666016,38.051944732666016,38.051944732666016,0,yfinance
2016-05-31 00:00:00+00,AMCR,38.051944732666016,38.051944732666016,38.051944732666016,38.051944732666016,0,yfinance
2016-06-01 00:00:00+00,AMCR,38.051944732666016,38.051944732666016,38.051944732666016,38.051944732666016,0,yfinance
2016-06-02 00:00:00+00,AMCR,38.051944732666016,38.051944732666016,38.051944732666016,38.051944732666016,0,yfinance
2016-06-03 00:00:00+00,AMCR,38.051944732666016,38.051944732666016,38.051944732666016,38.051944732666016,0,yfinance
2016-06-06 00:00:00+00,AMCR,38.051944732666016,38.051944732666016,38.051944732666016,38.051944732666016,0,yfinance
2016-06-07 00:00:00+00,AMCR,38.56965637207031,38.56965637207031,38.56965637207031,38.56965637207031,260,yfinance
2016-06-08 00:00:00+00,AMCR,38.56965637207031,38.56965637207031,38.56965637207031,38.56965637207031,0,yfinance
2016-06-09 00:00:00+00,AMCR,36.17523956298828,36.17523956298828,36.17523956298828,36.17523956298828,40,yfinance
2016-06-10 00:00:00+00,AMCR,36.17523956298828,36.17523956298828,36.17523956298828,36.17523956298828,0,yfinance
2016-06-13 00:00:00+00,AMCR,36.17523956298828,36.17523956298828,36.17523956298828,36.17523956298828,0,yfinance
2016-06-14 00:00:00+00,AMCR,36.17523956298828,36.17523956298828,36.17523956298828,36.17523956298828,0,yfinance
2016-06-15 00:00:00+00,AMCR,36.17523956298828,36.17523956298828,36.17523956298828,36.17523956298828,0,yfinance
2016-06-16 00:00:00+00,AMCR,36.17523956298828,36.17523956298828,36.17523956298828,36.17523956298828,0,yfinance
2016-06-17 00:00:00+00,AMCR,36.17523956298828,36.17523956298828,36.17523956298828,36.17523956298828,0,yfinance
2016-06-20 00:00:00+00,AMCR,36.17523956298828,36.17523956298828,36.17523956298828,36.17523956298828,0,yfinance
2016-06-21 00:00:00+00,AMCR,36.17523956298828,36.17523956298828,36.17523956298828,36.17523956298828,0,yfinance
2016-06-22 00:00:00+00,AMCR,36.17523956298828,36.17523956298828,36.17523956298828,36.17523956298828,0,yfinance
2016-06-23 00:00:00+00,AMCR,36.17523956298828,36.17523956298828,36.17523956298828,36.17523956298828,0,yfinance
2016-06-24 00:00:00+00,AMCR,36.17523956298828,36.17523956298828,36.17523956298828,36.17523956298828,0,yfinance
2016-06-27 00:00:00+00,AMCR,36.17523956298828,36.17523956298828,36.17523956298828,36.17523956298828,0,yfinance
2016-06-28 00:00:00+00,AMCR,36.17523956298828,36.17523956298828,36.17523956298828,36.17523956298828,0,yfinance
2016-06-29 00:00:00+00,AMCR,36.17523956298828,36.17523956298828,36.17523956298828,36.17523956298828,0,yfinance
2016-06-30 00:00:00+00,AMCR,36.17523956298828,36.17523956298828,36.17523956298828,36.17523956298828,0,yfinance
2016-07-01 00:00:00+00,AMCR,35.916378021240234,35.916378021240234,35.916378021240234,35.916378021240234,40,yfinance
2016-07-05 00:00:00+00,AMCR,35.916378021240234,35.916378021240234,35.916378021240234,35.916378021240234,0,yfinance
2016-07-06 00:00:00+00,AMCR,35.916378021240234,35.916378021240234,35.916378021240234,35.916378021240234,0,yfinance
2016-07-07 00:00:00+00,AMCR,35.916378021240234,35.916378021240234,35.916378021240234,35.916378021240234,0,yfinance
2016-07-08 00:00:00+00,AMCR,35.916378021240234,35.916378021240234,35.916378021240234,35.916378021240234,0,yfinance
2016-07-11 00:00:00+00,AMCR,35.916378021240234,35.916378021240234,35.916378021240234,35.916378021240234,0,yfinance
2016-07-12 00:00:00+00,AMCR,35.916378021240234,35.916378021240234,35.916378021240234,35.916378021240234,0,yfinance
2016-07-13 00:00:00+00,AMCR,35.916378021240234,35.916378021240234,35.916378021240234,35.916378021240234,0,yfinance
2016-07-14 00:00:00+00,AMCR,35.916378021240234,35.916378021240234,35.916378021240234,35.916378021240234,0,yfinance
2016-07-15 00:00:00+00,AMCR,35.916378021240234,35.916378021240234,35.916378021240234,35.916378021240234,0,yfinance
2016-07-18 00:00:00+00,AMCR,35.916378021240234,35.916378021240234,35.916378021240234,35.916378021240234,0,yfinance
2016-07-19 00:00:00+00,AMCR,35.916378021240234,35.916378021240234,35.916378021240234,35.916378021240234,0,yfinance
2016-07-20 00:00:00+00,AMCR,35.916378021240234,35.916378021240234,35.916378021240234,35.916378021240234,0,yfinance
2016-07-21 00:00:00+00,AMCR,35.916378021240234,35.916378021240234,35.916378021240234,35.916378021240234,0,yfinance
2016-07-22 00:00:00+00,AMCR,35.916378021240234,35.916378021240234,35.916378021240234,35.916378021240234,0,yfinance
2016-07-25 00:00:00+00,AMCR,35.916378021240234,35.916378021240234,35.916378021240234,35.916378021240234,0,yfinance
2016-07-26 00:00:00+00,AMCR,35.916378021240234,35.916378021240234,35.916378021240234,35.916378021240234,0,yfinance
2016-07-27 00:00:00+00,AMCR,35.916378021240234,35.916378021240234,35.916378021240234,35.916378021240234,0,yfinance
2016-07-28 00:00:00+00,AMCR,36.40174865722656,36.40174865722656,36.40174865722656,36.40174865722656,1820,yfinance
2016-07-29 00:00:00+00,AMCR,36.40174865722656,36.40174865722656,36.40174865722656,36.40174865722656,0,yfinance
2016-08-01 00:00:00+00,AMCR,36.40174865722656,36.40174865722656,36.40174865722656,36.40174865722656,0,yfinance
2016-08-02 00:00:00+00,AMCR,36.40174865722656,36.40174865722656,36.40174865722656,36.40174865722656,0,yfinance
2016-08-03 00:00:00+00,AMCR,36.40174865722656,36.40174865722656,36.40174865722656,36.40174865722656,0,yfinance
2016-08-04 00:00:00+00,AMCR,36.40174865722656,36.40174865722656,36.40174865722656,36.40174865722656,0,yfinance
2016-08-05 00:00:00+00,AMCR,36.40174865722656,36.40174865722656,36.40174865722656,36.40174865722656,0,yfinance
2016-08-08 00:00:00+00,AMCR,36.40174865722656,36.40174865722656,36.40174865722656,36.40174865722656,0,yfinance
2016-08-09 00:00:00+00,AMCR,36.40174865722656,36.40174865722656,36.40174865722656,36.40174865722656,0,yfinance
2016-08-10 00:00:00+00,AMCR,36.40174865722656,36.40174865722656,36.40174865722656,36.40174865722656,0,yfinance
2016-08-11 00:00:00+00,AMCR,36.40174865722656,36.40174865722656,36.40174865722656,36.40174865722656,0,yfinance
2016-08-12 00:00:00+00,AMCR,36.40174865722656,36.40174865722656,36.40174865722656,36.40174865722656,0,yfinance
2016-08-15 00:00:00+00,AMCR,36.40174865722656,36.40174865722656,36.40174865722656,36.40174865722656,0,yfinance
2016-08-16 00:00:00+00,AMCR,36.40174865722656,36.40174865722656,36.40174865722656,36.40174865722656,0,yfinance
2016-08-17 00:00:00+00,AMCR,37.890167236328125,37.890167236328125,37.890167236328125,37.890167236328125,140,yfinance
2016-08-18 00:00:00+00,AMCR,37.890167236328125,37.890167236328125,37.890167236328125,37.890167236328125,0,yfinance
2016-08-19 00:00:00+00,AMCR,37.890167236328125,37.890167236328125,37.890167236328125,37.890167236328125,0,yfinance
2016-08-22 00:00:00+00,AMCR,37.890167236328125,37.890167236328125,37.890167236328125,37.890167236328125,0,yfinance
2016-08-23 00:00:00+00,AMCR,37.890167236328125,37.890167236328125,37.890167236328125,37.890167236328125,0,yfinance
2016-08-24 00:00:00+00,AMCR,37.890167236328125,37.890167236328125,37.890167236328125,37.890167236328125,0,yfinance
2016-08-25 00:00:00+00,AMCR,37.890167236328125,37.890167236328125,37.890167236328125,37.890167236328125,0,yfinance
2016-08-26 00:00:00+00,AMCR,37.890167236328125,37.890167236328125,37.890167236328125,37.890167236328125,0,yfinance
2016-08-29 00:00:00+00,AMCR,37.890167236328125,37.890167236328125,37.890167236328125,37.890167236328125,0,yfinance
2016-08-30 00:00:00+00,AMCR,37.890167236328125,37.890167236328125,37.890167236328125,37.890167236328125,0,yfinance
2016-08-31 00:00:00+00,AMCR,37.890167236328125,37.890167236328125,37.890167236328125,37.890167236328125,0,yfinance
2016-09-01 00:00:00+00,AMCR,37.890167236328125,37.890167236328125,37.890167236328125,37.890167236328125,0,yfinance
2016-09-02 00:00:00+00,AMCR,37.890167236328125,37.890167236328125,37.890167236328125,37.890167236328125,0,yfinance
2016-09-06 00:00:00+00,AMCR,38.61565017700195,38.61565017700195,38.61565017700195,38.61565017700195,0,yfinance
2016-09-07 00:00:00+00,AMCR,38.61565017700195,38.61565017700195,38.61565017700195,38.61565017700195,0,yfinance
2016-09-08 00:00:00+00,AMCR,38.61565017700195,38.61565017700195,38.61565017700195,38.61565017700195,0,yfinance
2016-09-09 00:00:00+00,AMCR,38.61565017700195,38.61565017700195,38.61565017700195,38.61565017700195,0,yfinance
2016-09-12 00:00:00+00,AMCR,38.61565017700195,38.61565017700195,38.61565017700195,38.61565017700195,0,yfinance
2016-09-13 00:00:00+00,AMCR,38.61565017700195,38.61565017700195,38.61565017700195,38.61565017700195,0,yfinance
2016-09-14 00:00:00+00,AMCR,38.61565017700195,38.61565017700195,38.61565017700195,38.61565017700195,0,yfinance
2016-09-15 00:00:00+00,AMCR,38.61565017700195,38.61565017700195,38.61565017700195,38.61565017700195,0,yfinance
2016-09-16 00:00:00+00,AMCR,38.61565017700195,38.61565017700195,38.61565017700195,38.61565017700195,0,yfinance
2016-09-19 00:00:00+00,AMCR,38.61565017700195,38.61565017700195,38.61565017700195,38.61565017700195,0,yfinance
2016-09-20 00:00:00+00,AMCR,38.61565017700195,38.61565017700195,38.61565017700195,38.61565017700195,0,yfinance
2016-09-21 00:00:00+00,AMCR,38.61565017700195,38.61565017700195,38.61565017700195,38.61565017700195,0,yfinance
2016-09-22 00:00:00+00,AMCR,38.61565017700195,38.61565017700195,38.61565017700195,38.61565017700195,0,yfinance
2016-09-23 00:00:00+00,AMCR,38.61565017700195,38.61565017700195,38.61565017700195,38.61565017700195,0,yfinance
2016-09-26 00:00:00+00,AMCR,38.61565017700195,38.61565017700195,38.61565017700195,38.61565017700195,0,yfinance
2016-09-27 00:00:00+00,AMCR,38.61565017700195,38.61565017700195,38.61565017700195,38.61565017700195,0,yfinance
2016-09-28 00:00:00+00,AMCR,38.61565017700195,38.61565017700195,38.61565017700195,38.61565017700195,0,yfinance
2016-09-29 00:00:00+00,AMCR,38.61565017700195,38.61565017700195,38.61565017700195,38.61565017700195,0,yfinance
2016-09-30 00:00:00+00,AMCR,38.61565017700195,38.61565017700195,38.61565017700195,38.61565017700195,0,yfinance
2016-10-03 00:00:00+00,AMCR,38.61565017700195,38.61565017700195,38.61565017700195,38.61565017700195,0,yfinance
2016-10-04 00:00:00+00,AMCR,38.61565017700195,38.61565017700195,38.61565017700195,38.61565017700195,0,yfinance
2016-10-05 00:00:00+00,AMCR,38.61565017700195,38.61565017700195,38.61565017700195,38.61565017700195,3000,yfinance
2016-10-06 00:00:00+00,AMCR,38.61565017700195,38.61565017700195,38.61565017700195,38.61565017700195,5000,yfinance
2016-10-07 00:00:00+00,AMCR,38.61565017700195,38.61565017700195,38.61565017700195,38.61565017700195,0,yfinance
2016-10-10 00:00:00+00,AMCR,38.61565017700195,38.61565017700195,38.61565017700195,38.61565017700195,0,yfinance
2016-10-11 00:00:00+00,AMCR,38.61565017700195,38.61565017700195,38.61565017700195,38.61565017700195,0,yfinance
2016-10-12 00:00:00+00,AMCR,38.61565017700195,38.61565017700195,38.61565017700195,38.61565017700195,0,yfinance
2016-10-13 00:00:00+00,AMCR,38.61565017700195,38.61565017700195,38.61565017700195,38.61565017700195,0,yfinance
2016-10-14 00:00:00+00,AMCR,38.61565017700195,38.61565017700195,38.61565017700195,38.61565017700195,2000,yfinance
2016-10-17 00:00:00+00,AMCR,38.61565017700195,38.61565017700195,38.61565017700195,38.61565017700195,2000,yfinance
2016-10-18 00:00:00+00,AMCR,38.61565017700195,38.61565017700195,38.61565017700195,38.61565017700195,0,yfinance
2016-10-19 00:00:00+00,AMCR,38.61565017700195,38.61565017700195,38.61565017700195,38.61565017700195,0,yfinance
2016-10-20 00:00:00+00,AMCR,38.61565017700195,38.61565017700195,38.61565017700195,38.61565017700195,0,yfinance
2016-10-21 00:00:00+00,AMCR,38.61565017700195,38.61565017700195,38.61565017700195,38.61565017700195,0,yfinance
2016-10-24 00:00:00+00,AMCR,38.61565017700195,38.61565017700195,38.61565017700195,38.61565017700195,0,yfinance
2016-10-25 00:00:00+00,AMCR,38.61565017700195,38.61565017700195,38.61565017700195,38.61565017700195,0,yfinance
2016-10-26 00:00:00+00,AMCR,38.61565017700195,38.61565017700195,38.61565017700195,38.61565017700195,0,yfinance
2016-10-27 00:00:00+00,AMCR,38.61565017700195,38.61565017700195,38.61565017700195,38.61565017700195,0,yfinance
2016-10-28 00:00:00+00,AMCR,38.61565017700195,38.61565017700195,38.61565017700195,38.61565017700195,0,yfinance
2016-10-31 00:00:00+00,AMCR,38.61565017700195,38.61565017700195,38.61565017700195,38.61565017700195,0,yfinance
2016-11-01 00:00:00+00,AMCR,38.61565017700195,38.61565017700195,38.61565017700195,38.61565017700195,0,yfinance
2016-11-02 00:00:00+00,AMCR,38.61565017700195,38.61565017700195,38.61565017700195,38.61565017700195,0,yfinance
2016-11-03 00:00:00+00,AMCR,38.61565017700195,38.61565017700195,38.61565017700195,38.61565017700195,0,yfinance
2016-11-04 00:00:00+00,AMCR,38.61565017700195,38.61565017700195,38.61565017700195,38.61565017700195,0,yfinance
2016-11-07 00:00:00+00,AMCR,38.61565017700195,38.61565017700195,38.61565017700195,38.61565017700195,0,yfinance
2016-11-08 00:00:00+00,AMCR,38.61565017700195,38.61565017700195,38.61565017700195,38.61565017700195,0,yfinance
2016-11-09 00:00:00+00,AMCR,38.61565017700195,38.61565017700195,38.61565017700195,38.61565017700195,0,yfinance
2016-11-10 00:00:00+00,AMCR,38.61565017700195,38.61565017700195,38.61565017700195,38.61565017700195,0,yfinance
2016-11-11 00:00:00+00,AMCR,38.61565017700195,38.61565017700195,38.61565017700195,38.61565017700195,0,yfinance
2016-11-14 00:00:00+00,AMCR,38.61565017700195,38.61565017700195,38.61565017700195,38.61565017700195,0,yfinance
2016-11-15 00:00:00+00,AMCR,38.61565017700195,38.61565017700195,38.61565017700195,38.61565017700195,0,yfinance
2016-11-16 00:00:00+00,AMCR,38.61565017700195,38.61565017700195,38.61565017700195,38.61565017700195,0,yfinance
2016-11-17 00:00:00+00,AMCR,38.61565017700195,38.61565017700195,38.61565017700195,38.61565017700195,0,yfinance
2016-11-18 00:00:00+00,AMCR,38.61565017700195,38.61565017700195,38.61565017700195,38.61565017700195,0,yfinance
2016-11-21 00:00:00+00,AMCR,38.61565017700195,38.61565017700195,38.61565017700195,38.61565017700195,0,yfinance
2016-11-22 00:00:00+00,AMCR,38.61565017700195,38.61565017700195,38.61565017700195,38.61565017700195,0,yfinance
2016-11-23 00:00:00+00,AMCR,38.61565017700195,38.61565017700195,38.61565017700195,38.61565017700195,0,yfinance
2016-11-25 00:00:00+00,AMCR,38.61565017700195,38.61565017700195,38.61565017700195,38.61565017700195,0,yfinance
2016-11-28 00:00:00+00,AMCR,38.61565017700195,38.61565017700195,38.61565017700195,38.61565017700195,0,yfinance
2016-11-29 00:00:00+00,AMCR,38.61565017700195,38.61565017700195,38.61565017700195,38.61565017700195,0,yfinance
2016-11-30 00:00:00+00,AMCR,38.61565017700195,38.61565017700195,38.61565017700195,38.61565017700195,0,yfinance
2016-12-01 00:00:00+00,AMCR,38.61565017700195,38.61565017700195,38.61565017700195,38.61565017700195,0,yfinance
2016-12-02 00:00:00+00,AMCR,38.61565017700195,38.61565017700195,38.61565017700195,38.61565017700195,0,yfinance
2016-12-05 00:00:00+00,AMCR,38.61565017700195,38.61565017700195,38.61565017700195,38.61565017700195,0,yfinance
2016-12-06 00:00:00+00,AMCR,38.61565017700195,38.61565017700195,38.61565017700195,38.61565017700195,0,yfinance
2016-12-07 00:00:00+00,AMCR,38.61565017700195,38.61565017700195,38.61565017700195,38.61565017700195,0,yfinance
2016-12-08 00:00:00+00,AMCR,38.61565017700195,38.61565017700195,38.61565017700195,38.61565017700195,0,yfinance
2016-12-09 00:00:00+00,AMCR,35.746681213378906,35.746681213378906,35.746681213378906,35.746681213378906,40,yfinance
2016-12-12 00:00:00+00,AMCR,35.746681213378906,35.746681213378906,35.746681213378906,35.746681213378906,0,yfinance
2016-12-13 00:00:00+00,AMCR,35.05417251586914,35.05417251586914,35.05417251586914,35.05417251586914,20,yfinance
2016-12-14 00:00:00+00,AMCR,35.05417251586914,35.05417251586914,35.05417251586914,35.05417251586914,1280,yfinance
2016-12-15 00:00:00+00,AMCR,35.05417251586914,35.05417251586914,35.05417251586914,35.05417251586914,0,yfinance
2016-12-16 00:00:00+00,AMCR,35.05417251586914,35.05417251586914,35.05417251586914,35.05417251586914,0,yfinance
2016-12-19 00:00:00+00,AMCR,35.05417251586914,35.05417251586914,35.05417251586914,35.05417251586914,0,yfinance
2016-12-20 00:00:00+00,AMCR,35.05417251586914,35.05417251586914,35.05417251586914,35.05417251586914,0,yfinance
2016-12-21 00:00:00+00,AMCR,35.05417251586914,35.05417251586914,35.05417251586914,35.05417251586914,0,yfinance
2016-12-22 00:00:00+00,AMCR,35.05417251586914,35.05417251586914,35.05417251586914,35.05417251586914,0,yfinance
2016-12-23 00:00:00+00,AMCR,35.05417251586914,35.05417251586914,35.05417251586914,35.05417251586914,0,yfinance
2016-12-27 00:00:00+00,AMCR,35.05417251586914,35.05417251586914,35.05417251586914,35.05417251586914,0,yfinance
2016-12-28 00:00:00+00,AMCR,35.05417251586914,35.05417251586914,35.05417251586914,35.05417251586914,0,yfinance
2016-12-29 00:00:00+00,AMCR,35.05417251586914,35.05417251586914,35.05417251586914,35.05417251586914,0,yfinance
2016-12-30 00:00:00+00,AMCR,35.05417251586914,35.05417251586914,35.05417251586914,35.05417251586914,0,yfinance
2017-01-03 00:00:00+00,AMCR,35.05417251586914,35.05417251586914,35.05417251586914,35.05417251586914,0,yfinance
2017-01-04 00:00:00+00,AMCR,35.05417251586914,35.05417251586914,35.05417251586914,35.05417251586914,0,yfinance
2017-01-05 00:00:00+00,AMCR,35.05417251586914,35.05417251586914,35.05417251586914,35.05417251586914,0,yfinance
2017-01-06 00:00:00+00,AMCR,35.05417251586914,35.05417251586914,35.05417251586914,35.05417251586914,0,yfinance
2017-01-09 00:00:00+00,AMCR,35.05417251586914,35.05417251586914,35.05417251586914,35.05417251586914,0,yfinance
2017-01-10 00:00:00+00,AMCR,35.05417251586914,35.05417251586914,35.05417251586914,35.05417251586914,0,yfinance
2017-01-11 00:00:00+00,AMCR,35.05417251586914,35.05417251586914,35.05417251586914,35.05417251586914,0,yfinance
2017-01-12 00:00:00+00,AMCR,35.05417251586914,35.05417251586914,35.05417251586914,35.05417251586914,0,yfinance
2017-01-13 00:00:00+00,AMCR,35.05417251586914,35.05417251586914,35.05417251586914,35.05417251586914,0,yfinance
2017-01-17 00:00:00+00,AMCR,35.05417251586914,35.05417251586914,35.05417251586914,35.05417251586914,0,yfinance
2017-01-18 00:00:00+00,AMCR,35.05417251586914,35.05417251586914,35.05417251586914,35.05417251586914,0,yfinance
2017-01-19 00:00:00+00,AMCR,35.05417251586914,35.05417251586914,35.05417251586914,35.05417251586914,0,yfinance
2017-01-20 00:00:00+00,AMCR,35.05417251586914,35.05417251586914,35.05417251586914,35.05417251586914,0,yfinance
2017-01-23 00:00:00+00,AMCR,35.05417251586914,35.05417251586914,35.05417251586914,35.05417251586914,0,yfinance
2017-01-24 00:00:00+00,AMCR,35.05417251586914,35.05417251586914,35.05417251586914,35.05417251586914,0,yfinance
2017-01-25 00:00:00+00,AMCR,35.05417251586914,35.05417251586914,35.05417251586914,35.05417251586914,0,yfinance
2017-01-26 00:00:00+00,AMCR,35.05417251586914,35.05417251586914,35.05417251586914,35.05417251586914,0,yfinance
2017-01-27 00:00:00+00,AMCR,35.05417251586914,35.05417251586914,35.05417251586914,35.05417251586914,0,yfinance
2017-01-30 00:00:00+00,AMCR,35.05417251586914,35.05417251586914,35.05417251586914,35.05417251586914,0,yfinance
2017-01-31 00:00:00+00,AMCR,35.05417251586914,35.05417251586914,35.05417251586914,35.05417251586914,0,yfinance
2017-02-01 00:00:00+00,AMCR,35.05417251586914,35.05417251586914,35.05417251586914,35.05417251586914,0,yfinance
2017-02-02 00:00:00+00,AMCR,35.05417251586914,35.05417251586914,35.05417251586914,35.05417251586914,0,yfinance
2017-02-03 00:00:00+00,AMCR,35.05417251586914,35.05417251586914,35.05417251586914,35.05417251586914,0,yfinance
2017-02-06 00:00:00+00,AMCR,35.05417251586914,35.05417251586914,35.05417251586914,35.05417251586914,0,yfinance
2017-02-07 00:00:00+00,AMCR,35.05417251586914,35.05417251586914,35.05417251586914,35.05417251586914,0,yfinance
2017-02-08 00:00:00+00,AMCR,35.05417251586914,35.05417251586914,35.05417251586914,35.05417251586914,0,yfinance
2017-02-09 00:00:00+00,AMCR,35.05417251586914,35.05417251586914,35.05417251586914,35.05417251586914,0,yfinance
2017-02-10 00:00:00+00,AMCR,35.05417251586914,35.05417251586914,35.05417251586914,35.05417251586914,0,yfinance
2017-02-13 00:00:00+00,AMCR,35.05417251586914,35.05417251586914,35.05417251586914,35.05417251586914,0,yfinance
2017-02-14 00:00:00+00,AMCR,35.05417251586914,35.05417251586914,35.05417251586914,35.05417251586914,0,yfinance
2017-02-15 00:00:00+00,AMCR,35.05417251586914,35.05417251586914,35.05417251586914,35.05417251586914,0,yfinance
2017-02-16 00:00:00+00,AMCR,35.05417251586914,35.05417251586914,35.05417251586914,35.05417251586914,0,yfinance
2017-02-17 00:00:00+00,AMCR,35.05417251586914,35.05417251586914,35.05417251586914,35.05417251586914,0,yfinance
2017-02-21 00:00:00+00,AMCR,35.05417251586914,35.05417251586914,35.05417251586914,35.05417251586914,0,yfinance
2017-02-22 00:00:00+00,AMCR,35.05417251586914,35.05417251586914,35.05417251586914,35.05417251586914,0,yfinance
2017-02-23 00:00:00+00,AMCR,35.05417251586914,35.05417251586914,35.05417251586914,35.05417251586914,0,yfinance
2017-02-24 00:00:00+00,AMCR,35.71950149536133,35.71950149536133,35.71950149536133,35.71950149536133,0,yfinance
2017-02-27 00:00:00+00,AMCR,35.71950149536133,35.71950149536133,35.71950149536133,35.71950149536133,0,yfinance
2017-02-28 00:00:00+00,AMCR,35.71950149536133,35.71950149536133,35.71950149536133,35.71950149536133,0,yfinance
2017-03-01 00:00:00+00,AMCR,35.71950149536133,35.71950149536133,35.71950149536133,35.71950149536133,0,yfinance
2017-03-02 00:00:00+00,AMCR,35.71950149536133,35.71950149536133,35.71950149536133,35.71950149536133,0,yfinance
2017-03-03 00:00:00+00,AMCR,35.71950149536133,35.71950149536133,35.71950149536133,35.71950149536133,0,yfinance
2017-03-06 00:00:00+00,AMCR,35.71950149536133,35.71950149536133,35.71950149536133,35.71950149536133,0,yfinance
2017-03-07 00:00:00+00,AMCR,36.05552673339844,36.05552673339844,36.05552673339844,36.05552673339844,20,yfinance
2017-03-08 00:00:00+00,AMCR,36.05552673339844,36.05552673339844,36.05552673339844,36.05552673339844,0,yfinance
2017-03-09 00:00:00+00,AMCR,35.51789855957031,35.51789855957031,35.51789855957031,35.51789855957031,180,yfinance
2017-03-10 00:00:00+00,AMCR,35.51789855957031,35.51789855957031,35.51789855957031,35.51789855957031,0,yfinance
2017-03-13 00:00:00+00,AMCR,35.51789855957031,35.51789855957031,35.51789855957031,35.51789855957031,0,yfinance
2017-03-14 00:00:00+00,AMCR,35.51789855957031,35.51789855957031,35.51789855957031,35.51789855957031,0,yfinance
2017-03-15 00:00:00+00,AMCR,35.51789855957031,35.51789855957031,35.51789855957031,35.51789855957031,0,yfinance
2017-03-16 00:00:00+00,AMCR,36.626773834228516,36.626773834228516,36.626773834228516,36.626773834228516,340,yfinance
2017-03-17 00:00:00+00,AMCR,36.626773834228516,36.626773834228516,36.626773834228516,36.626773834228516,0,yfinance
2017-03-20 00:00:00+00,AMCR,36.626773834228516,36.626773834228516,36.626773834228516,36.626773834228516,0,yfinance
2017-03-21 00:00:00+00,AMCR,37.60124206542969,37.60124206542969,37.60124206542969,37.60124206542969,40,yfinance
2017-03-22 00:00:00+00,AMCR,37.60124206542969,37.60124206542969,37.60124206542969,37.60124206542969,1000,yfinance
2017-03-23 00:00:00+00,AMCR,37.60124206542969,37.60124206542969,37.60124206542969,37.60124206542969,0,yfinance
2017-03-24 00:00:00+00,AMCR,37.60124206542969,37.60124206542969,37.60124206542969,37.60124206542969,1000,yfinance
2017-03-27 00:00:00+00,AMCR,38.64292526245117,38.64292526245117,38.64292526245117,38.64292526245117,80,yfinance
2017-03-28 00:00:00+00,AMCR,38.64292526245117,38.64292526245117,38.64292526245117,38.64292526245117,0,yfinance
2017-03-29 00:00:00+00,AMCR,38.64292526245117,38.64292526245117,38.64292526245117,38.64292526245117,0,yfinance
2017-03-30 00:00:00+00,AMCR,38.81093978881836,38.81093978881836,38.81093978881836,38.81093978881836,1000,yfinance
2017-03-31 00:00:00+00,AMCR,38.81093978881836,38.81093978881836,38.81093978881836,38.81093978881836,0,yfinance
2017-04-03 00:00:00+00,AMCR,38.81093978881836,38.81093978881836,38.81093978881836,38.81093978881836,0,yfinance
2017-04-04 00:00:00+00,AMCR,38.81093978881836,38.81093978881836,38.81093978881836,38.81093978881836,0,yfinance
2017-04-05 00:00:00+00,AMCR,38.81093978881836,38.81093978881836,38.81093978881836,38.81093978881836,0,yfinance
2017-04-06 00:00:00+00,AMCR,37.80287170410156,37.80287170410156,37.80287170410156,37.80287170410156,280,yfinance
2017-04-07 00:00:00+00,AMCR,37.80287170410156,37.80287170410156,37.80287170410156,37.80287170410156,360,yfinance
2017-04-10 00:00:00+00,AMCR,37.80287170410156,37.80287170410156,37.80287170410156,37.80287170410156,0,yfinance
2017-04-11 00:00:00+00,AMCR,37.80287170410156,37.80287170410156,37.80287170410156,37.80287170410156,0,yfinance
2017-04-12 00:00:00+00,AMCR,37.80287170410156,37.80287170410156,37.80287170410156,37.80287170410156,0,yfinance
2017-04-13 00:00:00+00,AMCR,37.80287170410156,37.80287170410156,37.80287170410156,37.80287170410156,0,yfinance
2017-04-17 00:00:00+00,AMCR,37.80287170410156,37.80287170410156,37.80287170410156,37.80287170410156,0,yfinance
2017-04-18 00:00:00+00,AMCR,37.80287170410156,37.80287170410156,37.80287170410156,37.80287170410156,0,yfinance
2017-04-19 00:00:00+00,AMCR,37.80287170410156,37.80287170410156,37.80287170410156,37.80287170410156,0,yfinance
2017-04-20 00:00:00+00,AMCR,37.80287170410156,37.80287170410156,37.80287170410156,37.80287170410156,0,yfinance
2017-04-21 00:00:00+00,AMCR,37.80287170410156,37.80287170410156,37.80287170410156,37.80287170410156,0,yfinance
2017-04-24 00:00:00+00,AMCR,37.80287170410156,37.80287170410156,37.80287170410156,37.80287170410156,0,yfinance
2017-04-25 00:00:00+00,AMCR,37.80287170410156,37.80287170410156,37.80287170410156,37.80287170410156,0,yfinance
2017-04-26 00:00:00+00,AMCR,39.348575592041016,39.348575592041016,39.348575592041016,39.348575592041016,140,yfinance
2017-04-27 00:00:00+00,AMCR,39.348575592041016,39.348575592041016,39.348575592041016,39.348575592041016,0,yfinance
2017-04-28 00:00:00+00,AMCR,38.97896194458008,38.97896194458008,38.97896194458008,38.97896194458008,80,yfinance
2017-05-01 00:00:00+00,AMCR,38.97896194458008,38.97896194458008,38.97896194458008,38.97896194458008,0,yfinance
2017-05-02 00:00:00+00,AMCR,38.97896194458008,38.97896194458008,38.97896194458008,38.97896194458008,1000,yfinance
2017-05-03 00:00:00+00,AMCR,38.97896194458008,38.97896194458008,38.97896194458008,38.97896194458008,0,yfinance
2017-05-04 00:00:00+00,AMCR,38.97896194458008,38.97896194458008,38.97896194458008,38.97896194458008,0,yfinance
2017-05-05 00:00:00+00,AMCR,38.97896194458008,38.97896194458008,38.97896194458008,38.97896194458008,0,yfinance
2017-05-08 00:00:00+00,AMCR,38.97896194458008,38.97896194458008,38.97896194458008,38.97896194458008,0,yfinance
2017-05-09 00:00:00+00,AMCR,38.97896194458008,38.97896194458008,38.97896194458008,38.97896194458008,0,yfinance
2017-05-10 00:00:00+00,AMCR,38.00447463989258,38.00447463989258,38.00447463989258,38.00447463989258,20,yfinance
2017-05-11 00:00:00+00,AMCR,38.00447463989258,38.00447463989258,38.00447463989258,38.00447463989258,0,yfinance
2017-05-12 00:00:00+00,AMCR,38.00447463989258,38.00447463989258,38.00447463989258,38.00447463989258,0,yfinance
2017-05-15 00:00:00+00,AMCR,38.00447463989258,38.00447463989258,38.00447463989258,38.00447463989258,0,yfinance
2017-05-16 00:00:00+00,AMCR,38.00447463989258,38.00447463989258,38.00447463989258,38.00447463989258,0,yfinance
2017-05-17 00:00:00+00,AMCR,38.00447463989258,38.00447463989258,38.00447463989258,38.00447463989258,0,yfinance
2017-05-18 00:00:00+00,AMCR,36.96280288696289,36.96280288696289,36.96280288696289,36.96280288696289,440,yfinance
2017-05-19 00:00:00+00,AMCR,36.96280288696289,36.96280288696289,36.96280288696289,36.96280288696289,0,yfinance
2017-05-22 00:00:00+00,AMCR,36.96280288696289,36.96280288696289,36.96280288696289,36.96280288696289,0,yfinance
2017-05-23 00:00:00+00,AMCR,36.96280288696289,36.96280288696289,36.96280288696289,36.96280288696289,2000,yfinance
2017-05-24 00:00:00+00,AMCR,36.96280288696289,36.96280288696289,36.96280288696289,36.96280288696289,0,yfinance
2017-05-25 00:00:00+00,AMCR,36.96280288696289,36.96280288696289,36.96280288696289,36.96280288696289,0,yfinance
2017-05-26 00:00:00+00,AMCR,36.96280288696289,36.96280288696289,36.96280288696289,36.96280288696289,0,yfinance
2017-05-30 00:00:00+00,AMCR,36.96280288696289,36.96280288696289,36.96280288696289,36.96280288696289,0,yfinance
2017-05-31 00:00:00+00,AMCR,36.96280288696289,36.96280288696289,36.96280288696289,36.96280288696289,0,yfinance
2017-06-01 00:00:00+00,AMCR,38.64292526245117,38.64292526245117,38.64292526245117,38.64292526245117,4020,yfinance
2017-06-02 00:00:00+00,AMCR,39.482994079589844,39.482994079589844,39.482994079589844,39.482994079589844,20,yfinance
2017-06-05 00:00:00+00,AMCR,39.482994079589844,39.482994079589844,39.482994079589844,39.482994079589844,0,yfinance
2017-06-06 00:00:00+00,AMCR,39.482994079589844,39.482994079589844,39.482994079589844,39.482994079589844,0,yfinance
2017-06-07 00:00:00+00,AMCR,39.650997161865234,39.650997161865234,39.650997161865234,39.650997161865234,200,yfinance
2017-06-08 00:00:00+00,AMCR,39.650997161865234,39.650997161865234,39.650997161865234,39.650997161865234,960,yfinance
2017-06-09 00:00:00+00,AMCR,39.650997161865234,39.650997161865234,39.650997161865234,39.650997161865234,0,yfinance
2017-06-12 00:00:00+00,AMCR,39.650997161865234,39.650997161865234,39.650997161865234,39.650997161865234,0,yfinance
2017-06-13 00:00:00+00,AMCR,39.650997161865234,39.650997161865234,39.650997161865234,39.650997161865234,1040,yfinance
2017-06-14 00:00:00+00,AMCR,39.650997161865234,39.650997161865234,39.650997161865234,39.650997161865234,0,yfinance
2017-06-15 00:00:00+00,AMCR,40.491065979003906,40.491065979003906,40.491065979003906,40.491065979003906,40,yfinance
2017-06-16 00:00:00+00,AMCR,40.491065979003906,40.491065979003906,40.491065979003906,40.491065979003906,0,yfinance
2017-06-19 00:00:00+00,AMCR,40.491065979003906,40.491065979003906,40.491065979003906,40.491065979003906,0,yfinance
2017-06-20 00:00:00+00,AMCR,40.491065979003906,40.491065979003906,40.491065979003906,40.491065979003906,0,yfinance
2017-06-21 00:00:00+00,AMCR,40.491065979003906,40.491065979003906,40.491065979003906,40.491065979003906,0,yfinance
2017-06-22 00:00:00+00,AMCR,40.491065979003906,40.491065979003906,40.491065979003906,40.491065979003906,0,yfinance
2017-06-23 00:00:00+00,AMCR,40.491065979003906,40.491065979003906,40.491065979003906,40.491065979003906,0,yfinance
2017-06-26 00:00:00+00,AMCR,40.491065979003906,40.491065979003906,40.491065979003906,40.491065979003906,0,yfinance
2017-06-27 00:00:00+00,AMCR,40.491065979003906,40.491065979003906,40.491065979003906,40.491065979003906,0,yfinance
2017-06-28 00:00:00+00,AMCR,40.491065979003906,40.491065979003906,40.491065979003906,40.491065979003906,0,yfinance
2017-06-29 00:00:00+00,AMCR,43.011260445917536,43.011260445917536,41.767967224121094,41.767967224121094,2780,yfinance
2017-06-30 00:00:00+00,AMCR,41.767967224121094,41.767967224121094,41.767967224121094,41.767967224121094,6180,yfinance
2017-07-03 00:00:00+00,AMCR,41.767967224121094,41.767967224121094,41.767967224121094,41.767967224121094,0,yfinance
2017-07-05 00:00:00+00,AMCR,41.767967224121094,41.767967224121094,41.767967224121094,41.767967224121094,0,yfinance
2017-07-06 00:00:00+00,AMCR,41.767967224121094,41.767967224121094,41.767967224121094,41.767967224121094,0,yfinance
2017-07-07 00:00:00+00,AMCR,41.767967224121094,41.767967224121094,41.767967224121094,41.767967224121094,0,yfinance
2017-07-10 00:00:00+00,AMCR,41.767967224121094,41.767967224121094,41.767967224121094,41.767967224121094,0,yfinance
2017-07-11 00:00:00+00,AMCR,41.767967224121094,41.767967224121094,41.767967224121094,41.767967224121094,0,yfinance
2017-07-12 00:00:00+00,AMCR,41.767967224121094,41.767967224121094,41.767967224121094,41.767967224121094,0,yfinance
2017-07-13 00:00:00+00,AMCR,40.82708740234375,40.82708740234375,40.82708740234375,40.82708740234375,20,yfinance
2017-07-14 00:00:00+00,AMCR,40.82708740234375,40.82708740234375,40.82708740234375,40.82708740234375,0,yfinance
2017-07-17 00:00:00+00,AMCR,40.82708740234375,40.82708740234375,40.82708740234375,40.82708740234375,0,yfinance
2017-07-18 00:00:00+00,AMCR,40.82708740234375,40.82708740234375,40.82708740234375,40.82708740234375,0,yfinance
2017-07-19 00:00:00+00,AMCR,40.82708740234375,40.82708740234375,40.82708740234375,40.82708740234375,0,yfinance
2017-07-20 00:00:00+00,AMCR,40.82708740234375,40.82708740234375,40.82708740234375,40.82708740234375,0,yfinance
2017-07-21 00:00:00+00,AMCR,40.82708740234375,40.82708740234375,40.82708740234375,40.82708740234375,0,yfinance
2017-07-24 00:00:00+00,AMCR,40.82708740234375,40.82708740234375,40.82708740234375,40.82708740234375,0,yfinance
2017-07-25 00:00:00+00,AMCR,40.82708740234375,40.82708740234375,40.82708740234375,40.82708740234375,0,yfinance
2017-07-26 00:00:00+00,AMCR,40.82708740234375,40.82708740234375,40.82708740234375,40.82708740234375,0,yfinance
2017-07-27 00:00:00+00,AMCR,41.33113479614258,41.33113479614258,41.33113479614258,41.33113479614258,420,yfinance
2017-07-28 00:00:00+00,AMCR,41.33113479614258,41.33113479614258,41.33113479614258,41.33113479614258,0,yfinance
2017-07-31 00:00:00+00,AMCR,41.33113479614258,41.33113479614258,41.33113479614258,41.33113479614258,0,yfinance
2017-08-01 00:00:00+00,AMCR,41.33113479614258,41.33113479614258,41.33113479614258,41.33113479614258,0,yfinance
2017-08-02 00:00:00+00,AMCR,41.33113479614258,41.33113479614258,41.33113479614258,41.33113479614258,0,yfinance
2017-08-03 00:00:00+00,AMCR,41.33113479614258,41.33113479614258,41.33113479614258,41.33113479614258,0,yfinance
2017-08-04 00:00:00+00,AMCR,41.33113479614258,41.33113479614258,41.33113479614258,41.33113479614258,0,yfinance
2017-08-07 00:00:00+00,AMCR,41.33113479614258,41.33113479614258,41.33113479614258,41.33113479614258,0,yfinance
2017-08-08 00:00:00+00,AMCR,41.33113479614258,41.33113479614258,41.33113479614258,41.33113479614258,0,yfinance
2017-08-09 00:00:00+00,AMCR,41.33113479614258,41.33113479614258,41.33113479614258,41.33113479614258,0,yfinance
2017-08-10 00:00:00+00,AMCR,41.33113479614258,41.33113479614258,41.33113479614258,41.33113479614258,0,yfinance
2017-08-11 00:00:00+00,AMCR,41.33113479614258,41.33113479614258,41.33113479614258,41.33113479614258,0,yfinance
2017-08-14 00:00:00+00,AMCR,41.33113479614258,41.33113479614258,41.33113479614258,41.33113479614258,0,yfinance
2017-08-15 00:00:00+00,AMCR,41.33113479614258,41.33113479614258,41.33113479614258,41.33113479614258,0,yfinance
2017-08-16 00:00:00+00,AMCR,41.33113479614258,41.33113479614258,41.33113479614258,41.33113479614258,0,yfinance
2017-08-17 00:00:00+00,AMCR,41.33113479614258,41.33113479614258,41.33113479614258,41.33113479614258,0,yfinance
2017-08-18 00:00:00+00,AMCR,42.339210510253906,42.339210510253906,42.339210510253906,42.339210510253906,120,yfinance
2017-08-21 00:00:00+00,AMCR,42.00318145751953,42.00318145751953,42.00318145751953,42.00318145751953,20,yfinance
2017-08-22 00:00:00+00,AMCR,42.91044998168945,42.91044998168945,42.91044998168945,42.91044998168945,8400,yfinance
2017-08-23 00:00:00+00,AMCR,42.91044998168945,42.91044998168945,42.91044998168945,42.91044998168945,0,yfinance
2017-08-24 00:00:00+00,AMCR,42.91044998168945,42.91044998168945,42.91044998168945,42.91044998168945,0,yfinance
2017-08-25 00:00:00+00,AMCR,42.91044998168945,42.91044998168945,42.91044998168945,42.91044998168945,0,yfinance
2017-08-28 00:00:00+00,AMCR,42.91044998168945,42.91044998168945,42.91044998168945,42.91044998168945,0,yfinance
2017-08-29 00:00:00+00,AMCR,42.91044998168945,42.91044998168945,42.91044998168945,42.91044998168945,0,yfinance
2017-08-30 00:00:00+00,AMCR,42.91044998168945,42.91044998168945,42.91044998168945,42.91044998168945,0,yfinance
2017-08-31 00:00:00+00,AMCR,42.91044998168945,42.91044998168945,42.91044998168945,42.91044998168945,0,yfinance
2017-09-01 00:00:00+00,AMCR,43.070987701416016,43.070987701416016,43.070987701416016,43.070987701416016,0,yfinance
2017-09-05 00:00:00+00,AMCR,43.88896560668945,43.88896560668945,43.88896560668945,43.88896560668945,0,yfinance
2017-09-06 00:00:00+00,AMCR,43.88896560668945,43.88896560668945,43.88896560668945,43.88896560668945,0,yfinance
2017-09-07 00:00:00+00,AMCR,43.88896560668945,43.88896560668945,43.88896560668945,43.88896560668945,0,yfinance
2017-09-08 00:00:00+00,AMCR,43.88896560668945,43.88896560668945,43.88896560668945,43.88896560668945,0,yfinance
2017-09-11 00:00:00+00,AMCR,43.88896560668945,43.88896560668945,43.88896560668945,43.88896560668945,0,yfinance
2017-09-12 00:00:00+00,AMCR,43.88896560668945,43.88896560668945,43.88896560668945,43.88896560668945,0,yfinance
2017-09-13 00:00:00+00,AMCR,43.88896560668945,43.88896560668945,43.88896560668945,43.88896560668945,0,yfinance
2017-09-14 00:00:00+00,AMCR,43.88896560668945,43.88896560668945,43.88896560668945,43.88896560668945,0,yfinance
2017-09-15 00:00:00+00,AMCR,43.88896560668945,43.88896560668945,43.88896560668945,43.88896560668945,0,yfinance
2017-09-18 00:00:00+00,AMCR,43.88896560668945,43.88896560668945,43.88896560668945,43.88896560668945,0,yfinance
2017-09-19 00:00:00+00,AMCR,43.88896560668945,43.88896560668945,43.88896560668945,43.88896560668945,0,yfinance
2017-09-20 00:00:00+00,AMCR,43.88896560668945,43.88896560668945,43.88896560668945,43.88896560668945,0,yfinance
2017-09-21 00:00:00+00,AMCR,43.88896560668945,43.88896560668945,43.88896560668945,43.88896560668945,0,yfinance
2017-09-22 00:00:00+00,AMCR,43.88896560668945,43.88896560668945,43.88896560668945,43.88896560668945,0,yfinance
2017-09-25 00:00:00+00,AMCR,43.88896560668945,43.88896560668945,43.88896560668945,43.88896560668945,0,yfinance
2017-09-26 00:00:00+00,AMCR,43.88896560668945,43.88896560668945,43.88896560668945,43.88896560668945,0,yfinance
2017-09-27 00:00:00+00,AMCR,41.38005660332549,41.414424896240234,41.38005660332549,41.414424896240234,6640,yfinance
2017-09-28 00:00:00+00,AMCR,41.414424896240234,41.414424896240234,41.414424896240234,41.414424896240234,0,yfinance
2017-09-29 00:00:00+00,AMCR,41.414424896240234,41.414424896240234,41.414424896240234,41.414424896240234,0,yfinance
2017-10-02 00:00:00+00,AMCR,41.414424896240234,41.414424896240234,41.414424896240234,41.414424896240234,0,yfinance
2017-10-03 00:00:00+00,AMCR,41.414424896240234,41.414424896240234,41.414424896240234,41.414424896240234,2000,yfinance
2017-10-04 00:00:00+00,AMCR,41.414424896240234,41.414424896240234,41.414424896240234,41.414424896240234,0,yfinance
2017-10-05 00:00:00+00,AMCR,41.414424896240234,41.414424896240234,41.414424896240234,41.414424896240234,0,yfinance
2017-10-06 00:00:00+00,AMCR,41.414424896240234,41.414424896240234,41.414424896240234,41.414424896240234,2000,yfinance
2017-10-09 00:00:00+00,AMCR,41.414424896240234,41.414424896240234,41.414424896240234,41.414424896240234,2000,yfinance
2017-10-10 00:00:00+00,AMCR,41.414424896240234,41.414424896240234,41.414424896240234,41.414424896240234,2000,yfinance
2017-10-11 00:00:00+00,AMCR,41.414424896240234,41.414424896240234,41.414424896240234,41.414424896240234,2000,yfinance
2017-10-12 00:00:00+00,AMCR,41.414424896240234,41.414424896240234,41.414424896240234,41.414424896240234,0,yfinance
2017-10-13 00:00:00+00,AMCR,41.414424896240234,41.414424896240234,41.414424896240234,41.414424896240234,2000,yfinance
2017-10-16 00:00:00+00,AMCR,41.414424896240234,41.414424896240234,41.414424896240234,41.414424896240234,0,yfinance
2017-10-17 00:00:00+00,AMCR,41.414424896240234,41.414424896240234,41.414424896240234,41.414424896240234,2000,yfinance
2017-10-18 00:00:00+00,AMCR,41.414424896240234,41.414424896240234,41.414424896240234,41.414424896240234,0,yfinance
2017-10-19 00:00:00+00,AMCR,41.414424896240234,41.414424896240234,41.414424896240234,41.414424896240234,0,yfinance
2017-10-20 00:00:00+00,AMCR,41.414424896240234,41.414424896240234,41.414424896240234,41.414424896240234,0,yfinance
2017-10-23 00:00:00+00,AMCR,41.414424896240234,41.414424896240234,41.414424896240234,41.414424896240234,0,yfinance
2017-10-24 00:00:00+00,AMCR,41.414424896240234,41.414424896240234,41.414424896240234,41.414424896240234,0,yfinance
2017-10-25 00:00:00+00,AMCR,41.414424896240234,41.414424896240234,41.414424896240234,41.414424896240234,0,yfinance
2017-10-26 00:00:00+00,AMCR,41.414424896240234,41.414424896240234,41.414424896240234,41.414424896240234,0,yfinance
2017-10-27 00:00:00+00,AMCR,41.414424896240234,41.414424896240234,41.414424896240234,41.414424896240234,0,yfinance
2017-10-30 00:00:00+00,AMCR,41.414424896240234,41.414424896240234,41.414424896240234,41.414424896240234,0,yfinance
2017-10-31 00:00:00+00,AMCR,41.414424896240234,41.414424896240234,41.414424896240234,41.414424896240234,0,yfinance
2017-11-01 00:00:00+00,AMCR,41.414424896240234,41.414424896240234,41.414424896240234,41.414424896240234,0,yfinance
2017-11-02 00:00:00+00,AMCR,41.414424896240234,41.414424896240234,41.414424896240234,41.414424896240234,0,yfinance
2017-11-03 00:00:00+00,AMCR,41.414424896240234,41.414424896240234,41.414424896240234,41.414424896240234,0,yfinance
2017-11-06 00:00:00+00,AMCR,41.414424896240234,41.414424896240234,41.414424896240234,41.414424896240234,0,yfinance
2017-11-07 00:00:00+00,AMCR,41.414424896240234,41.414424896240234,41.414424896240234,41.414424896240234,0,yfinance
2017-11-08 00:00:00+00,AMCR,41.414424896240234,41.414424896240234,41.414424896240234,41.414424896240234,0,yfinance
2017-11-09 00:00:00+00,AMCR,41.414424896240234,41.414424896240234,41.414424896240234,41.414424896240234,0,yfinance
2017-11-10 00:00:00+00,AMCR,41.414424896240234,41.414424896240234,41.414424896240234,41.414424896240234,0,yfinance
2017-11-13 00:00:00+00,AMCR,41.414424896240234,41.414424896240234,41.414424896240234,41.414424896240234,0,yfinance
2017-11-14 00:00:00+00,AMCR,41.414424896240234,41.414424896240234,41.414424896240234,41.414424896240234,0,yfinance
2017-11-15 00:00:00+00,AMCR,41.414424896240234,41.414424896240234,41.414424896240234,41.414424896240234,0,yfinance
2017-11-16 00:00:00+00,AMCR,39.07733917236328,39.07733917236328,39.07733917236328,39.07733917236328,200,yfinance
2017-11-17 00:00:00+00,AMCR,39.07733917236328,39.07733917236328,39.07733917236328,39.07733917236328,0,yfinance
2017-11-20 00:00:00+00,AMCR,39.07733917236328,39.07733917236328,39.07733917236328,39.07733917236328,0,yfinance
2017-11-21 00:00:00+00,AMCR,39.07733917236328,39.07733917236328,39.07733917236328,39.07733917236328,0,yfinance
2017-11-22 00:00:00+00,AMCR,39.07733917236328,39.07733917236328,39.07733917236328,39.07733917236328,520,yfinance
2017-11-24 00:00:00+00,AMCR,39.07733917236328,39.07733917236328,39.07733917236328,39.07733917236328,0,yfinance
2017-11-27 00:00:00+00,AMCR,39.07733917236328,39.07733917236328,39.07733917236328,39.07733917236328,0,yfinance
2017-11-28 00:00:00+00,AMCR,39.07733917236328,39.07733917236328,39.07733917236328,39.07733917236328,0,yfinance
2017-11-29 00:00:00+00,AMCR,38.83675765991211,38.83675765991211,38.83675765991211,38.83675765991211,300,yfinance
2017-11-30 00:00:00+00,AMCR,38.83675765991211,38.83675765991211,38.83675765991211,38.83675765991211,0,yfinance
2017-12-01 00:00:00+00,AMCR,38.83675765991211,38.83675765991211,38.83675765991211,38.83675765991211,0,yfinance
2017-12-04 00:00:00+00,AMCR,38.83675765991211,38.83675765991211,38.83675765991211,38.83675765991211,0,yfinance
2017-12-05 00:00:00+00,AMCR,38.83675765991211,38.83675765991211,38.83675765991211,38.83675765991211,0,yfinance
2017-12-06 00:00:00+00,AMCR,38.83675765991211,38.83675765991211,38.83675765991211,38.83675765991211,0,yfinance
2017-12-07 00:00:00+00,AMCR,38.83675765991211,38.83675765991211,38.83675765991211,38.83675765991211,1140,yfinance
2017-12-08 00:00:00+00,AMCR,38.83675765991211,38.83675765991211,38.83675765991211,38.83675765991211,0,yfinance
2017-12-11 00:00:00+00,AMCR,38.83675765991211,38.83675765991211,38.83675765991211,38.83675765991211,0,yfinance
2017-12-12 00:00:00+00,AMCR,38.83675765991211,38.83675765991211,38.83675765991211,38.83675765991211,0,yfinance
2017-12-13 00:00:00+00,AMCR,38.83675765991211,38.83675765991211,38.83675765991211,38.83675765991211,0,yfinance
2017-12-14 00:00:00+00,AMCR,38.83675765991211,38.83675765991211,38.83675765991211,38.83675765991211,0,yfinance
2017-12-15 00:00:00+00,AMCR,38.83675765991211,38.83675765991211,38.83675765991211,38.83675765991211,0,yfinance
2017-12-18 00:00:00+00,AMCR,38.83675765991211,38.83675765991211,38.83675765991211,38.83675765991211,0,yfinance
2017-12-19 00:00:00+00,AMCR,38.83675765991211,38.83675765991211,38.83675765991211,38.83675765991211,0,yfinance
2017-12-20 00:00:00+00,AMCR,38.83675765991211,38.83675765991211,38.83675765991211,38.83675765991211,0,yfinance
2017-12-21 00:00:00+00,AMCR,38.83675765991211,38.83675765991211,38.83675765991211,38.83675765991211,0,yfinance
2017-12-22 00:00:00+00,AMCR,38.83675765991211,38.83675765991211,38.83675765991211,38.83675765991211,0,yfinance
2017-12-26 00:00:00+00,AMCR,40.55520248413086,40.55520248413086,40.55520248413086,40.55520248413086,4500,yfinance
2017-12-27 00:00:00+00,AMCR,40.55520248413086,40.55520248413086,40.55520248413086,40.55520248413086,0,yfinance
2017-12-28 00:00:00+00,AMCR,40.55520248413086,40.55520248413086,40.55520248413086,40.55520248413086,0,yfinance
2017-12-29 00:00:00+00,AMCR,40.55520248413086,40.55520248413086,40.55520248413086,40.55520248413086,0,yfinance
2018-01-02 00:00:00+00,AMCR,40.55520248413086,40.55520248413086,40.55520248413086,40.55520248413086,0,yfinance
2018-01-03 00:00:00+00,AMCR,40.55520248413086,40.55520248413086,40.55520248413086,40.55520248413086,0,yfinance
2018-01-04 00:00:00+00,AMCR,40.55520248413086,40.55520248413086,40.55520248413086,40.55520248413086,0,yfinance
2018-01-05 00:00:00+00,AMCR,40.55520248413086,40.55520248413086,40.55520248413086,40.55520248413086,0,yfinance
2018-01-08 00:00:00+00,AMCR,40.55520248413086,40.55520248413086,40.55520248413086,40.55520248413086,0,yfinance
2018-01-09 00:00:00+00,AMCR,40.55520248413086,40.55520248413086,40.55520248413086,40.55520248413086,0,yfinance
2018-01-10 00:00:00+00,AMCR,40.55520248413086,40.55520248413086,40.55520248413086,40.55520248413086,0,yfinance
2018-01-11 00:00:00+00,AMCR,40.55520248413086,40.55520248413086,40.55520248413086,40.55520248413086,0,yfinance
2018-01-12 00:00:00+00,AMCR,40.55520248413086,40.55520248413086,40.55520248413086,40.55520248413086,0,yfinance
2018-01-16 00:00:00+00,AMCR,40.55520248413086,40.55520248413086,40.55520248413086,40.55520248413086,0,yfinance
2018-01-17 00:00:00+00,AMCR,39.867828369140625,39.867828369140625,39.867828369140625,39.867828369140625,100,yfinance
2018-01-18 00:00:00+00,AMCR,39.867828369140625,39.867828369140625,39.867828369140625,39.867828369140625,0,yfinance
2018-01-19 00:00:00+00,AMCR,39.867828369140625,39.867828369140625,39.867828369140625,39.867828369140625,0,yfinance
2018-01-22 00:00:00+00,AMCR,39.867828369140625,39.867828369140625,39.867828369140625,39.867828369140625,0,yfinance
2018-01-23 00:00:00+00,AMCR,39.83344650268555,39.83344650268555,39.83344650268555,39.83344650268555,20,yfinance
2018-01-24 00:00:00+00,AMCR,40.38334655761719,40.38334655761719,40.38334655761719,40.38334655761719,1780,yfinance
2018-01-25 00:00:00+00,AMCR,40.38334655761719,40.38334655761719,40.38334655761719,40.38334655761719,0,yfinance
2018-01-26 00:00:00+00,AMCR,40.38334655761719,40.38334655761719,40.38334655761719,40.38334655761719,0,yfinance
2018-01-29 00:00:00+00,AMCR,40.38334655761719,40.38334655761719,40.38334655761719,40.38334655761719,0,yfinance
2018-01-30 00:00:00+00,AMCR,40.38334655761719,40.38334655761719,40.38334655761719,40.38334655761719,0,yfinance
2018-01-31 00:00:00+00,AMCR,40.38334655761719,40.38334655761719,40.38334655761719,40.38334655761719,0,yfinance
2018-02-01 00:00:00+00,AMCR,40.38334655761719,40.38334655761719,40.38334655761719,40.38334655761719,0,yfinance
2018-02-02 00:00:00+00,AMCR,40.38334655761719,40.38334655761719,40.38334655761719,40.38334655761719,0,yfinance
2018-02-05 00:00:00+00,AMCR,40.38334655761719,40.38334655761719,40.38334655761719,40.38334655761719,0,yfinance
2018-02-06 00:00:00+00,AMCR,40.38334655761719,40.38334655761719,40.38334655761719,40.38334655761719,0,yfinance
2018-02-07 00:00:00+00,AMCR,40.38334655761719,40.38334655761719,40.38334655761719,40.38334655761719,0,yfinance
2018-02-08 00:00:00+00,AMCR,40.38334655761719,40.38334655761719,40.38334655761719,40.38334655761719,0,yfinance
2018-02-09 00:00:00+00,AMCR,40.38334655761719,40.38334655761719,40.38334655761719,40.38334655761719,0,yfinance
2018-02-12 00:00:00+00,AMCR,40.38334655761719,40.38334655761719,40.38334655761719,40.38334655761719,0,yfinance
2018-02-13 00:00:00+00,AMCR,39.31791687011719,39.31791687011719,39.31791687011719,39.31791687011719,2040,yfinance
2018-02-14 00:00:00+00,AMCR,39.31791687011719,39.31791687011719,39.31791687011719,39.31791687011719,0,yfinance
2018-02-15 00:00:00+00,AMCR,37.97753143310547,37.97753143310547,37.97753143310547,37.97753143310547,500,yfinance
2018-02-16 00:00:00+00,AMCR,37.943169514535406,37.943169514535406,37.462005615234375,37.462005615234375,40,yfinance
2018-02-20 00:00:00+00,AMCR,37.462005615234375,37.462005615234375,37.462005615234375,37.462005615234375,0,yfinance
2018-02-21 00:00:00+00,AMCR,37.462005615234375,37.462005615234375,37.462005615234375,37.462005615234375,0,yfinance
2018-02-22 00:00:00+00,AMCR,37.462005615234375,37.462005615234375,37.462005615234375,37.462005615234375,0,yfinance
2018-02-23 00:00:00+00,AMCR,38.14938186452379,38.18375015258789,38.14938186452379,38.18375015258789,1980,yfinance
2018-02-26 00:00:00+00,AMCR,38.18375015258789,38.18375015258789,38.18375015258789,38.18375015258789,0,yfinance
2018-02-27 00:00:00+00,AMCR,38.905120849609375,38.905120849609375,38.905120849609375,38.905120849609375,0,yfinance
2018-02-28 00:00:00+00,AMCR,38.905120849609375,38.905120849609375,38.905120849609375,38.905120849609375,0,yfinance
2018-03-01 00:00:00+00,AMCR,38.905120849609375,38.905120849609375,38.905120849609375,38.905120849609375,0,yfinance
2018-03-02 00:00:00+00,AMCR,37.60945510864258,37.60945510864258,37.60945510864258,37.60945510864258,20,yfinance
2018-03-05 00:00:00+00,AMCR,37.60945510864258,37.60945510864258,37.60945510864258,37.60945510864258,0,yfinance
2018-03-06 00:00:00+00,AMCR,37.60945510864258,37.60945510864258,37.60945510864258,37.60945510864258,0,yfinance
2018-03-07 00:00:00+00,AMCR,37.60945510864258,37.60945510864258,37.60945510864258,37.60945510864258,0,yfinance
2018-03-08 00:00:00+00,AMCR,37.60945510864258,37.60945510864258,37.60945510864258,37.60945510864258,0,yfinance
2018-03-09 00:00:00+00,AMCR,37.60945510864258,37.60945510864258,37.60945510864258,37.60945510864258,0,yfinance
2018-03-12 00:00:00+00,AMCR,37.60945510864258,37.60945510864258,37.60945510864258,37.60945510864258,0,yfinance
2018-03-13 00:00:00+00,AMCR,37.60945510864258,37.60945510864258,37.60945510864258,37.60945510864258,0,yfinance
2018-03-14 00:00:00+00,AMCR,37.60945510864258,37.60945510864258,37.60945510864258,37.60945510864258,0,yfinance
2018-03-15 00:00:00+00,AMCR,37.60945510864258,37.60945510864258,37.60945510864258,37.60945510864258,0,yfinance
2018-03-16 00:00:00+00,AMCR,38.589962005615234,38.589962005615234,38.589962005615234,38.589962005615234,2980,yfinance
2018-03-19 00:00:00+00,AMCR,38.589962005615234,38.589962005615234,38.589962005615234,38.589962005615234,0,yfinance
2018-03-20 00:00:00+00,AMCR,38.589962005615234,38.589962005615234,38.589962005615234,38.589962005615234,0,yfinance
2018-03-21 00:00:00+00,AMCR,38.589962005615234,38.589962005615234,38.589962005615234,38.589962005615234,0,yfinance
2018-03-22 00:00:00+00,AMCR,38.589962005615234,38.589962005615234,38.589962005615234,38.589962005615234,0,yfinance
2018-03-23 00:00:00+00,AMCR,38.589962005615234,38.589962005615234,38.589962005615234,38.589962005615234,600,yfinance
2018-03-26 00:00:00+00,AMCR,38.589962005615234,38.589962005615234,38.589962005615234,38.589962005615234,0,yfinance
2018-03-27 00:00:00+00,AMCR,38.589962005615234,38.589962005615234,38.589962005615234,38.589962005615234,0,yfinance
2018-03-28 00:00:00+00,AMCR,37.64447021484375,37.64447021484375,37.64447021484375,37.64447021484375,40,yfinance
2018-03-29 00:00:00+00,AMCR,37.64447021484375,37.64447021484375,37.64447021484375,37.64447021484375,0,yfinance
2018-04-02 00:00:00+00,AMCR,37.64447021484375,37.64447021484375,37.64447021484375,37.64447021484375,0,yfinance
2018-04-03 00:00:00+00,AMCR,37.64447021484375,37.64447021484375,37.64447021484375,37.64447021484375,0,yfinance
2018-04-04 00:00:00+00,AMCR,37.64447021484375,37.64447021484375,37.64447021484375,37.64447021484375,0,yfinance
2018-04-05 00:00:00+00,AMCR,37.64447021484375,37.64447021484375,37.64447021484375,37.64447021484375,0,yfinance
2018-04-06 00:00:00+00,AMCR,36.9441032409668,36.9441032409668,36.9441032409668,36.9441032409668,20,yfinance
2018-04-09 00:00:00+00,AMCR,36.9441032409668,36.9441032409668,36.9441032409668,36.9441032409668,0,yfinance
2018-04-10 00:00:00+00,AMCR,37.64447021484375,37.64447021484375,37.64447021484375,37.64447021484375,11920,yfinance
2018-04-11 00:00:00+00,AMCR,37.64447021484375,37.64447021484375,37.64447021484375,37.64447021484375,0,yfinance
2018-04-12 00:00:00+00,AMCR,37.64447021484375,37.64447021484375,37.64447021484375,37.64447021484375,0,yfinance
2018-04-13 00:00:00+00,AMCR,37.64447021484375,37.64447021484375,37.64447021484375,37.64447021484375,0,yfinance
2018-04-16 00:00:00+00,AMCR,37.64447021484375,37.64447021484375,37.64447021484375,37.64447021484375,0,yfinance
2018-04-17 00:00:00+00,AMCR,38.23978042602539,38.23978042602539,38.23978042602539,38.23978042602539,32040,yfinance
2018-04-18 00:00:00+00,AMCR,37.99466323852539,37.99466323852539,37.99466323852539,37.99466323852539,20,yfinance
2018-04-19 00:00:00+00,AMCR,37.99466323852539,37.99466323852539,37.99466323852539,37.99466323852539,0,yfinance
2018-04-20 00:00:00+00,AMCR,37.99466323852539,37.99466323852539,37.99466323852539,37.99466323852539,0,yfinance
2018-04-23 00:00:00+00,AMCR,37.99466323852539,37.99466323852539,37.99466323852539,37.99466323852539,0,yfinance
2018-04-24 00:00:00+00,AMCR,37.99466323852539,37.99466323852539,37.99466323852539,37.99466323852539,0,yfinance
2018-04-25 00:00:00+00,AMCR,37.99466323852539,37.99466323852539,37.99466323852539,37.99466323852539,0,yfinance
2018-04-26 00:00:00+00,AMCR,37.99466323852539,37.99466323852539,37.99466323852539,37.99466323852539,0,yfinance
2018-04-27 00:00:00+00,AMCR,37.99466323852539,37.99466323852539,37.99466323852539,37.99466323852539,0,yfinance
2018-04-30 00:00:00+00,AMCR,37.99466323852539,37.99466323852539,37.99466323852539,37.99466323852539,0,yfinance
2018-05-01 00:00:00+00,AMCR,35.71847152709961,35.71847152709961,35.71847152709961,35.71847152709961,40,yfinance
2018-05-02 00:00:00+00,AMCR,35.71847152709961,35.71847152709961,35.71847152709961,35.71847152709961,0,yfinance
2018-05-03 00:00:00+00,AMCR,35.71847152709961,35.71847152709961,35.71847152709961,35.71847152709961,0,yfinance
2018-05-04 00:00:00+00,AMCR,35.71847152709961,35.71847152709961,35.71847152709961,35.71847152709961,0,yfinance
2018-05-07 00:00:00+00,AMCR,35.71847152709961,35.71847152709961,35.71847152709961,35.71847152709961,0,yfinance
2018-05-08 00:00:00+00,AMCR,35.71847152709961,35.71847152709961,35.71847152709961,35.71847152709961,0,yfinance
2018-05-09 00:00:00+00,AMCR,36.06865869688775,36.523895263671875,36.06865869688775,36.523895263671875,26020,yfinance
2018-05-10 00:00:00+00,AMCR,36.523895263671875,36.523895263671875,36.523895263671875,36.523895263671875,0,yfinance
2018-05-11 00:00:00+00,AMCR,36.4888801574707,36.4888801574707,36.4888801574707,36.4888801574707,10000,yfinance
2018-05-14 00:00:00+00,AMCR,36.4888801574707,36.4888801574707,36.4888801574707,36.4888801574707,0,yfinance
2018-05-15 00:00:00+00,AMCR,36.4888801574707,36.4888801574707,36.4888801574707,36.4888801574707,0,yfinance
2018-05-16 00:00:00+00,AMCR,36.4888801574707,36.4888801574707,36.4888801574707,36.4888801574707,0,yfinance
2018-05-17 00:00:00+00,AMCR,36.4888801574707,36.4888801574707,36.4888801574707,36.4888801574707,0,yfinance
2018-05-18 00:00:00+00,AMCR,36.4888801574707,36.4888801574707,36.4888801574707,36.4888801574707,0,yfinance
2018-05-21 00:00:00+00,AMCR,36.4888801574707,36.4888801574707,36.4888801574707,36.4888801574707,0,yfinance
2018-05-22 00:00:00+00,AMCR,36.4888801574707,36.4888801574707,36.4888801574707,36.4888801574707,0,yfinance
2018-05-23 00:00:00+00,AMCR,36.4888801574707,36.4888801574707,36.4888801574707,36.4888801574707,0,yfinance
2018-05-24 00:00:00+00,AMCR,36.4888801574707,36.4888801574707,36.4888801574707,36.4888801574707,0,yfinance
2018-05-25 00:00:00+00,AMCR,36.4888801574707,36.4888801574707,36.4888801574707,36.4888801574707,0,yfinance
2018-05-29 00:00:00+00,AMCR,36.4888801574707,36.4888801574707,36.4888801574707,36.4888801574707,0,yfinance
2018-05-30 00:00:00+00,AMCR,36.4888801574707,36.4888801574707,36.4888801574707,36.4888801574707,0,yfinance
2018-05-31 00:00:00+00,AMCR,36.4888801574707,36.4888801574707,36.4888801574707,36.4888801574707,0,yfinance
2018-06-01 00:00:00+00,AMCR,36.4888801574707,36.4888801574707,36.4888801574707,36.4888801574707,0,yfinance
2018-06-04 00:00:00+00,AMCR,36.4888801574707,36.4888801574707,36.4888801574707,36.4888801574707,0,yfinance
2018-06-05 00:00:00+00,AMCR,36.4888801574707,36.4888801574707,36.4888801574707,36.4888801574707,0,yfinance
2018-06-06 00:00:00+00,AMCR,36.4888801574707,36.4888801574707,36.4888801574707,36.4888801574707,0,yfinance
2018-06-07 00:00:00+00,AMCR,36.76902389526367,36.76902389526367,36.76902389526367,36.76902389526367,80,yfinance
2018-06-08 00:00:00+00,AMCR,36.76902389526367,36.76902389526367,36.76902389526367,36.76902389526367,0,yfinance
2018-06-11 00:00:00+00,AMCR,36.76902389526367,36.76902389526367,36.76902389526367,36.76902389526367,0,yfinance
2018-06-12 00:00:00+00,AMCR,36.76902389526367,36.76902389526367,36.76902389526367,36.76902389526367,0,yfinance
2018-06-13 00:00:00+00,AMCR,37.014135946600696,37.049156188964844,37.014135946600696,37.049156188964844,6360,yfinance
2018-06-14 00:00:00+00,AMCR,37.049156188964844,37.049156188964844,37.049156188964844,37.049156188964844,0,yfinance
2018-06-15 00:00:00+00,AMCR,35.54338455200195,35.54338455200195,35.54338455200195,35.54338455200195,20,yfinance
2018-06-18 00:00:00+00,AMCR,35.54338455200195,35.54338455200195,35.54338455200195,35.54338455200195,0,yfinance
2018-06-19 00:00:00+00,AMCR,36.10367312594433,36.10367312594433,35.01811218261719,35.01811218261719,80,yfinance
2018-06-20 00:00:00+00,AMCR,35.01811218261719,35.01811218261719,35.01811218261719,35.01811218261719,0,yfinance
2018-06-21 00:00:00+00,AMCR,35.01811218261719,35.01811218261719,35.01811218261719,35.01811218261719,0,yfinance
2018-06-22 00:00:00+00,AMCR,35.01811218261719,35.01811218261719,35.01811218261719,35.01811218261719,0,yfinance
2018-06-25 00:00:00+00,AMCR,35.01811218261719,35.01811218261719,35.01811218261719,35.01811218261719,0,yfinance
2018-06-26 00:00:00+00,AMCR,35.01811218261719,35.01811218261719,35.01811218261719,35.01811218261719,0,yfinance
2018-06-27 00:00:00+00,AMCR,37.469383239746094,37.469383239746094,37.469383239746094,37.469383239746094,100,yfinance
2018-06-28 00:00:00+00,AMCR,36.76902389526367,36.76902389526367,36.76902389526367,36.76902389526367,80,yfinance
2018-06-29 00:00:00+00,AMCR,36.76902389526367,36.76902389526367,36.76902389526367,36.76902389526367,0,yfinance
2018-07-02 00:00:00+00,AMCR,36.76902389526367,36.76902389526367,36.76902389526367,36.76902389526367,0,yfinance
2018-07-03 00:00:00+00,AMCR,35.54338455200195,35.54338455200195,35.54338455200195,35.54338455200195,180,yfinance
2018-07-05 00:00:00+00,AMCR,36.41883581322949,36.41883581322949,36.34880065917969,36.34880065917969,140,yfinance
2018-07-06 00:00:00+00,AMCR,36.59392166137695,36.59392166137695,36.59392166137695,36.59392166137695,20,yfinance
2018-07-09 00:00:00+00,AMCR,36.59392166137695,36.59392166137695,36.59392166137695,36.59392166137695,0,yfinance
2018-07-10 00:00:00+00,AMCR,36.59392166137695,36.59392166137695,36.59392166137695,36.59392166137695,0,yfinance
2018-07-11 00:00:00+00,AMCR,36.59392166137695,36.59392166137695,36.59392166137695,36.59392166137695,0,yfinance
2018-07-12 00:00:00+00,AMCR,36.909088134765625,36.909088134765625,36.909088134765625,36.909088134765625,3400,yfinance
2018-07-13 00:00:00+00,AMCR,36.909088134765625,36.909088134765625,36.909088134765625,36.909088134765625,0,yfinance
2018-07-16 00:00:00+00,AMCR,36.909088134765625,36.909088134765625,36.909088134765625,36.909088134765625,0,yfinance
2018-07-17 00:00:00+00,AMCR,36.909088134765625,36.909088134765625,36.909088134765625,36.909088134765625,0,yfinance
2018-07-18 00:00:00+00,AMCR,36.909088134765625,36.909088134765625,36.909088134765625,36.909088134765625,0,yfinance
2018-07-19 00:00:00+00,AMCR,36.909088134765625,36.909088134765625,36.909088134765625,36.909088134765625,0,yfinance
2018-07-20 00:00:00+00,AMCR,36.909088134765625,36.909088134765625,36.909088134765625,36.909088134765625,0,yfinance
2018-07-23 00:00:00+00,AMCR,36.909088134765625,36.909088134765625,36.909088134765625,36.909088134765625,0,yfinance
2018-07-24 00:00:00+00,AMCR,36.909088134765625,36.909088134765625,36.909088134765625,36.909088134765625,0,yfinance
2018-07-25 00:00:00+00,AMCR,36.909088134765625,36.909088134765625,36.909088134765625,36.909088134765625,0,yfinance
2018-07-26 00:00:00+00,AMCR,36.909088134765625,36.909088134765625,36.909088134765625,36.909088134765625,0,yfinance
2018-07-27 00:00:00+00,AMCR,36.909088134765625,36.909088134765625,36.909088134765625,36.909088134765625,0,yfinance
2018-07-30 00:00:00+00,AMCR,36.909088134765625,36.909088134765625,36.909088134765625,36.909088134765625,0,yfinance
2018-07-31 00:00:00+00,AMCR,38.87010192871094,38.87010192871094,38.87010192871094,38.87010192871094,20,yfinance
2018-08-01 00:00:00+00,AMCR,38.87010192871094,38.87010192871094,38.87010192871094,38.87010192871094,540,yfinance
2018-08-02 00:00:00+00,AMCR,38.87010192871094,38.87010192871094,38.87010192871094,38.87010192871094,0,yfinance
2018-08-03 00:00:00+00,AMCR,38.87010192871094,38.87010192871094,38.87010192871094,38.87010192871094,0,yfinance
2018-08-06 00:00:00+00,AMCR,38.87010192871094,38.87010192871094,38.87010192871094,38.87010192871094,0,yfinance
2018-08-07 00:00:00+00,AMCR,38.87010192871094,38.87010192871094,38.87010192871094,38.87010192871094,0,yfinance
2018-08-08 00:00:00+00,AMCR,37.119205474853516,37.119205474853516,37.119205474853516,37.119205474853516,200,yfinance
2018-08-09 00:00:00+00,AMCR,37.119205474853516,37.119205474853516,37.119205474853516,37.119205474853516,0,yfinance
2018-08-10 00:00:00+00,AMCR,36.068660736083984,36.068660736083984,36.068660736083984,36.068660736083984,480,yfinance
2018-08-13 00:00:00+00,AMCR,36.068660736083984,36.068660736083984,36.068660736083984,36.068660736083984,0,yfinance
2018-08-14 00:00:00+00,AMCR,36.068660736083984,36.068660736083984,36.068660736083984,36.068660736083984,0,yfinance
2018-08-15 00:00:00+00,AMCR,36.068660736083984,36.068660736083984,36.068660736083984,36.068660736083984,0,yfinance
2018-08-16 00:00:00+00,AMCR,36.068660736083984,36.068660736083984,36.068660736083984,36.068660736083984,0,yfinance
2018-08-17 00:00:00+00,AMCR,36.068660736083984,36.068660736083984,36.068660736083984,36.068660736083984,0,yfinance
2018-08-20 00:00:00+00,AMCR,36.068660736083984,36.068660736083984,36.068660736083984,36.068660736083984,0,yfinance
2018-08-21 00:00:00+00,AMCR,36.418846130371094,36.418846130371094,36.418846130371094,36.418846130371094,100,yfinance
2018-08-22 00:00:00+00,AMCR,36.418846130371094,36.418846130371094,36.418846130371094,36.418846130371094,0,yfinance
2018-08-23 00:00:00+00,AMCR,36.418846130371094,36.418846130371094,36.418846130371094,36.418846130371094,0,yfinance
2018-08-24 00:00:00+00,AMCR,36.418846130371094,36.418846130371094,36.418846130371094,36.418846130371094,0,yfinance
2018-08-27 00:00:00+00,AMCR,36.418846130371094,36.418846130371094,36.418846130371094,36.418846130371094,0,yfinance
2018-08-28 00:00:00+00,AMCR,36.1737060546875,36.1737060546875,36.1737060546875,36.1737060546875,60,yfinance
2018-08-29 00:00:00+00,AMCR,36.1737060546875,36.1737060546875,36.1737060546875,36.1737060546875,0,yfinance
2018-08-30 00:00:00+00,AMCR,36.1737060546875,36.1737060546875,36.1737060546875,36.1737060546875,0,yfinance
2018-08-31 00:00:00+00,AMCR,36.1737060546875,36.1737060546875,36.1737060546875,36.1737060546875,0,yfinance
2018-09-04 00:00:00+00,AMCR,36.1737060546875,36.1737060546875,36.1737060546875,36.1737060546875,0,yfinance
2018-09-05 00:00:00+00,AMCR,36.1737060546875,36.1737060546875,36.1737060546875,36.1737060546875,0,yfinance
2018-09-06 00:00:00+00,AMCR,36.1737060546875,36.1737060546875,36.1737060546875,36.1737060546875,0,yfinance
2018-09-07 00:00:00+00,AMCR,37.01578903198242,37.01578903198242,37.01578903198242,37.01578903198242,0,yfinance
2018-09-10 00:00:00+00,AMCR,37.01578903198242,37.01578903198242,37.01578903198242,37.01578903198242,0,yfinance
2018-09-11 00:00:00+00,AMCR,35.29579162597656,35.29579162597656,35.29579162597656,35.29579162597656,40,yfinance
2018-09-12 00:00:00+00,AMCR,35.9407958984375,35.9407958984375,35.9407958984375,35.9407958984375,260,yfinance
2018-09-13 00:00:00+00,AMCR,35.9407958984375,35.9407958984375,35.9407958984375,35.9407958984375,0,yfinance
2018-09-14 00:00:00+00,AMCR,35.9407958984375,35.9407958984375,35.9407958984375,35.9407958984375,0,yfinance
2018-09-17 00:00:00+00,AMCR,35.9407958984375,35.9407958984375,35.9407958984375,35.9407958984375,0,yfinance
2018-09-18 00:00:00+00,AMCR,35.9407958984375,35.9407958984375,35.9407958984375,35.9407958984375,0,yfinance
2018-09-19 00:00:00+00,AMCR,34.937469482421875,34.937469482421875,34.937469482421875,34.937469482421875,20,yfinance
2018-09-20 00:00:00+00,AMCR,34.937469482421875,34.937469482421875,34.937469482421875,34.937469482421875,0,yfinance
2018-09-21 00:00:00+00,AMCR,34.937469482421875,34.937469482421875,34.937469482421875,34.937469482421875,0,yfinance
2018-09-24 00:00:00+00,AMCR,34.937469482421875,34.937469482421875,34.937469482421875,34.937469482421875,0,yfinance
2018-09-25 00:00:00+00,AMCR,34.937469482421875,34.937469482421875,34.937469482421875,34.937469482421875,0,yfinance
2018-09-26 00:00:00+00,AMCR,34.93746468515107,35.4749641418457,34.93746468515107,35.4749641418457,1320,yfinance
2018-09-27 00:00:00+00,AMCR,35.65412521362305,35.65412521362305,35.65412521362305,35.65412521362305,40,yfinance
2018-09-28 00:00:00+00,AMCR,35.65412521362305,35.65412521362305,35.65412521362305,35.65412521362305,0,yfinance
2018-10-01 00:00:00+00,AMCR,35.4749641418457,35.4749641418457,35.4749641418457,35.4749641418457,80,yfinance
2018-10-02 00:00:00+00,AMCR,35.4749641418457,35.4749641418457,35.4749641418457,35.4749641418457,0,yfinance
2018-10-03 00:00:00+00,AMCR,34.22079849243164,34.22079849243164,34.22079849243164,34.22079849243164,20,yfinance
2018-10-04 00:00:00+00,AMCR,34.22079849243164,34.22079849243164,34.22079849243164,34.22079849243164,0,yfinance
2018-10-05 00:00:00+00,AMCR,33.683292388916016,33.683292388916016,33.683292388916016,33.683292388916016,1800,yfinance
2018-10-08 00:00:00+00,AMCR,33.683292388916016,33.683292388916016,33.683292388916016,33.683292388916016,0,yfinance
2018-10-09 00:00:00+00,AMCR,33.683292388916016,33.683292388916016,33.683292388916016,33.683292388916016,0,yfinance
2018-10-10 00:00:00+00,AMCR,33.64746859008817,33.64746859008817,33.00246810913086,33.00246810913086,140,yfinance
2018-10-11 00:00:00+00,AMCR,33.00246810913086,33.00246810913086,33.00246810913086,33.00246810913086,0,yfinance
2018-10-12 00:00:00+00,AMCR,33.00246810913086,33.00246810913086,33.00246810913086,33.00246810913086,0,yfinance
2018-10-15 00:00:00+00,AMCR,33.3249626159668,33.3249626159668,33.3249626159668,33.3249626159668,20,yfinance
2018-10-16 00:00:00+00,AMCR,33.3249626159668,33.3249626159668,33.3249626159668,33.3249626159668,0,yfinance
2018-10-17 00:00:00+00,AMCR,33.3249626159668,33.3249626159668,33.3249626159668,33.3249626159668,0,yfinance
2018-10-18 00:00:00+00,AMCR,33.3249626159668,33.3249626159668,33.3249626159668,33.3249626159668,0,yfinance
2018-10-19 00:00:00+00,AMCR,33.57580046759815,33.61163595411409,32.249969482421875,32.249969482421875,6420,yfinance
2018-10-22 00:00:00+00,AMCR,32.249969482421875,32.249969482421875,32.249969482421875,32.249969482421875,100,yfinance
2018-10-23 00:00:00+00,AMCR,32.249969482421875,32.249969482421875,32.249969482421875,32.249969482421875,0,yfinance
2018-10-24 00:00:00+00,AMCR,32.249969482421875,32.249969482421875,32.249969482421875,32.249969482421875,0,yfinance
2018-10-25 00:00:00+00,AMCR,32.249969482421875,32.249969482421875,32.249969482421875,32.249969482421875,20,yfinance
2018-10-26 00:00:00+00,AMCR,32.249969482421875,32.249969482421875,32.249969482421875,32.249969482421875,20,yfinance
2018-10-29 00:00:00+00,AMCR,32.249969482421875,32.249969482421875,32.249969482421875,32.249969482421875,0,yfinance
2018-10-30 00:00:00+00,AMCR,32.249969482421875,32.249969482421875,32.249969482421875,32.249969482421875,0,yfinance
2018-10-31 00:00:00+00,AMCR,32.249969482421875,32.249969482421875,32.249969482421875,32.249969482421875,60,yfinance
2018-11-01 00:00:00+00,AMCR,32.249969482421875,32.249969482421875,32.249969482421875,32.249969482421875,0,yfinance
2018-11-02 00:00:00+00,AMCR,32.249969482421875,32.249969482421875,32.249969482421875,32.249969482421875,20,yfinance
2018-11-05 00:00:00+00,AMCR,32.249969482421875,32.249969482421875,32.249969482421875,32.249969482421875,0,yfinance
2018-11-06 00:00:00+00,AMCR,34.364131927490234,34.364131927490234,34.364131927490234,34.364131927490234,2800,yfinance
2018-11-07 00:00:00+00,AMCR,34.364131927490234,34.364131927490234,34.364131927490234,34.364131927490234,0,yfinance
2018-11-08 00:00:00+00,AMCR,34.937469482421875,34.937469482421875,34.937469482421875,34.937469482421875,20,yfinance
2018-11-09 00:00:00+00,AMCR,34.7582893371582,34.7582893371582,34.7582893371582,34.7582893371582,100,yfinance
2018-11-12 00:00:00+00,AMCR,34.93746280670166,34.93746280670166,34.39996337890625,34.39996337890625,2780,yfinance
2018-11-13 00:00:00+00,AMCR,34.937469482421875,34.937469482421875,34.937469482421875,34.937469482421875,1860,yfinance
2018-11-14 00:00:00+00,AMCR,34.97329330444336,34.97329330444336,34.97329330444336,34.97329330444336,920,yfinance
2018-11-15 00:00:00+00,AMCR,35.22412680710453,35.65412521362305,35.22412680710453,35.65412521362305,2260,yfinance
2018-11-16 00:00:00+00,AMCR,35.65412521362305,35.65412521362305,35.65412521362305,35.65412521362305,0,yfinance
2018-11-19 00:00:00+00,AMCR,35.65412521362305,35.65412521362305,35.65412521362305,35.65412521362305,20,yfinance
2018-11-20 00:00:00+00,AMCR,34.7582893371582,34.7582893371582,34.7582893371582,34.7582893371582,4620,yfinance
2018-11-21 00:00:00+00,AMCR,34.7582893371582,34.7582893371582,34.7582893371582,34.7582893371582,0,yfinance
2018-11-23 00:00:00+00,AMCR,34.7582893371582,34.7582893371582,34.7582893371582,34.7582893371582,20,yfinance
2018-11-26 00:00:00+00,AMCR,34.7582893371582,34.7582893371582,34.7582893371582,34.7582893371582,0,yfinance
2018-11-27 00:00:00+00,AMCR,34.7582893371582,34.7582893371582,34.7582893371582,34.7582893371582,0,yfinance
2018-11-28 00:00:00+00,AMCR,34.29246520996094,34.29246520996094,34.29246520996094,34.29246520996094,40,yfinance
2018-11-29 00:00:00+00,AMCR,35.331626892089844,35.331626892089844,35.331626892089844,35.331626892089844,3460,yfinance
2018-11-30 00:00:00+00,AMCR,35.331626892089844,35.331626892089844,35.331626892089844,35.331626892089844,0,yfinance
2018-12-03 00:00:00+00,AMCR,35.331626892089844,35.331626892089844,35.331626892089844,35.331626892089844,0,yfinance
2018-12-04 00:00:00+00,AMCR,35.331626892089844,35.331626892089844,35.331626892089844,35.331626892089844,0,yfinance
2018-12-06 00:00:00+00,AMCR,35.331626892089844,35.331626892089844,35.331626892089844,35.331626892089844,0,yfinance
2018-12-07 00:00:00+00,AMCR,35.331626892089844,35.331626892089844,35.331626892089844,35.331626892089844,0,yfinance
2018-12-10 00:00:00+00,AMCR,35.331626892089844,35.331626892089844,35.331626892089844,35.331626892089844,400,yfinance
2018-12-11 00:00:00+00,AMCR,34.256622314453125,34.256622314453125,34.256622314453125,34.256622314453125,2040,yfinance
2018-12-12 00:00:00+00,AMCR,34.39996337890625,34.39996337890625,34.39996337890625,34.39996337890625,2040,yfinance
2018-12-13 00:00:00+00,AMCR,34.39996337890625,34.39996337890625,34.39996337890625,34.39996337890625,0,yfinance
2018-12-14 00:00:00+00,AMCR,34.39996337890625,34.39996337890625,34.39996337890625,34.39996337890625,0,yfinance
2018-12-17 00:00:00+00,AMCR,34.041629791259766,34.041629791259766,34.041629791259766,34.041629791259766,2040,yfinance
2018-12-18 00:00:00+00,AMCR,34.041629791259766,34.041629791259766,34.041629791259766,34.041629791259766,0,yfinance
2018-12-19 00:00:00+00,AMCR,34.041629791259766,34.041629791259766,34.041629791259766,34.041629791259766,20,yfinance
2018-12-20 00:00:00+00,AMCR,33.360785433452115,33.360785433452115,33.14578628540039,33.14578628540039,200,yfinance
2018-12-21 00:00:00+00,AMCR,32.249969482421875,32.249969482421875,32.249969482421875,32.249969482421875,306060,yfinance
2018-12-24 00:00:00+00,AMCR,32.249969482421875,32.249969482421875,32.249969482421875,32.249969482421875,0,yfinance
2018-12-26 00:00:00+00,AMCR,32.24996795654297,33.14580039978027,31.354135513305664,31.354135513305664,1200,yfinance
2018-12-27 00:00:00+00,AMCR,31.354135513305664,31.354135513305664,31.354135513305664,31.354135513305664,0,yfinance
2018-12-28 00:00:00+00,AMCR,33.3249626159668,33.3249626159668,33.3249626159668,33.3249626159668,40,yfinance
2018-12-31 00:00:00+00,AMCR,33.3249626159668,33.3249626159668,33.3249626159668,33.3249626159668,20,yfinance
2019-01-02 00:00:00+00,AMCR,33.3249626159668,33.3249626159668,33.3249626159668,33.3249626159668,0,yfinance
2019-01-03 00:00:00+00,AMCR,33.3249626159668,33.3249626159668,33.3249626159668,33.3249626159668,24400,yfinance
2019-01-04 00:00:00+00,AMCR,33.3249626159668,33.3249626159668,33.3249626159668,33.3249626159668,20,yfinance
2019-01-07 00:00:00+00,AMCR,34.0774625390042,34.0774625390042,34.041629791259766,34.041629791259766,7200,yfinance
2019-01-08 00:00:00+00,AMCR,33.826622009277344,33.826622009277344,33.826622009277344,33.826622009277344,2040,yfinance
2019-01-09 00:00:00+00,AMCR,33.86246109008789,33.86246109008789,33.86246109008789,33.86246109008789,3460,yfinance
2019-01-10 00:00:00+00,AMCR,34.077457427978516,34.077457427978516,34.077457427978516,34.077457427978516,60,yfinance
2019-01-11 00:00:00+00,AMCR,34.077457427978516,34.077457427978516,34.077457427978516,34.077457427978516,2060,yfinance
2019-01-14 00:00:00+00,AMCR,34.077457427978516,34.077457427978516,34.077457427978516,34.077457427978516,8080,yfinance
2019-01-15 00:00:00+00,AMCR,33.50413131713867,33.50413131713867,33.50413131713867,33.50413131713867,60,yfinance
2019-01-16 00:00:00+00,AMCR,33.50413131713867,33.50413131713867,33.50413131713867,33.50413131713867,0,yfinance
2019-01-17 00:00:00+00,AMCR,34.29246520996094,34.29246520996094,34.29246520996094,34.29246520996094,1600,yfinance
2019-01-18 00:00:00+00,AMCR,34.22079849243164,34.22079849243164,34.22079849243164,34.22079849243164,60,yfinance
2019-01-22 00:00:00+00,AMCR,34.22079849243164,34.22079849243164,34.22079849243164,34.22079849243164,20,yfinance
2019-01-23 00:00:00+00,AMCR,34.72245788574219,34.72245788574219,34.72245788574219,34.72245788574219,4520,yfinance
2019-01-24 00:00:00+00,AMCR,34.72245788574219,34.72245788574219,34.72245788574219,34.72245788574219,0,yfinance
2019-01-25 00:00:00+00,AMCR,34.72245788574219,34.72245788574219,34.72245788574219,34.72245788574219,0,yfinance
2019-01-28 00:00:00+00,AMCR,34.72245788574219,34.72245788574219,34.72245788574219,34.72245788574219,20,yfinance
2019-01-29 00:00:00+00,AMCR,34.72245788574219,34.72245788574219,34.72245788574219,34.72245788574219,0,yfinance
2019-01-30 00:00:00+00,AMCR,34.72245788574219,34.72245788574219,34.72245788574219,34.72245788574219,0,yfinance
2019-01-31 00:00:00+00,AMCR,34.72245788574219,34.72245788574219,34.72245788574219,34.72245788574219,0,yfinance
2019-02-01 00:00:00+00,AMCR,34.72245788574219,34.72245788574219,34.72245788574219,34.72245788574219,3060,yfinance
2019-02-04 00:00:00+00,AMCR,34.72245788574219,34.72245788574219,34.72245788574219,34.72245788574219,20,yfinance
2019-02-05 00:00:00+00,AMCR,36.15580368041992,36.15580368041992,36.15580368041992,36.15580368041992,3080,yfinance
2019-02-06 00:00:00+00,AMCR,36.15580368041992,36.15580368041992,36.15580368041992,36.15580368041992,0,yfinance
2019-02-07 00:00:00+00,AMCR,36.908287048339844,36.908287048339844,36.908287048339844,36.908287048339844,20,yfinance
2019-02-08 00:00:00+00,AMCR,36.908287048339844,36.908287048339844,36.908287048339844,36.908287048339844,20,yfinance
2019-02-11 00:00:00+00,AMCR,36.80078887939453,36.80078887939453,36.80078887939453,36.80078887939453,2020,yfinance
2019-02-12 00:00:00+00,AMCR,36.80078887939453,36.80078887939453,36.80078887939453,36.80078887939453,0,yfinance
2019-02-13 00:00:00+00,AMCR,36.80078887939453,36.80078887939453,36.80078887939453,36.80078887939453,0,yfinance
2019-02-14 00:00:00+00,AMCR,36.80078887939453,36.80078887939453,36.80078887939453,36.80078887939453,40,yfinance
2019-02-15 00:00:00+00,AMCR,36.80078887939453,36.80078887939453,36.80078887939453,36.80078887939453,2000,yfinance
2019-02-19 00:00:00+00,AMCR,36.80078887939453,36.80078887939453,36.80078887939453,36.80078887939453,20,yfinance
2019-02-20 00:00:00+00,AMCR,36.80078887939453,36.80078887939453,36.80078887939453,36.80078887939453,0,yfinance
2019-02-21 00:00:00+00,AMCR,36.80078887939453,36.80078887939453,36.80078887939453,36.80078887939453,0,yfinance
2019-02-22 00:00:00+00,AMCR,36.80078887939453,36.80078887939453,36.80078887939453,36.80078887939453,0,yfinance
2019-02-25 00:00:00+00,AMCR,38.341636657714844,38.341636657714844,38.341636657714844,38.341636657714844,40,yfinance
2019-02-26 00:00:00+00,AMCR,38.341636657714844,38.341636657714844,38.341636657714844,38.341636657714844,0,yfinance
2019-02-27 00:00:00+00,AMCR,38.341636657714844,38.341636657714844,38.341636657714844,38.341636657714844,0,yfinance
2019-02-28 00:00:00+00,AMCR,38.341636657714844,38.341636657714844,38.341636657714844,38.341636657714844,0,yfinance
2019-03-01 00:00:00+00,AMCR,38.341636657714844,38.341636657714844,38.341636657714844,38.341636657714844,20,yfinance
2019-03-04 00:00:00+00,AMCR,39.112918853759766,39.112918853759766,39.112918853759766,39.112918853759766,0,yfinance
2019-03-05 00:00:00+00,AMCR,37.6507453918457,37.6507453918457,37.6507453918457,37.6507453918457,20,yfinance
2019-03-06 00:00:00+00,AMCR,37.796958923339844,37.796958923339844,37.796958923339844,37.796958923339844,20,yfinance
2019-03-07 00:00:00+00,AMCR,37.796958923339844,37.796958923339844,37.796958923339844,37.796958923339844,180,yfinance
2019-03-08 00:00:00+00,AMCR,37.796958923339844,37.796958923339844,37.796958923339844,37.796958923339844,0,yfinance
2019-03-11 00:00:00+00,AMCR,37.796958923339844,37.796958923339844,37.796958923339844,37.796958923339844,20,yfinance
2019-03-12 00:00:00+00,AMCR,38.34527587890625,38.34527587890625,38.34527587890625,38.34527587890625,3000,yfinance
2019-03-13 00:00:00+00,AMCR,38.27216339111328,38.27216339111328,38.27216339111328,38.27216339111328,2060,yfinance
2019-03-14 00:00:00+00,AMCR,38.27216339111328,38.27216339111328,38.27216339111328,38.27216339111328,20,yfinance
2019-03-15 00:00:00+00,AMCR,38.27216339111328,38.27216339111328,38.27216339111328,38.27216339111328,0,yfinance
2019-03-18 00:00:00+00,AMCR,38.27216339111328,38.27216339111328,38.27216339111328,38.27216339111328,0,yfinance
2019-03-19 00:00:00+00,AMCR,38.27216339111328,38.27216339111328,38.27216339111328,38.27216339111328,0,yfinance
2019-03-20 00:00:00+00,AMCR,38.27216339111328,38.27216339111328,38.27216339111328,38.27216339111328,0,yfinance
2019-03-21 00:00:00+00,AMCR,39.07636260986328,39.07636260986328,39.07636260986328,39.07636260986328,2900,yfinance
2019-03-22 00:00:00+00,AMCR,39.478450775146484,39.478450775146484,39.478450775146484,39.478450775146484,4140,yfinance
2019-03-25 00:00:00+00,AMCR,39.40535354614258,39.40535354614258,39.40535354614258,39.40535354614258,14120,yfinance
2019-03-26 00:00:00+00,AMCR,39.40535354614258,39.40535354614258,39.40535354614258,39.40535354614258,20,yfinance
2019-03-27 00:00:00+00,AMCR,39.478450775146484,39.478450775146484,39.478450775146484,39.478450775146484,1000,yfinance
2019-03-28 00:00:00+00,AMCR,39.295692443847656,39.295692443847656,39.295692443847656,39.295692443847656,20,yfinance
2019-03-29 00:00:00+00,AMCR,39.295692443847656,39.295692443847656,39.295692443847656,39.295692443847656,0,yfinance
2019-04-01 00:00:00+00,AMCR,40.31920536833865,40.501976013183594,40.31920536833865,40.501976013183594,4120,yfinance
2019-04-02 00:00:00+00,AMCR,40.501976013183594,40.501976013183594,40.501976013183594,40.501976013183594,0,yfinance
2019-04-03 00:00:00+00,AMCR,40.501976013183594,40.501976013183594,40.501976013183594,40.501976013183594,0,yfinance
2019-04-04 00:00:00+00,AMCR,40.501976013183594,40.501976013183594,40.501976013183594,40.501976013183594,0,yfinance
2019-04-05 00:00:00+00,AMCR,39.58811569213867,39.58811569213867,39.58811569213867,39.58811569213867,160,yfinance
2019-04-08 00:00:00+00,AMCR,40.282649993896484,40.282649993896484,40.282649993896484,40.282649993896484,4080,yfinance
2019-04-09 00:00:00+00,AMCR,40.28264795265316,41.12339401245117,39.880553102303146,41.12339401245117,11600,yfinance
2019-04-10 00:00:00+00,AMCR,41.12339401245117,41.12339401245117,41.12339401245117,41.12339401245117,8000,yfinance
2019-04-11 00:00:00+00,AMCR,41.12339401245117,41.12339401245117,40.757852732340496,41.12339401245117,120,yfinance
2019-04-12 00:00:00+00,AMCR,41.12339401245117,41.12339401245117,41.12339401245117,41.12339401245117,0,yfinance
2019-04-15 00:00:00+00,AMCR,41.12339401245117,41.12339401245117,41.12339401245117,41.12339401245117,2040,yfinance
2019-04-16 00:00:00+00,AMCR,40.794404215341736,40.794404215341736,40.757850646972656,40.757850646972656,3840,yfinance
2019-04-17 00:00:00+00,AMCR,40.24609375,40.24609375,40.24609375,40.24609375,3060,yfinance
2019-04-18 00:00:00+00,AMCR,40.24609375,40.24609375,40.24609375,40.24609375,0,yfinance
2019-04-22 00:00:00+00,AMCR,39.95365905761719,39.95365905761719,39.95365905761719,39.95365905761719,2040,yfinance
2019-04-23 00:00:00+00,AMCR,40.57508850097656,40.57508850097656,40.57508850097656,40.57508850097656,7220,yfinance
2019-04-24 00:00:00+00,AMCR,40.57508850097656,40.57508850097656,40.57508850097656,40.57508850097656,0,yfinance
2019-04-25 00:00:00+00,AMCR,40.209537506103516,40.209537506103516,40.209537506103516,40.209537506103516,20,yfinance
2019-04-26 00:00:00+00,AMCR,40.64555358886719,40.64555358886719,40.64555358886719,40.64555358886719,0,yfinance
2019-04-29 00:00:00+00,AMCR,40.64555358886719,40.64555358886719,40.64555358886719,40.64555358886719,0,yfinance
2019-04-30 00:00:00+00,AMCR,40.64555358886719,40.64555358886719,40.64555358886719,40.64555358886719,20,yfinance
2019-05-01 00:00:00+00,AMCR,40.64555358886719,40.64555358886719,40.64555358886719,40.64555358886719,0,yfinance
2019-05-02 00:00:00+00,AMCR,40.64555358886719,40.64555358886719,40.64555358886719,40.64555358886719,0,yfinance
2019-05-03 00:00:00+00,AMCR,43.158190897503054,43.19514083862305,43.158190897503054,43.19514083862305,40800,yfinance
2019-05-06 00:00:00+00,AMCR,43.19514083862305,43.19514083862305,43.19514083862305,43.19514083862305,20,yfinance
2019-05-07 00:00:00+00,AMCR,43.19514083862305,43.19514083862305,43.19514083862305,43.19514083862305,26220,yfinance
2019-05-08 00:00:00+00,AMCR,43.19514083862305,43.19514083862305,43.19514083862305,43.19514083862305,0,yfinance
2019-05-09 00:00:00+00,AMCR,43.19514083862305,43.19514083862305,43.19514083862305,43.19514083862305,0,yfinance
2019-05-10 00:00:00+00,AMCR,43.19514083862305,43.19514083862305,43.19514083862305,43.19514083862305,0,yfinance
2019-05-13 00:00:00+00,AMCR,43.19514083862305,43.19514083862305,43.19514083862305,43.19514083862305,0,yfinance
2019-05-14 00:00:00+00,AMCR,43.19514083862305,43.19514083862305,43.19514083862305,43.19514083862305,0,yfinance
2019-05-15 00:00:00+00,AMCR,43.19514083862305,43.19514083862305,43.19514083862305,43.19514083862305,0,yfinance
2019-05-16 00:00:00+00,AMCR,43.19514083862305,43.19514083862305,43.19514083862305,43.19514083862305,0,yfinance
2019-05-17 00:00:00+00,AMCR,43.19514083862305,43.19514083862305,43.19514083862305,43.19514083862305,0,yfinance
2019-05-20 00:00:00+00,AMCR,43.19514083862305,43.19514083862305,43.19514083862305,43.19514083862305,0,yfinance
2019-05-21 00:00:00+00,AMCR,43.19514083862305,43.19514083862305,43.19514083862305,43.19514083862305,0,yfinance
2019-05-22 00:00:00+00,AMCR,43.19514083862305,43.19514083862305,43.19514083862305,43.19514083862305,0,yfinance
2019-05-23 00:00:00+00,AMCR,43.19514083862305,43.19514083862305,43.19514083862305,43.19514083862305,0,yfinance
2019-05-24 00:00:00+00,AMCR,43.19514083862305,43.19514083862305,43.19514083862305,43.19514083862305,0,yfinance
2019-05-28 00:00:00+00,AMCR,43.19514083862305,43.19514083862305,43.19514083862305,43.19514083862305,0,yfinance
2019-05-29 00:00:00+00,AMCR,43.19514083862305,43.19514083862305,43.19514083862305,43.19514083862305,20,yfinance
2019-05-30 00:00:00+00,AMCR,43.19514083862305,43.19514083862305,43.19514083862305,43.19514083862305,0,yfinance
2019-05-31 00:00:00+00,AMCR,41.19981384277344,41.19981384277344,41.19981384277344,41.19981384277344,100,yfinance
2019-06-03 00:00:00+00,AMCR,41.19981384277344,41.19981384277344,41.19981384277344,41.19981384277344,540,yfinance
2019-06-04 00:00:00+00,AMCR,41.19981384277344,41.19981384277344,41.19981384277344,41.19981384277344,0,yfinance
2019-06-05 00:00:00+00,AMCR,41.19981384277344,41.19981384277344,41.19981384277344,41.19981384277344,0,yfinance
2019-06-06 00:00:00+00,AMCR,41.19981384277344,41.19981384277344,41.19981384277344,41.19981384277344,0,yfinance
2019-06-07 00:00:00+00,AMCR,41.19981384277344,41.19981384277344,41.19981384277344,41.19981384277344,0,yfinance
2019-06-10 00:00:00+00,AMCR,41.19981384277344,41.19981384277344,41.19981384277344,41.19981384277344,0,yfinance
