as_of,source_revision,revision_at,member_count,symbols
2014-12-31,640147366,2014-12-29T21:38:55+00:00,502,MMM ABT ABBV ACE ACN ACT ADBE ADT AES AET AFL AMG A GAS APD ARG AKAM AA ALXN ATI ALLE AGN ADS ALL ALTR MO AMZN AEE AEP AXP AIG AMT AMP ABC AME AMGN APH APC ADI AON APA AIV AAPL AMAT ADM AIZ T ADSK ADP AN AZO AVGO AVB AVY AVP BHI BLL BAC BK BCR BAX BBT BDX BBBY BRK.B BBY BIIB BLK HRB BA BWA BXP BSX BMY BRCM BF.B CHRW CA CVC COG CAM CPB COF CAH CFN KMX CCL CAT CBG CBS CELG CNP CTL CERN CF SCHW CHK CVX CMG CB CI XEC CINF CTAS CSCO C CTXS CLX CME CMS COH KO CCE CTSH CL CMCSA CMA CSC CAG COP CNX ED STZ GLW COST COV CCI CSX CMI CVS DHI DHR DRI DVA DE DLPH DAL DNR XRAY DVN DO DTV DFS DISCA DISCK DG DLTR D DOV DOW DPS DTE DD DUK DNB ETFC EMN ETN EBAY ECL EIX EW EA EMC EMR ESV ETR EOG EQT EFX EQR ESS EL EXC EXPE EXPD ESRX XOM FFIV FB FDO FAST FDX FIS FITB FSLR FE FISV FLIR FLS FLR FMC FTI F FOSL BEN FCX FTR GME GCI GPS GRMN GD GE GGP GIS GM GPC GNW GILD GS GT GOOGL GOOG GWW HAL HOG HAR HRS HIG HAS HCP HCN HP HES HPQ HD HON HRL HSP HST HCBK HUM HBAN ITW IR TEG INTC ICE IBM IP IPG IFF INTU ISRG IVZ IRM JEC JNJ JCI JOY JPM JNPR KSU K KEY GMCR KMB KIM KMI KLAC KSS KRFT KR LB LLL LH LRCX LM LEG LEN LVLT LUK LLY LNC LLTC LMT L LO LOW LYB MTB MAC M MNK MRO MPC MAR MMC MAS MA MAT MKC MCD MHFI MCK MJN MWV MDT MRK MET KORS MCHP MU MSFT MHK TAP MDLZ MON MNST MCO MS MOS MSI MUR MYL NBR NDAQ NOV NAVI NTAP NFLX NWL NFX NEM NWSA NEE NLSN NKE NI NE NBL JWN NSC NTRS NOC NU NRG NUE NVDA ORLY OXY OMC OKE ORCL OI PCG PCAR PLL PH PDCO PAYX PNR PBCT POM PEP PKI PRGO PETM PFE PM PSX PNW PXD PBI PCL PNC RL PPG PPL PX PCP PCLN PFG PG PGR PLD PRU PEG PSA PHM PVH QEP PWR QCOM DGX RRC RTN RHT REGN RF RSG RAI RHI ROK COL ROP ROST RCL R SWY CRM SNDK SCG SLB SNI STX SEE SRE SHW SIAL SPG SJM SNA SO LUV SWN SE STJ SWK SPLS SBUX HOT STT SRCL SYK STI SYMC SYY TROW TGT TEL TE THC TDC TSO TXN TXT HSY TRV TMO TIF TWX TWC TJX TMK TSS TSCO RIG TRIP FOXA TSN TYC USB UA UNP UNH UPS MLM URI UTX UHS UNM URBN VFC VLO VAR VTR VRSN VZ VRTX VIAB V VNO VMC WMT WAG DIS WM WAT ANTM WFC WDC WU WY WHR WFM WMB WIN WEC WYN WYNN XEL XRX XLNX XL XYL YHOO YUM ZMH ZION ZTS
2015-01-31,644366768,2015-01-27T06:34:47+00:00,502,MMM ABT ABBV ACE ACN ACT ADBE ADT AES AET AFL AMG A GAS APD ARG AKAM AA ALXN ATI ALLE AGN ADS ALL ALTR MO AMZN AEE AEP AXP AIG AMT AMP ABC AME AMGN APH APC ADI AON APA AIV AAPL AMAT ADM AIZ T ADSK ADP AN AZO AVGO AVB AVY AVP BHI BLL BAC BK BCR BAX BBT BDX BBBY BRK.B BBY BIIB BLK HRB BA BWA BXP BSX BMY BRCM BF.B CHRW CA CVC COG CAM CPB COF CAH CFN KMX CCL CAT CBG CBS CELG CNP CTL CERN CF SCHW CHK CVX CMG CB CI XEC CINF CTAS CSCO C CTXS CLX CME CMS COH KO CCE CTSH CL CMCSA CMA CSC CAG COP CNX ED STZ GLW COST CCI CSX CMI CVS DHI DHR DRI DVA DE DLPH DAL DNR XRAY DVN DO DTV DFS DISCA DISCK DG DLTR D DOV DOW DPS DTE DD DUK DNB ETFC EMN ETN EBAY ECL EIX EW EA EMC EMR ENDP ESV ETR EOG EQT EFX EQR ESS EL EXC EXPE EXPD ESRX XOM FFIV FB FDO FAST FDX FIS FITB FSLR FE FISV FLIR FLS FLR FMC FTI F FOSL BEN FCX FTR GME GCI GPS GRMN GD GE GGP GIS GM GPC GNW GILD GS GT GOOGL GOOG GWW HAL HOG HAR HRS HIG HAS HCA HCP HCN HP HES HPQ HD HON HRL HSP HST HCBK HUM HBAN ITW IR TEG INTC ICE IBM IP IPG IFF INTU ISRG IVZ IRM JEC JNJ JCI JOY JPM JNPR KSU K KEY GMCR KMB KIM KMI KLAC KSS KRFT KR LB LLL LH LRCX LM LEG LEN LVLT LUK LLY LNC LLTC LMT L LO LOW LYB MTB MAC M MNK MRO MPC MAR MMC MAS MA MAT MKC MCD MHFI MCK MJN MWV MDT MRK MET KORS MCHP MU MSFT MHK TAP MDLZ MON MNST MCO MS MOS MSI MUR MYL NBR NDAQ NOV NAVI NTAP NFLX NWL NFX NEM NWSA NEE NLSN NKE NI NE NBL JWN NSC NTRS NOC NU NRG NUE NVDA ORLY OXY OMC OKE ORCL OI PCG PCAR PLL PH PDCO PAYX PNR PBCT POM PEP PKI PRGO PETM PFE PM PSX PNW PXD PBI PCL PNC RL PPG PPL PX PCP PCLN PFG PG PGR PLD PRU PEG PSA PHM PVH QEP PWR QCOM DGX RRC RTN RHT REGN RF RSG RAI RHI ROK COL ROP ROST RCL R CRM SNDK SCG SLB SNI STX SEE SRE SHW SIAL SPG SJM SNA SO LUV SWN SE STJ SWK SPLS SBUX HOT STT SRCL SYK STI SYMC SYY TROW TGT TEL TE THC TDC TSO TXN TXT HSY TRV TMO TIF TWX TWC TJX TMK TSS TSCO RIG TRIP FOXA TSN TYC USB UA UNP UNH UPS MLM URI UTX UHS UNM URBN VFC VLO VAR VTR VRSN VZ VRTX VIAB V VNO VMC WMT WBA DIS WM WAT ANTM WFC WDC WU WY WHR WFM WMB WIN WEC WYN WYNN XEL XRX XLNX XL XYL YHOO YUM ZMH ZION ZTS
2015-02-28,648083260,2015-02-20T20:03:51+00:00,502,MMM ABT ABBV ACE ACN ACT ADBE ADT AES AET AFL AMG A GAS APD ARG AKAM AA ALXN ATI ALLE AGN ADS ALL ALTR MO AMZN AEE AEP AXP AIG AMT AMP ABC AME AMGN APH APC ADI AON APA AIV AAPL AMAT ADM AIZ T ADSK ADP AN AZO AVGO AVB AVY AVP BHI BLL BAC BK BCR BAX BBT BDX BBBY BRK.B BBY BIIB BLK HRB BA BWA BXP BSX BMY BRCM BF.B CHRW CA CVC COG CAM CPB COF CAH CFN KMX CCL CAT CBG CBS CELG CNP CTL CERN CF SCHW CHK CVX CMG CB CI XEC CINF CTAS CSCO C CTXS CLX CME CMS COH KO CCE CTSH CL CMCSA CMA CSC CAG COP CNX ED STZ GLW COST CCI CSX CMI CVS DHI DHR DRI DVA DE DLPH DAL DNR XRAY DVN DO DTV DFS DISCA DISCK DG DLTR D DOV DOW DPS DTE DD DUK DNB ETFC EMN ETN EBAY ECL EIX EW EA EMC EMR ENDP ESV ETR EOG EQT EFX EQR ESS EL ES EXC EXPE EXPD ESRX XOM FFIV FB FDO FAST FDX FIS FITB FSLR FE FISV FLIR FLS FLR FMC FTI F FOSL BEN FCX FTR GME GCI GPS GRMN GD GE GGP GIS GM GPC GNW GILD GS GT GOOGL GOOG GWW HAL HOG HAR HRS HIG HAS HCA HCP HCN HP HES HPQ HD HON HRL HSP HST HCBK HUM HBAN ITW IR TEG INTC ICE IBM IP IPG IFF INTU ISRG IVZ IRM JEC JNJ JCI JOY JPM JNPR KSU K KEY GMCR KMB KIM KMI KLAC KSS KRFT KR LB LLL LH LRCX LM LEG LEN LVLT LUK LLY LNC LLTC LMT L LO LOW LYB MTB MAC M MNK MRO MPC MAR MMC MAS MA MAT MKC MCD MHFI MCK MJN MWV MDT MRK MET KORS MCHP MU MSFT MHK TAP MDLZ MON MNST MCO MS MOS MSI MUR MYL NBR NDAQ NOV NAVI NTAP NFLX NWL NFX NEM NWSA NEE NLSN NKE NI NE NBL JWN NSC NTRS NOC NRG NUE NVDA ORLY OXY OMC OKE ORCL OI PCG PCAR PLL PH PDCO PAYX PNR PBCT POM PEP PKI PRGO PETM PFE PM PSX PNW PXD PBI PCL PNC RL PPG PPL PX PCP PCLN PFG PG PGR PLD PRU PEG PSA PHM PVH QEP PWR QCOM DGX RRC RTN RHT REGN RF RSG RAI RHI ROK COL ROP ROST RCL R CRM SNDK SCG SLB SNI STX SEE SRE SHW SIAL SPG SJM SNA SO LUV SWN SE STJ SWK SPLS SBUX HOT STT SRCL SYK STI SYMC SYY TROW TGT TEL TE THC TDC TSO TXN TXT HSY TRV TMO TIF TWX TWC TJX TMK TSS TSCO RIG TRIP FOXA TSN TYC USB UA UNP UNH UPS MLM URI UTX UHS UNM URBN VFC VLO VAR VTR VRSN VZ VRTX VIAB V VNO VMC WMT WBA DIS WM WAT ANTM WFC WDC WU WY WHR WFM WMB WIN WEC WYN WYNN XEL XRX XLNX XL XYL YHOO YUM ZMH ZION ZTS
2015-03-31,654387069,2015-03-31T19:47:10+00:00,502,MMM ABT ABBV ACN ACE ACT ADBE ADT AES AET AFL AMG A GAS APD ARG AKAM AA ALXN ATI ALLE ADS ALL ALTR MO AMZN AEE AAL AEP AXP AIG AMT AMP ABC AME AMGN APH APC ADI AON APA AIV AAPL AMAT ADM AIZ T ADSK ADP AN AZO AVGO AVB AVY BHI BLL BAC BK BCR BAX BBT BDX BBBY BRK.B BBY BIIB BLK HRB BA BWA BXP BSX BMY BRCM BF.B CHRW CA CVC COG CAM CPB COF CAH HSIC KMX CCL CAT CBG CBS CELG CNP CTL CERN CF SCHW CHK CVX CMG CB CI XEC CINF CTAS CSCO C CTXS CLX CME CMS COH KO CCE CTSH CL CMCSA CMA CSC CAG COP CNX ED STZ GLW COST CCI CSX CMI CVS DHI DHR DRI DVA DE DLPH DAL XRAY DVN DO DTV DFS DISCA DISCK DG DLTR D DOV DOW DPS DTE DD DUK DNB ETFC EMN ETN EBAY ECL EIX EW EA EMC EMR ENDP ESV ETR EOG EQT EFX EQIX EQR ESS EL ES EXC EXPE EXPD ESRX XOM FFIV FB FDO FAST FDX FIS FITB FSLR FE FISV FLIR FLS FLR FMC FTI F FOSL BEN FCX FTR GME GCI GPS GRMN GD GE GGP GIS GM GPC GNW GILD GS GT GOOGL GOOG GWW HAL HBI HOG HAR HRS HIG HAS HCA HCP HCN HP HES HPQ HD HON HRL HSP HST HCBK HUM HBAN ITW IR TEG INTC ICE IBM IP IPG IFF INTU ISRG IVZ IRM JEC JNJ JCI JOY JPM JNPR KSU K KEY GMCR KMB KIM KMI KLAC KSS KRFT KR LB LLL LH LRCX LM LEG LEN LVLT LUK LLY LNC LLTC LMT L LO LOW LYB MTB MAC M MNK MRO MPC MAR MMC MLM MAS MA MAT MKC MCD MHFI MCK MJN MWV MDT MRK MET KORS MCHP MU MSFT MHK TAP MDLZ MON MNST MCO MS MOS MSI MUR MYL NDAQ NOV NAVI NTAP NFLX NWL NFX NEM NWSA NEE NLSN NKE NI NE NBL JWN NSC NTRS NOC NRG NUE NVDA ORLY OXY OMC OKE ORCL OI PCAR PLL PH PDCO PAYX PNR PBCT POM PEP PKI PRGO PFE PCG PM PSX PNW PXD PBI PCL PNC RL PPG PPL PX PCP PCLN PFG PG PGR PLD PRU PEG PSA PHM PVH QEP PWR QCOM DGX RRC RTN RHT REGN RF RSG RAI RHI ROK COL ROP ROST RCL R CRM SNDK SCG SLB SNI STX SEE SRE SHW SIAL SPG SWKS SLG SJM SNA SO LUV SWN SE STJ SWK SPLS SBUX HOT STT SRCL SYK STI SYMC SYY TROW TGT TEL TE THC TDC TSO TXN TXT HSY TRV TMO TIF TWX TWC TJX TMK TSS TSCO RIG TRIP FOXA TSN TYC USB UA UNP UNH UPS URI UTX UHS UNM URBN VFC VLO VAR VTR VRSN VZ VRTX VIAB V VNO VMC WMT WBA DIS WM WAT ANTM WFC WDC WU WY WHR WFM WMB WIN WEC WYN WYNN XEL XRX XLNX XL XYL YHOO YUM ZMH ZION ZTS
2015-04-30,659948745,2015-04-29T22:02:40+00:00,502,MMM ABT ABBV ACN ACE ACT ADBE ADT AES AET AFL AMG A GAS APD ARG AKAM AA ALXN ATI ALLE ADS ALL ALTR MO AMZN AEE AAL AEP AXP AIG AMT AMP ABC AME AMGN APH APC ADI AON APA AIV AAPL AMAT ADM AIZ T ADSK ADP AN AZO AVGO AVB AVY BHI BLL BAC BK BCR BAX BBT BDX BBBY BRK-B BBY BIIB BLK HRB BA BWA BXP BSX BMY BRCM BF.B CHRW CA CVC COG CAM CPB COF CAH HSIC KMX CCL CAT CBG CBS CELG CNP CTL CERN CF SCHW CHK CVX CMG CB CI XEC CINF CTAS CSCO C CTXS CLX CME CMS COH KO CCE CTSH CL CMCSA CMA CSC CAG COP CNX ED STZ GLW COST CCI CSX CMI CVS DHI DHR DRI DVA DE DLPH DAL XRAY DVN DO DTV DFS DISCA DISCK DG DLTR D DOV DOW DPS DTE DD DUK DNB ETFC EMN ETN EBAY ECL EIX EW EA EMC EMR ENDP ESV ETR EOG EQT EFX EQIX EQR ESS EL ES EXC EXPE EXPD ESRX XOM FFIV FB FDO FAST FDX FIS FITB FSLR FE FISV FLIR FLS FLR FMC FTI F FOSL BEN FCX FTR GME GCI GPS GRMN GD GE GGP GIS GM GPC GNW GILD GS GT GOOGL GOOG GWW HAL HBI HOG HAR HRS HIG HAS HCA HCP HCN HP HES HPQ HD HON HRL HSP HST HCBK HUM HBAN ITW IR TEG INTC ICE IBM IP IPG IFF INTU ISRG IVZ IRM JEC JNJ JCI JOY JPM JNPR KSU K KEY GMCR KMB KIM KMI KLAC KSS KRFT KR LB LLL LH LRCX LM LEG LEN LVLT LUK LLY LNC LLTC LMT L LO LOW LYB MTB MAC M MNK MRO MPC MAR MMC MLM MAS MA MAT MKC MCD MHFI MCK MJN MWV MDT MRK MET KORS MCHP MU MSFT MHK TAP MDLZ MON MNST MCO MS MOS MSI MUR MYL NDAQ NOV NAVI NTAP NFLX NWL NFX NEM NWSA NEE NLSN NKE NI NE NBL JWN NSC NTRS NOC NRG NUE NVDA ORLY OXY OMC OKE ORCL OI PCAR PLL PH PDCO PAYX PNR PBCT POM PEP PKI PRGO PFE PCG PM PSX PNW PXD PBI PCL PNC RL PPG PPL PX PCP PCLN PFG PG PGR PLD PRU PEG PSA PHM PVH QEP PWR QCOM DGX RRC RTN O RHT REGN RF RSG RAI RHI ROK COL ROP ROST RCL R CRM SNDK SCG SLB SNI STX SEE SRE SHW SIAL SPG SWKS SLG SJM SNA SO LUV SWN SE STJ SWK SPLS SBUX HOT STT SRCL SYK STI SYMC SYY TROW TGT TEL TE THC TDC TSO TXN TXT HSY TRV TMO TIF TWX TWC TJX TMK TSS TSCO RIG TRIP FOXA TSN TYC USB UA UNP UNH UPS URI UTX UHS UNM URBN VFC VLO VAR VTR VRSN VZ VRTX VIAB V VNO VMC WMT WBA DIS WM WAT ANTM WFC WDC WU WY WHR WFM WMB WEC WYN WYNN XEL XRX XLNX XL XYL YHOO YUM ZMH ZION ZTS
2015-05-31,664180368,2015-05-26T21:28:53+00:00,502,MMM ABT ABBV ACN ACE ACT ADBE ADT AES AET AFL AMG A GAS APD ARG AKAM AA ALXN ATI ALLE ADS ALL ALTR MO AMZN AEE AAL AEP AXP AIG AMT AMP ABC AME AMGN APH APC ADI AON APA AIV AAPL AMAT ADM AIZ T ADSK ADP AN AZO AVGO AVB AVY BHI BLL BAC BK BCR BAX BBT BDX BBBY BRK-B BBY BIIB BLK HRB BA BWA BXP BSX BMY BRCM BF-B CHRW CA CVC COG CAM CPB COF CAH HSIC KMX CCL CAT CBG CBS CELG CNP CTL CERN CF SCHW CHK CVX CMG CB CI XEC CINF CTAS CSCO C CTXS CLX CME CMS COH KO CCE CTSH CL CMCSA CMA CSC CAG COP CNX ED STZ GLW COST CCI CSX CMI CVS DHI DHR DRI DVA DE DLPH DAL XRAY DVN DO DTV DFS DISCA DISCK DG DLTR D DOV DOW DPS DTE DD DUK DNB ETFC EMN ETN EBAY ECL EIX EW EA EMC EMR ENDP ESV ETR EOG EQT EFX EQIX EQR ESS EL ES EXC EXPE EXPD ESRX XOM FFIV FB FDO FAST FDX FIS FITB FSLR FE FISV FLIR FLS FLR FMC FTI F FOSL BEN FCX FTR GME GCI GPS GRMN GD GE GGP GIS GM GPC GNW GILD GS GT GOOGL GOOG GWW HAL HBI HOG HAR HRS HIG HAS HCA HCP HCN HP HES HPQ HD HON HRL HSP HST HCBK HUM HBAN ITW IR TEG INTC ICE IBM IP IPG IFF INTU ISRG IVZ IRM JEC JNJ JCI JOY JPM JNPR KSU K KEY GMCR KMB KIM KMI KLAC KSS KRFT KR LB LLL LH LRCX LM LEG LEN LVLT LUK LLY LNC LLTC LMT L LO LOW LYB MTB MAC M MNK MRO MPC MAR MMC MLM MAS MA MAT MKC MCD MHFI MCK MJN MWV MDT MRK MET KORS MCHP MU MSFT MHK TAP MDLZ MON MNST MCO MS MOS MSI MUR MYL NDAQ NOV NAVI NTAP NFLX NWL NFX NEM NWSA NEE NLSN NKE NI NE NBL JWN NSC NTRS NOC NRG NUE NVDA ORLY OXY OMC OKE ORCL OI PCAR PLL PH PDCO PAYX PNR PBCT POM PEP PKI PRGO PFE PCG PM PSX PNW PXD PBI PCL PNC RL PPG PPL PX PCP PCLN PFG PG PGR PLD PRU PEG PSA PHM PVH QEP PWR QCOM DGX RRC RTN O RHT REGN RF RSG RAI RHI ROK COL ROP ROST RCL R CRM SNDK SCG SLB SNI STX SEE SRE SHW SIAL SPG SWKS SLG SJM SNA SO LUV SWN SE STJ SWK SPLS SBUX HOT STT SRCL SYK STI SYMC SYY TROW TGT TEL TE THC TDC TSO TXN TXT HSY TRV TMO TIF TWX TWC TJX TMK TSS TSCO RIG TRIP FOXA TSN TYC USB UA UNP UNH UPS URI UTX UHS UNM URBN VFC VLO VAR VTR VRSN VZ VRTX VIAB V VNO VMC WMT WBA DIS WM WAT ANTM WFC WDC WU WY WHR WFM WMB WEC WYN WYNN XEL XRX XLNX XL XYL YHOO YUM ZMH ZION ZTS
2015-06-30,669156533,2015-06-29T08:14:14+00:00,502,MMM ABT ABBV ACN ACE ADBE ADT AES AET AFL AMG A GAS APD ARG AKAM AA AGN ALXN ATI ALLE ADS ALL ALTR MO AMZN AEE AAL AEP AXP AIG AMT AMP ABC AME AMGN APH APC ADI AON APA AIV AAPL AMAT ADM AIZ T ADSK ADP AN AZO AVGO AVB AVY BHI BLL BAC BK BCR BAX BBT BDX BBBY BRK-B BBY BIIB BLK HRB BA BWA BXP BSX BMY BRCM BF-B CHRW CA CVC COG CAM CPB COF CAH HSIC KMX CCL CAT CBG CBS CELG CNP CTL CERN CF SCHW CHK CVX CMG CB CI XEC CINF CTAS CSCO C CTXS CLX CME CMS COH KO CCE CTSH CL CMCSA CMA CSC CAG COP CNX ED STZ GLW COST CCI CSX CMI CVS DHI DHR DRI DVA DE DLPH DAL XRAY DVN DO DTV DFS DISCA DISCK DG DLTR D DOV DOW DPS DTE DD DUK DNB ETFC EMN ETN EBAY ECL EIX EW EA EMC EMR ENDP ESV ETR EOG EQT EFX EQIX EQR ESS EL ES EXC EXPE EXPD ESRX XOM FFIV FB FDO FAST FDX FIS FITB FSLR FE FISV FLIR FLS FLR FMC FTI F FOSL BEN FCX FTR GME GPS GRMN GD GE GGP GIS GM GPC GNW GILD GS GT GOOGL GOOG GWW HAL HBI HOG HAR HRS HIG HAS HCA HCP HCN HP HES HPQ HD HON HRL HSP HST HCBK HUM HBAN ITW IR TEG INTC ICE IBM IP IPG IFF INTU ISRG IVZ IRM JEC JNJ JCI JOY JPM JNPR KSU K KEY GMCR KMB KIM KMI KLAC KSS KRFT KR LB LLL LH LRCX LM LEG LEN LVLT LUK LLY LNC LLTC LMT L LOW LYB MTB MAC M MNK MRO MPC MAR MMC MLM MAS MA MAT MKC MCD MHFI MCK MJN MWV MDT MRK MET KORS MCHP MU MSFT MHK TAP MDLZ MON MNST MCO MS MOS MSI MUR MYL NDAQ NOV NAVI NTAP NFLX NWL NFX NEM NWSA NEE NLSN NKE NI NE NBL JWN NSC NTRS NOC NRG NUE NVDA ORLY OXY OMC OKE ORCL OI PCAR PLL PH PDCO PAYX PNR PBCT POM PEP PKI PRGO PFE PCG PM PSX PNW PXD PBI PCL PNC RL PPG PPL PX PCP PCLN PFG PG PGR PLD PRU PEG PSA PHM PVH QRVO QEP PWR QCOM DGX RRC RTN O RHT REGN RF RSG RAI RHI ROK COL ROP ROST RCL R CRM SNDK SCG SLB SNI STX SEE SRE SHW SIAL SPG SWKS SLG SJM SNA SO LUV SWN SE STJ SWK SPLS SBUX HOT STT SRCL SYK STI SYMC SYY TROW TGT TEL TE TGNA THC TDC TSO TXN TXT HSY TRV TMO TIF TWX TWC TJX TMK TSS TSCO RIG TRIP FOXA TSN TYC USB UA UNP UNH UPS URI UTX UHS UNM URBN VFC VLO VAR VTR VRSN VZ VRTX VIAB V VNO VMC WMT WBA DIS WM WAT ANTM WFC WDC WU WY WHR WFM WMB WEC WYN WYNN XEL XRX XLNX XL XYL YHOO YUM ZBH ZION ZTS
2015-07-31,673815087,2015-07-30T17:29:44+00:00,502,MMM ABT ABBV ACN ACE ADBE ADT AAP AES AET AFL AMG A GAS APD ARG AKAM AA AGN ALXN ALLE ADS ALL ALTR MO AMZN AEE AAL AEP AXP AIG AMT AMP ABC AME AMGN APH APC ADI AON APA AIV AAPL AMAT ADM AIZ T ADSK ADP AN AZO AVGO AVB AVY BHI BLL BAC BK BCR BXLT BAX BBT BDX BBBY BRK-B BBY BIIB BLK HRB BA BWA BXP BSX BMY BRCM BF-B CHRW CA CVC COG CAM CPB COF CAH HSIC KMX CCL CAT CBG CBS CELG CNP CTL CERN CF SCHW CHK CVX CMG CB CI XEC CINF CTAS CSCO C CTXS CLX CME CMS COH KO CCE CTSH CL CPGX CMCSA CMA CSC CAG COP CNX ED STZ GLW COST CCI CSX CMI CVS DHI DHR DRI DVA DE DLPH DAL XRAY DVN DO DFS DISCA DISCK DG DLTR D DOV DOW DPS DTE DD DUK DNB ETFC EMN ETN EBAY ECL EIX EW EA EMC EMR ENDP ESV ETR EOG EQT EFX EQIX EQR ESS EL ES EXC EXPE EXPD ESRX XOM FFIV FB FAST FDX FIS FITB FSLR FE FISV FLIR FLS FLR FMC FTI F FOSL BEN FCX FTR GME GPS GRMN GD GE GGP GIS GM GPC GNW GILD GS GT GOOGL GOOG GWW HAL HBI HOG HAR HRS HIG HAS HCA HCP HCN HP HES HPQ HD HON HRL HSP HST HCBK HUM HBAN ITW IR INTC ICE IBM IP IPG IFF INTU ISRG IVZ IRM JEC JBHT JNJ JCI JOY JPM JNPR KSU K KEY GMCR KMB KIM KMI KLAC KSS KHC KR LB LLL LH LRCX LM LEG LEN LVLT LUK LLY LNC LLTC LMT L LOW LYB MTB MAC M MNK MRO MPC MAR MMC MLM MAS MA MAT MKC MCD MHFI MCK MJN WRK MDT MRK MET KORS MCHP MU MSFT MHK TAP MDLZ MON MNST MCO MS MOS MSI MUR MYL NDAQ NOV NAVI NTAP NFLX NWL NFX NEM NWSA NEE NLSN NKE NI NBL JWN NSC NTRS NOC NRG NUE NVDA ORLY OXY OMC OKE ORCL OI PCAR PLL PH PDCO PAYX PYPL PNR PBCT POM PEP PKI PRGO PFE PCG PM PSX PNW PXD PBI PCL PNC RL PPG PPL PX PCP PCLN PFG PG PGR PLD PRU PEG PSA PHM PVH QRVO PWR QCOM DGX RRC RTN O RHT REGN RF RSG RAI RHI ROK COL ROP ROST RCL R CRM SNDK SCG SLB SNI STX SEE SRE SHW SIAL SIG SPG SWKS SLG SJM SNA SO LUV SWN SE STJ SWK SPLS SBUX HOT STT SRCL SYK STI SYMC SYY TROW TGT TEL TE TGNA THC TDC TSO TXN TXT HSY TRV TMO TIF TWX TWC TJX TMK TSS TSCO RIG TRIP FOXA TSN TYC USB UA UNP UNH UPS URI UTX UHS UNM URBN VFC VLO VAR VTR VRSN VZ VRTX VIAB V VNO VMC WMT WBA DIS WM WAT ANTM WFC WDC WU WY WHR WFM WMB WEC WYN WYNN XEL XRX XLNX XL XYL YHOO YUM ZBH ZION ZTS
2015-08-31,678833261,2015-08-31T22:21:13+00:00,502,MMM ABT ABBV ACN ACE ADBE ADT AAP AES AET AFL AMG A GAS APD ARG AKAM AA AGN ALXN ALLE ADS ALL ALTR MO AMZN AEE AAL AEP AXP AIG AMT AMP ABC AME AMGN APH APC ADI AON APA AIV AAPL AMAT ADM AIZ T ADSK ADP AN AZO AVGO AVB AVY BHI BLL BAC BK BCR BXLT BAX BBT BDX BBBY BRK-B BBY BIIB BLK HRB BA BWA BXP BSX BMY BRCM BF-B CHRW CA CVC COG CAM CPB COF CAH HSIC KMX CCL CAT CBG CBS CELG CNP CTL CERN CF SCHW CHK CVX CMG CB CI XEC CINF CTAS CSCO C CTXS CLX CME CMS COH KO CCE CTSH CL CPGX CMCSA CMA CSC CAG COP CNX ED STZ GLW COST CCI CSX CMI CVS DHI DHR DRI DVA DE DLPH DAL XRAY DVN DO DFS DISCA DISCK DG DLTR D DOV DOW DPS DTE DD DUK DNB ETFC EMN ETN EBAY ECL EIX EW EA EMC EMR ENDP ESV ETR EOG EQT EFX EQIX EQR ESS EL ES EXC EXPE EXPD ESRX XOM FFIV FB FAST FDX FIS FITB FSLR FE FISV FLIR FLS FLR FMC FTI F FOSL BEN FCX FTR GME GPS GRMN GD GE GGP GIS GM GPC GNW GILD GS GT GOOGL GOOG GWW HAL HBI HOG HAR HRS HIG HAS HCA HCP HCN HP HES HPQ HD HON HRL HSP HST HCBK HUM HBAN ITW IR INTC ICE IBM IP IPG IFF INTU ISRG IVZ IRM JEC JBHT JNJ JCI JOY JPM JNPR KSU K KEY GMCR KMB KIM KMI KLAC KSS KHC KR LB LLL LH LRCX LM LEG LEN LVLT LUK LLY LNC LLTC LMT L LOW LYB MTB MAC M MNK MRO MPC MAR MMC MLM MAS MA MAT MKC MCD MHFI MCK MJN WRK MDT MRK MET KORS MCHP MU MSFT MHK TAP MDLZ MON MNST MCO MS MOS MSI MUR MYL NDAQ NOV NAVI NTAP NFLX NWL NFX NEM NWSA NEE NLSN NKE NI NBL JWN NSC NTRS NOC NRG NUE NVDA ORLY OXY OMC OKE ORCL OI PCAR PLL PH PDCO PAYX PYPL PNR PBCT POM PEP PKI PRGO PFE PCG PM PSX PNW PXD PBI PCL PNC RL PPG PPL PX PCP PCLN PFG PG PGR PLD PRU PEG PSA PHM PVH QRVO PWR QCOM DGX RRC RTN O RHT REGN RF RSG RAI RHI ROK COL ROP ROST RCL R CRM SNDK SCG SLB SNI STX SEE SRE SHW SIAL SIG SPG SWKS SLG SJM SNA SO LUV SWN SE STJ SWK SPLS SBUX HOT STT SRCL SYK STI SYMC SYY TROW TGT TEL TE TGNA THC TDC TSO TXN TXT HSY TRV TMO TIF TWX TWC TJX TMK TSS TSCO RIG TRIP FOXA TSN TYC USB UA UNP UNH UPS URI UTX UHS UNM URBN VFC VLO VAR VTR VRSN VZ VRTX VIAB V VNO VMC WMT WBA DIS WM WAT ANTM WFC WDC WU WY WHR WFM WMB WEC WYN WYNN XEL XRX XLNX XL XYL YHOO YUM ZBH ZION ZTS
2015-09-30,683545779,2015-09-30T23:25:41+00:00,505,MMM ABT ABBV ACN ACE ATVI ADBE ADT AAP AES AET AFL AMG A GAS APD ARG AKAM AA AGN ALXN ALLE ADS ALL ALTR MO AMZN AEE AAL AEP AXP AIG AMT AMP ABC AME AMGN APH APC ADI AON APA AIV AAPL AMAT ADM AIZ T ADSK ADP AN AZO AVGO AVB AVY BHI BLL BAC BK BCR BXLT BAX BBT BDX BBBY BRK-B BBY BIIB BLK HRB BA BWA BXP BSX BMY BRCM BF-B CHRW CA CVC COG CAM CPB COF CAH HSIC KMX CCL CAT CBG CBS CELG CNP CTL CERN CF SCHW CHK CVX CMG CB CI XEC CINF CTAS CSCO C CTXS CLX CME CMS COH KO CCE CTSH CL CPGX CMCSA CMCSK CMA CSC CAG COP CNX ED STZ GLW COST CCI CSX CMI CVS DHI DHR DRI DVA DE DLPH DAL XRAY DVN DO DFS DISCA DISCK DG DLTR D DOV DOW DPS DTE DD DUK DNB ETFC EMN ETN EBAY ECL EIX EW EA EMC EMR ENDP ESV ETR EOG EQT EFX EQIX EQR ESS EL ES EXC EXPE EXPD ESRX XOM FFIV FB FAST FDX FIS FITB FSLR FE FISV FLIR FLS FLR FMC FTI F FOSL BEN FCX FTR GME GPS GRMN GD GE GGP GIS GM GPC GNW GILD GS GT GOOGL GOOG GWW HAL HBI HOG HAR HRS HIG HAS HCA HCP HCN HP HES HPQ HD HON HRL HST HCBK HUM HBAN ITW IR INTC ICE IBM IP IPG IFF INTU ISRG IVZ IRM JEC JBHT JNJ JCI JOY JPM JNPR KSU K KEY GMCR KMB KIM KMI KLAC KSS KHC KR LB LLL LH LRCX LM LEG LEN LVLT LUK LLY LNC LLTC LMT L LOW LYB MTB MAC M MNK MRO MPC MAR MMC MLM MAS MA MAT MKC MCD MHFI MCK MJN WRK MDT MRK MET KORS MCHP MU MSFT MHK TAP MDLZ MON MNST MCO MS MOS MSI MUR MYL NDAQ NOV NAVI NTAP NFLX NWL NFX NEM NWSA NWS NEE NLSN NKE NI NBL JWN NSC NTRS NOC NRG NUE NVDA ORLY OXY OMC OKE ORCL OI PCAR PH PDCO PAYX PYPL PNR PBCT POM PEP PKI PRGO PFE PCG PM PSX PNW PXD PBI PCL PNC RL PPG PPL PX PCP PCLN PFG PG PGR PLD PRU PEG PSA PHM PVH QRVO PWR QCOM DGX RRC RTN O RHT REGN RF RSG RAI RHI ROK COL ROP ROST RCL R CRM SNDK SCG SLB SNI STX SEE SRE SHW SIAL SIG SPG SWKS SLG SJM SNA SO LUV SWN SE STJ SWK SPLS SBUX HOT STT SRCL SYK STI SYMC SYY TROW TGT TEL TE TGNA THC TDC TSO TXN TXT HSY TRV TMO TIF TWX TWC TJX TMK TSS TSCO RIG TRIP FOXA FOX TSN TYC USB UA UNP UAL UNH UPS URI UTX UHS UNM URBN VFC VLO VAR VTR VRSN VZ VRTX VIAB V VNO VMC WMT WBA DIS WM WAT ANTM WFC WDC WU WY WHR WFM WMB WEC WYN WYNN XEL XRX XLNX XL XYL YHOO YUM ZBH ZION ZTS
2015-10-31,685417487,2015-10-12T19:08:54+00:00,505,MMM ABT ABBV ACN ACE ATVI ADBE ADT AAP AES AET AFL AMG A GAS APD ARG AKAM AA AGN ALXN ALLE ADS ALL GOOGL GOOG ALTR MO AMZN AEE AAL AEP AXP AIG AMT AMP ABC AME AMGN APH APC ADI AON APA AIV AAPL AMAT ADM AIZ T ADSK ADP AN AZO AVGO AVB AVY BHI BLL BAC BK BCR BXLT BAX BBT BDX BBBY BRK-B BBY BIIB BLK HRB BA BWA BXP BSX BMY BRCM BF-B CHRW CA CVC COG CAM CPB COF CAH HSIC KMX CCL CAT CBG CBS CELG CNP CTL CERN CF SCHW CHK CVX CMG CB CI XEC CINF CTAS CSCO C CTXS CLX CME CMS COH KO CCE CTSH CL CPGX CMCSA CMCSK CMA CSC CAG COP CNX ED STZ GLW COST CCI CSX CMI CVS DHI DHR DRI DVA DE DLPH DAL XRAY DVN DO DFS DISCA DISCK DG DLTR D DOV DOW DPS DTE DD DUK DNB ETFC EMN ETN EBAY ECL EIX EW EA EMC EMR ENDP ESV ETR EOG EQT EFX EQIX EQR ESS EL ES EXC EXPE EXPD ESRX XOM FFIV FB FAST FDX FIS FITB FSLR FE FISV FLIR FLS FLR FMC FTI F FOSL BEN FCX FTR GME GPS GRMN GD GE GGP GIS GM GPC GNW GILD GS GT GWW HAL HBI HOG HAR HRS HIG HAS HCA HCP HP HES HPQ HD HON HRL HST HCBK HUM HBAN ITW IR INTC ICE IBM IP IPG IFF INTU ISRG IVZ IRM JEC JBHT JNJ JCI JPM JNPR KSU K KEY GMCR KMB KIM KMI KLAC KSS KHC KR LB LLL LH LRCX LM LEG LEN LVLT LUK LLY LNC LLTC LMT L LOW LYB MTB MAC M MNK MRO MPC MAR MMC MLM MAS MA MAT MKC MCD MHFI MCK MJN WRK MDT MRK MET KORS MCHP MU MSFT MHK TAP MDLZ MON MNST MCO MS MOS MSI MUR MYL NDAQ NOV NAVI NTAP NFLX NWL NFX NEM NWSA NWS NEE NLSN NKE NI NBL JWN NSC NTRS NOC NRG NUE NVDA ORLY OXY OMC OKE ORCL OI PCAR PH PDCO PAYX PYPL PNR PBCT POM PEP PKI PRGO PFE PCG PM PSX PNW PXD PBI PCL PNC RL PPG PPL PX PCP PCLN PFG PG PGR PLD PRU PEG PSA PHM PVH QRVO PWR QCOM DGX RRC RTN O RHT REGN RF RSG RAI RHI ROK COL ROP ROST RCL R CRM SNDK SCG SLB SNI STX SEE SRE SHW SIAL SIG SPG SWKS SLG SJM SNA SO LUV SWN SE STJ SWK SPLS SBUX HOT STT SRCL SYK STI SYMC SYY TROW TGT TEL TE TGNA THC TDC TSO TXN TXT HSY TRV TMO TIF TWX TWC TJX TMK TSS TSCO RIG TRIP FOXA FOX TSN TYC USB UA UNP UAL UNH UPS URI UTX UHS UNM URBN VFC VLO VAR VTR VRSN VRSK VZ VRTX VIAB V VNO VMC WMT WBA DIS WM WAT ANTM WFC HCN WDC WU WY WHR WFM WMB WEC WYN WYNN XEL XRX XLNX XL XYL YHOO YUM ZBH ZION ZTS
2015-11-30,691291445,2015-11-18T22:00:22+00:00,505,MMM ABT ABBV ACN ACE ATVI ADBE ADT AAP AES AET AFL AMG A GAS APD ARG AKAM AA AGN ALXN ALLE ADS ALL GOOGL GOOG ALTR MO AMZN AEE AAL AEP AXP AIG AMT AMP ABC AME AMGN APH APC ADI AON APA AIV AAPL AMAT ADM AIZ T ADSK ADP AN AZO AVGO AVB AVY BHI BLL BAC BK BCR BXLT BAX BBT BDX BBBY BRK-B BBY BIIB BLK HRB BA BWA BXP BSX BMY BRCM BF-B CHRW CA CVC COG CAM CPB COF CAH HSIC KMX CCL CAT CBG CBS CELG CNP CTL CERN CF SCHW CHK CVX CMG CB CI XEC CINF CTAS CSCO C CTXS CLX CME CMS COH KO CCE CTSH CL CPGX CMCSA CMCSK CMA CSC CAG COP CNX ED STZ GLW COST CCI CSX CMI CVS DHI DHR DRI DVA DE DLPH DAL XRAY DVN DO DFS DISCA DISCK DG DLTR D DOV DOW DPS DTE DD DUK DNB ETFC EMN ETN EBAY ECL EIX EW EA EMC EMR ENDP ESV ETR EOG EQT EFX EQIX EQR ESS EL ES EXC EXPE EXPD ESRX XOM FFIV FB FAST FDX FIS FITB FSLR FE FISV FLIR FLS FLR FMC FTI F FOSL BEN FCX FTR GME GPS GRMN GD GE GGP GIS GM GPC GILD GS GT GWW HAL HBI HOG HAR HRS HIG HAS HCA HCP HP HES HPE HD HON HRL HST HPQ HUM HBAN ITW ILMN IR INTC ICE IBM IP IPG IFF INTU ISRG IVZ IRM JEC JBHT JNJ JCI JPM JNPR KSU K KEY GMCR KMB KIM KMI KLAC KSS KHC KR LB LLL LH LRCX LM LEG LEN LVLT LUK LLY LNC LLTC LMT L LOW LYB MTB MAC M MNK MRO MPC MAR MMC MLM MAS MA MAT MKC MCD MHFI MCK MJN WRK MDT MRK MET KORS MCHP MU MSFT MHK TAP MDLZ MON MNST MCO MS MOS MSI MUR MYL NDAQ NOV NAVI NTAP NFLX NWL NFX NEM NWSA NWS NEE NLSN NKE NI NBL JWN NSC NTRS NOC NRG NUE NVDA ORLY OXY OMC OKE ORCL OI PCAR PH PDCO PAYX PYPL PNR PBCT POM PEP PKI PRGO PFE PCG PM PSX PNW PXD PBI PCL PNC RL PPG PPL PX PCP PCLN PFG PG PGR PLD PRU PEG PSA PHM PVH QRVO PWR QCOM DGX RRC RTN O RHT REGN RF RSG RAI RHI ROK COL ROP ROST RCL R CRM SNDK SCG SLB SNI STX SEE SRE SHW SIG SPG SWKS SLG SJM SNA SO LUV SWN SE STJ SWK SPLS SBUX HOT STT SRCL SYK STI SYMC SYF SYY TROW TGT TEL TE TGNA THC TDC TSO TXN TXT HSY TRV TMO TIF TWX TWC TJX TMK TSS TSCO RIG TRIP FOXA FOX TSN TYC USB UA UNP UAL UNH UPS URI UTX UHS UNM URBN VFC VLO VAR VTR VRSN VRSK VZ VRTX VIAB V VNO VMC WMT WBA DIS WM WAT ANTM WFC HCN WDC WU WY WHR WFM WMB WEC WYN WYNN XEL XRX XLNX XL XYL YHOO YUM ZBH ZION ZTS
2015-12-31,697200065,2015-12-28T23:11:35+00:00,504,MMM ABT ABBV ACN ACE ATVI ADBE ADT AAP AES AET AFL AMG A GAS APD ARG AKAM AA AGN ALXN ALLE ADS ALL GOOGL GOOG MO AMZN AEE AAL AEP AXP AIG AMT AMP ABC AME AMGN APH APC ADI AON APA AIV AAPL AMAT ADM AIZ T ADSK ADP AN AZO AVGO AVB AVY BHI BLL BAC BK BCR BXLT BAX BBT BDX BBBY BRK-B BBY BIIB BLK HRB BA BWA BXP BSX BMY BRCM BF-B CHRW CA CVC COG CAM CPB COF CAH HSIC KMX CCL CAT CBG CBS CELG CNP CTL CERN CF SCHW CHK CVX CMG CB CHD CI XEC CINF CTAS CSCO C CTXS CLX CME CMS COH KO CCE CTSH CL CPGX CMCSA CMA CAG COP CNX ED STZ GLW COST CCI CSRA CSX CMI CVS DHI DHR DRI DVA DE DLPH DAL XRAY DVN DO DFS DISCA DISCK DG DLTR D DOV DOW DPS DTE DD DUK DNB ETFC EMN ETN EBAY ECL EIX EW EA EMC EMR ENDP ESV ETR EOG EQT EFX EQIX EQR ESS EL ES EXC EXPE EXPD ESRX XOM FFIV FB FAST FDX FIS FITB FSLR FE FISV FLIR FLS FLR FMC FTI F FOSL BEN FCX FTR GME GPS GRMN GD GE GGP GIS GM GPC GILD GS GT GWW HAL HBI HOG HAR HRS HIG HAS HCA HCP HP HES HPE HD HON HRL HST HPQ HUM HBAN ITW ILMN IR INTC ICE IBM IP IPG IFF INTU ISRG IVZ IRM JEC JBHT JNJ JCI JPM JNPR KSU K KEY GMCR KMB KIM KMI KLAC KSS KHC KR LB LLL LH LRCX LM LEG LEN LVLT LUK LLY LNC LLTC LMT L LOW LYB MTB MAC M MNK MRO MPC MAR MMC MLM MAS MA MAT MKC MCD MHFI MCK MJN WRK MDT MRK MET KORS MCHP MU MSFT MHK TAP MDLZ MON MNST MCO MS MOS MSI MUR MYL NDAQ NOV NAVI NTAP NFLX NWL NFX NEM NWSA NWS NEE NLSN NKE NI NBL JWN NSC NTRS NOC NRG NUE NVDA ORLY OXY OMC OKE ORCL OI PCAR PH PDCO PAYX PYPL PNR PBCT POM PEP PKI PRGO PFE PCG PM PSX PNW PXD PBI PCL PNC RL PPG PPL PX PCP PCLN PFG PG PGR PLD PRU PEG PSA PHM PVH QRVO PWR QCOM DGX RRC RTN O RHT REGN RF RSG RAI RHI ROK COL ROP ROST RCL R CRM SNDK SCG SLB SNI STX SEE SRE SHW SIG SPG SWKS SLG SJM SNA SO LUV SWN SE STJ SWK SPLS SBUX HOT STT SRCL SYK STI SYMC SYF SYY TROW TGT TEL TE TGNA THC TDC TSO TXN TXT HSY TRV TMO TIF TWX TWC TJX TMK TSS TSCO RIG TRIP FOXA FOX TSN TYC USB UA UNP UAL UNH UPS URI UTX UHS UNM URBN VFC VLO VAR VTR VRSN VRSK VZ VRTX VIAB V VNO VMC WMT WBA DIS WM WAT ANTM WFC HCN WDC WU WY WHR WFM WMB WEC WYN WYNN XEL XRX XLNX XL XYL YHOO YUM ZBH ZION ZTS
2016-01-31,702590066,2016-01-31T14:36:22+00:00,504,MMM ABT ABBV ACN ATVI ADBE ADT AAP AES AET AFL AMG A GAS APD ARG AKAM AA AGN ALXN ALLE ADS ALL GOOGL GOOG MO AMZN AEE AAL AEP AXP AIG AMT AMP ABC AME AMGN APH APC ADI AON APA AIV AAPL AMAT ADM AIZ T ADSK ADP AN AZO AVGO AVB AVY BHI BLL BAC BK BCR BXLT BAX BBT BDX BBBY BRK-B BBY BIIB BLK HRB BA BWA BXP BSX BMY BF-B CHRW CA CVC COG CAM CPB COF CAH HSIC KMX CCL CAT CBG CBS CELG CNP CTL CERN CF SCHW CHK CVX CMG CB CHD CI XEC CINF CTAS CSCO C CTXS CLX CME CMS COH KO CCE CTSH CL CPGX CMCSA CMA CAG COP CNX ED STZ GLW COST CCI CSRA CSX CMI CVS DHI DHR DRI DVA DE DLPH DAL XRAY DVN DO DFS DISCA DISCK DG DLTR D DOV DOW DPS DTE DD DUK DNB ETFC EMN ETN EBAY ECL EIX EW EA EMC EMR ENDP ESV ETR EOG EQT EFX EQIX EQR ESS EL ES EXC EXPE EXPD ESRX EXR XOM FFIV FB FAST FRT FDX FIS FITB FSLR FE FISV FLIR FLS FLR FMC FTI F BEN FCX FTR GME GPS GRMN GD GE GGP GIS GM GPC GILD GS GT GWW HAL HBI HOG HAR HRS HIG HAS HCA HCP HP HES HPE HD HON HRL HST HPQ HUM HBAN ITW ILMN IR INTC ICE IBM IP IPG IFF INTU ISRG IVZ IRM JEC JBHT JNJ JCI JPM JNPR KSU K KEY GMCR KMB KIM KMI KLAC KSS KHC KR LB LLL LH LRCX LM LEG LEN LVLT LUK LLY LNC LLTC LMT L LOW LYB MTB MAC M MNK MRO MPC MAR MMC MLM MAS MA MAT MKC MCD MHFI MCK MJN WRK MDT MRK MET KORS MCHP MU MSFT MHK TAP MDLZ MON MNST MCO MS MOS MSI MUR MYL NDAQ NOV NAVI NTAP NFLX NWL NFX NEM NWSA NWS NEE NLSN NKE NI NBL JWN NSC NTRS NOC NRG NUE NVDA ORLY OXY OMC OKE ORCL OI PCAR PH PDCO PAYX PYPL PNR PBCT POM PEP PKI PRGO PFE PCG PM PSX PNW PXD PBI PCL PNC RL PPG PPL PX CFG PCLN PFG PG PGR PLD PRU PEG PSA PHM PVH QRVO PWR QCOM DGX RRC RTN O RHT REGN RF RSG RAI RHI ROK COL ROP ROST RCL R CRM SNDK SCG SLB SNI STX SEE SRE SHW SIG SPG SWKS SLG SJM SNA SO LUV SWN SE STJ SWK SPLS SBUX HOT STT SRCL SYK STI SYMC SYF SYY TROW TGT TEL TE TGNA THC TDC TSO TXN TXT HSY TRV TMO TIF TWX TWC TJX TMK TSS TSCO RIG TRIP FOXA FOX TSN TYC USB UA UNP UAL UNH UPS URI UTX UHS UNM URBN VFC VLO VAR VTR VRSN VRSK VZ VRTX VIAB V VNO VMC WMT WBA DIS WM WAT ANTM WFC HCN WDC WU WY WHR WFM WMB WLTW WEC WYN WYNN XEL XRX XLNX XL XYL YHOO YUM ZBH ZION ZTS
2016-02-29,705845275,2016-02-19T22:05:43+00:00,504,MMM ABT ABBV ACN ATVI ADBE ADT AAP AES AET AFL AMG A GAS APD ARG AKAM AA AGN ALXN ALLE ADS ALL GOOGL GOOG MO AMZN AEE AAL AEP AXP AIG AMT AMP ABC AME AMGN APH APC ADI AON APA AIV AAPL AMAT ADM AIZ T ADSK ADP AN AZO AVGO AVB AVY BHI BLL BAC BK BCR BXLT BAX BBT BDX BBBY BRK-B BBY BIIB BLK HRB BA BWA BXP BSX BMY BF-B CHRW CA CVC COG CAM CPB COF CAH HSIC KMX CCL CAT CBG CBS CELG CNP CTL CERN CF SCHW CHK CVX CMG CB CHD CI XEC CINF CTAS CSCO C CTXS CLX CME CMS COH KO CCE CTSH CL CPGX CMCSA CMA CAG CXO COP CNX ED STZ GLW COST CCI CSRA CSX CMI CVS DHI DHR DRI DVA DE DLPH DAL XRAY DVN DO DFS DISCA DISCK DG DLTR D DOV DOW DPS DTE DD DUK DNB ETFC EMN ETN EBAY ECL EIX EW EA EMC EMR ENDP ESV ETR EOG EQT EFX EQIX EQR ESS EL ES EXC EXPE EXPD ESRX EXR XOM FFIV FB FAST FRT FDX FIS FITB FSLR FE FISV FLIR FLS FLR FMC FTI F BEN FCX FTR GME GPS GRMN GD GE GGP GIS GM GPC GILD GS GT GWW HAL HBI HOG HAR HRS HIG HAS HCA HCP HP HES HPE HD HON HRL HST HPQ HUM HBAN ITW ILMN IR INTC ICE IBM IP IPG IFF INTU ISRG IVZ IRM JEC JBHT JNJ JCI JPM JNPR KSU K KEY GMCR KMB KIM KMI KLAC KSS KHC KR LB LLL LH LRCX LM LEG LEN LVLT LUK LLY LNC LLTC LMT L LOW LYB MTB MAC M MNK MRO MPC MAR MMC MLM MAS MA MAT MKC MCD MHFI MCK MJN WRK MDT MRK MET KORS MCHP MU MSFT MHK TAP MDLZ MON MNST MCO MS MOS MSI MUR MYL NDAQ NOV NAVI NTAP NFLX NWL NFX NEM NWSA NWS NEE NLSN NKE NI NBL JWN NSC NTRS NOC NRG NUE NVDA ORLY OXY OMC OKE ORCL OI PCAR PH PDCO PAYX PYPL PNR PBCT POM PEP PKI PRGO PFE PCG PM PSX PNW PXD PBI PNC RL PPG PPL PX CFG PCLN PFG PG PGR PLD PRU PEG PSA PHM PVH QRVO PWR QCOM DGX RRC RTN O RHT REGN RF RSG RAI RHI ROK COL ROP ROST RCL R CRM SNDK SCG SLB SNI STX SEE SRE SHW SIG SPG SWKS SLG SJM SNA SO LUV SWN SE STJ SWK SPLS SBUX HOT STT SRCL SYK STI SYMC SYF SYY TROW TGT TEL TE TGNA THC TDC TSO TXN TXT HSY TRV TMO TIF TWX TWC TJX TMK TSS TSCO RIG TRIP FOXA FOX TSN TYC USB UA UNP UAL UNH UPS URI UTX UHS UNM URBN VFC VLO VAR VTR VRSN VRSK VZ VRTX VIAB V VNO VMC WMT WBA DIS WM WAT ANTM WFC HCN WDC WU WY WHR WFM WMB WLTW WEC WYN WYNN XEL XRX XLNX XL XYL YHOO YUM ZBH ZION ZTS
2016-03-31,712739840,2016-03-30T21:20:08+00:00,504,MMM ABT ABBV ACN ATVI ADBE ADT AAP AES AET AFL AMG A GAS APD ARG AKAM AA AGN ALXN ALLE ADS ALL GOOGL GOOG MO AMZN AEE AAL AEP AXP AIG AMT AWK AMP ABC AME AMGN APH APC ADI AON APA AIV AAPL AMAT ADM AIZ T ADSK ADP AN AZO AVGO AVB AVY BHI BLL BAC BK BCR BXLT BAX BBT BDX BBBY BRK-B BBY BIIB BLK HRB BA BWA BXP BSX BMY BF-B CHRW CA CVC COG CAM CPB COF CAH HSIC KMX CCL CAT CBG CBS CELG CNC CNP CTL CERN CF SCHW CHK CVX CMG CB CHD CI XEC CINF CTAS CSCO C CTXS CLX CME CMS COH KO CCE CTSH CL CPGX CMCSA CMA CAG CXO COP ED STZ GLW COST CCI CSRA CSX CMI CVS DHI DHR DRI DVA DE DLPH DAL XRAY DVN DO DFS DISCA DISCK DG DLTR D DOV DOW DPS DTE DD DUK DNB ETFC EMN ETN EBAY ECL EIX EW EA EMC EMR ENDP ETR EOG EQT EFX EQIX EQR ESS EL ES EXC EXPE EXPD ESRX EXR XOM FFIV FB FAST FRT FDX FIS FITB FSLR FE FISV FLIR FLS FLR FMC FTI F BEN FCX FTR GME GPS GRMN GD GE GGP GIS GM GPC GILD GS GT GWW HAL HBI HOG HAR HRS HIG HAS HCA HCP HP HES HPE HOLX HD HON HRL HST HPQ HUM HBAN ITW ILMN IR INTC ICE IBM IP IPG IFF INTU ISRG IVZ IRM JEC JBHT JNJ JCI JPM JNPR KSU K KEY KMB KIM KMI KLAC KSS KHC KR LB LLL LH LRCX LM LEG LEN LVLT LUK LLY LNC LLTC LMT L LOW LYB MTB MAC M MNK MRO MPC MAR MMC MLM MAS MA MAT MKC MCD MHFI MCK MJN WRK MDT MRK MET KORS MCHP MU MSFT MHK TAP MDLZ MON MNST MCO MS MOS MSI MUR MYL NDAQ NOV NAVI NTAP NFLX NWL NFX NEM NWSA NWS NEE NLSN NKE NI NBL JWN NSC NTRS NOC NRG NUE NVDA ORLY OXY OMC OKE ORCL OI PCAR PH PDCO PAYX PYPL PNR PBCT PEP PKI PRGO PFE PCG PM PSX PNW PXD PBI PNC RL PPG PPL PX CFG PCLN PFG PG PGR PLD PRU PEG PSA PHM PVH QRVO PWR QCOM DGX RRC RTN O RHT REGN RF RSG RAI RHI ROK COL ROP ROST RCL R CRM SNDK SCG SLB SNI STX SEE SRE SHW SIG SPG SWKS SLG SJM SNA SO LUV SWN SE STJ SWK SPLS SBUX HOT STT SRCL SYK STI SYMC SYF SYY TROW TGT TEL TE TGNA THC TDC TSO TXN TXT HSY TRV TMO TIF TWX TWC TJX TMK TSS TSCO RIG TRIP FOXA FOX TSN TYC UDR USB UA UNP UAL UNH UPS URI UTX UHS UNM URBN VFC VLO VAR VTR VRSN VRSK VZ VRTX VIAB V VNO VMC WMT WBA DIS WM WAT ANTM WFC HCN WDC WU WY WHR WFM WMB WLTW WEC WYN WYNN XEL XRX XLNX XL XYL YHOO YUM ZBH ZION ZTS
2016-04-30,717406907,2016-04-27T14:23:16+00:00,504,MMM ABT ABBV ACN ATVI ADBE ADT AAP AES AET AFL AMG A GAS APD ARG AKAM AA AGN ALXN ALLE ADS ALL GOOGL GOOG MO AMZN AEE AAL AEP AXP AIG AMT AWK AMP ABC AME AMGN APH APC ADI AON APA AIV AAPL AMAT ADM AIZ T ADSK ADP AN AZO AVGO AVB AVY BHI BLL BAC BK BCR BXLT BAX BBT BDX BBBY BRK-B BBY BIIB BLK HRB BA BWA BXP BSX BMY BF-B CHRW CA CVC COG CPB COF CAH HSIC KMX CCL CAT CBG CBS CELG CNC CNP CTL CERN CF SCHW CHK CVX CMG CB CHD CI XEC CINF CTAS CSCO C CTXS CLX CME CMS COH KO CCE CTSH CL CPGX CMCSA CMA CAG CXO COP ED STZ GLW COST CCI CSRA CSX CMI CVS DHI DHR DRI DVA DE DLPH DAL XRAY DVN DO DFS DISCA DISCK DG DLTR D DOV DOW DPS DTE DD DUK DNB ETFC EMN ETN EBAY ECL EIX EW EA EMC EMR ENDP ETR EOG EQT EFX EQIX EQR ESS EL ES EXC EXPE EXPD ESRX EXR XOM FFIV FB FAST FRT FDX FIS FITB FSLR FE FISV FLIR FLS FLR FMC FTI FL F BEN FCX FTR GPS GRMN GD GE GGP GIS GM GPC GILD GPN GS GT GWW HAL HBI HOG HAR HRS HIG HAS HCA HCP HP HES HPE HOLX HD HON HRL HST HPQ HUM HBAN ITW ILMN IR INTC ICE IBM IP IPG IFF INTU ISRG IVZ IRM JEC JBHT JNJ JCI JPM JNPR KSU K KEY KMB KIM KMI KLAC KSS KHC KR LB LLL LH LRCX LM LEG LEN LVLT LUK LLY LNC LLTC LMT L LOW LYB MTB MAC M MNK MRO MPC MAR MMC MLM MAS MA MAT MKC MCD MHFI MCK MJN WRK MDT MRK MET KORS MCHP MU MSFT MHK TAP MDLZ MON MNST MCO MS MOS MSI MUR MYL NDAQ NOV NAVI NTAP NFLX NWL NFX NEM NWSA NWS NEE NLSN NKE NI NBL JWN NSC NTRS NOC NRG NUE NVDA ORLY OXY OMC OKE ORCL OI PCAR PH PDCO PAYX PYPL PNR PBCT PEP PKI PRGO PFE PCG PM PSX PNW PXD PBI PNC RL PPG PPL PX CFG PCLN PFG PG PGR PLD PRU PEG PSA PHM PVH QRVO PWR QCOM DGX RRC RTN O RHT REGN RF RSG RAI RHI ROK COL ROP ROST RCL R CRM SNDK SCG SLB SNI STX SEE SRE SHW SIG SPG SWKS SLG SJM SNA SO LUV SWN SE STJ SWK SPLS SBUX HOT STT SRCL SYK STI SYMC SYF SYY TROW TGT TEL TE TGNA TDC TSO TXN TXT HSY TRV TMO TIF TWX TWC TJX TMK TSS TSCO RIG TRIP FOXA FOX TSN TYC UDR ULTA USB UA UNP UAL UNH UPS URI UTX UHS UNM URBN VFC VLO VAR VTR VRSN VRSK VZ VRTX VIAB V VNO VMC WMT WBA DIS WM WAT ANTM WFC HCN WDC WU WY WHR WFM WMB WLTW WEC WYN WYNN XEL XRX XLNX XL XYL YHOO YUM ZBH ZION ZTS
2016-05-31,722392889,2016-05-27T20:23:45+00:00,504,MMM ABT ABBV ACN ATVI AYI ADBE AAP AES AET AFL AMG A GAS APD AKAM ALK AA AGN ALXN ALLE ADS ALL GOOGL GOOG MO AMZN AEE AAL AEP AXP AIG AMT AWK AMP ABC AME AMGN APH APC ADI AON APA AIV AAPL AMAT ADM AJG AIZ T ADSK ADP AN AZO AVGO AVB AVY BHI BLL BAC BK BCR BXLT BAX BBT BDX BBBY BRK-B BBY BIIB BLK HRB BA BWA BXP BSX BMY BF-B CHRW CA CVC COG CPB COF CAH HSIC KMX CCL CAT CBG CBS CELG CNC CNP CTL CERN CF SCHW CHK CVX CMG CB CHD CI XEC CINF CTAS CSCO C CTXS CLX CME CMS COH KO CTSH CL CPGX CMCSA CMA CAG CXO COP ED STZ GLW COST CCI CSRA CSX CMI CVS DHI DHR DRI DVA DE DLPH DAL XRAY DVN DO DLR DFS DISCA DISCK DG DLTR D DOV DOW DPS DTE DD DUK DNB ETFC EMN ETN EBAY ECL EIX EW EA EMC EMR ENDP ETR EOG EQT EFX EQIX EQR ESS EL ES EXC EXPE EXPD ESRX EXR XOM FFIV FB FAST FRT FDX FIS FITB FSLR FE FISV FLIR FLS FLR FMC FTI FL F BEN FCX FTR GPS GRMN GD GE GGP GIS GM GPC GILD GPN GS GT GWW HAL HBI HOG HAR HRS HIG HAS HCA HCP HP HES HPE HOLX HD HON HRL HST HPQ HUM HBAN ITW ILMN IR INTC ICE IBM IP IPG IFF INTU ISRG IVZ IRM JEC JBHT JNJ JCI JPM JNPR KSU K KEY KMB KIM KMI KLAC KSS KHC KR LB LLL LH LRCX LM LEG LEN LVLT LUK LLY LNC LLTC LKQ LMT L LOW LYB MTB MAC M MNK MRO MPC MAR MMC MLM MAS MA MAT MKC MCD MCK MJN WRK MDT MRK MET KORS MCHP MU MSFT MHK TAP MDLZ MON MNST MCO MS MOS MSI MUR MYL NDAQ NOV NAVI NTAP NFLX NWL NFX NEM NWSA NWS NEE NLSN NKE NI NBL JWN NSC NTRS NOC NRG NUE NVDA ORLY OXY OMC OKE ORCL OI PCAR PH PDCO PAYX PYPL PNR PBCT PEP PKI PRGO PFE PCG PM PSX PNW PXD PBI PNC RL PPG PPL PX CFG PCLN PFG PG PGR PLD PRU PEG PSA PHM PVH QRVO PWR QCOM DGX RRC RTN O RHT REGN RF RSG RAI RHI ROK COL ROP ROST RCL R CRM SCG SLB SNI STX SEE SRE SHW SIG SPG SWKS SLG SJM SNA SO LUV SWN SE SPGI STJ SWK SPLS SBUX HOT STT SRCL SYK STI SYMC SYF SYY TROW TGT TEL TE TGNA TDC TSO TXN TXT HSY TRV TMO TIF TWX TJX TMK TSS TSCO RIG TRIP FOXA FOX TSN TYC UDR ULTA USB UA UNP UAL UNH UPS URI UTX UHS UNM URBN VFC VLO VAR VTR VRSN VRSK VZ VRTX VIAB V VNO VMC WMT WBA DIS WM WAT ANTM WFC HCN WDC WU WY WHR WFM WMB WLTW WEC WYN WYNN XEL XRX XLNX XL XYL YHOO YUM ZBH ZION ZTS
2016-06-30,727141812,2016-06-26T23:36:07+00:00,504,MMM ABT ABBV ACN ATVI AYI ADBE AAP AES AET AFL AMG A GAS APD AKAM ALK AA AGN ALXN ALLE ADS ALL GOOGL GOOG MO AMZN AEE AAL AEP AXP AIG AMT AWK AMP ABC AME AMGN APH APC ADI AON APA AIV AAPL AMAT ADM AJG AIZ T ADSK ADP AN AZO AVGO AVB AVY BHI BLL BAC BK BCR BAX BBT BDX BBBY BRK-B BBY BIIB BLK HRB BA BWA BXP BSX BMY BF-B CHRW CA COG CPB COF CAH HSIC KMX CCL CAT CBG CBS CELG CNC CNP CTL CERN CF SCHW CHK CVX CMG CB CHD CI XEC CINF CTAS CSCO C CTXS CLX CME CMS COH KO CTSH CL CPGX CMCSA CMA CAG CXO COP ED STZ GLW COST CCI CSRA CSX CMI CVS DHI DHR DRI DVA DE DLPH DAL XRAY DVN DO DLR DFS DISCA DISCK DG DLTR D DOV DOW DPS DTE DD DUK DNB ETFC EMN ETN EBAY ECL EIX EW EA EMC EMR ENDP ETR EOG EQT EFX EQIX EQR ESS EL ES EXC EXPE EXPD ESRX EXR XOM FFIV FB FAST FRT FDX FIS FITB FSLR FE FISV FLIR FLS FLR FMC FTI FL F FBHS BEN FCX FTR GPS GRMN GD GE GGP GIS GM GPC GILD GPN GS GT GWW HAL HBI HOG HAR HRS HIG HAS HCA HCP HP HES HPE HOLX HD HON HRL HST HPQ HUM HBAN ITW ILMN IR INTC ICE IBM IP IPG IFF INTU ISRG IVZ IRM JEC JBHT JNJ JCI JPM JNPR KSU K KEY KMB KIM KMI KLAC KSS KHC KR LB LLL LH LRCX LM LEG LEN LVLT LUK LLY LNC LLTC LKQ LMT L LOW LYB MTB MAC M MNK MRO MPC MAR MMC MLM MAS MA MAT MKC MCD MCK MJN WRK MDT MRK MET KORS MCHP MU MSFT MHK TAP MDLZ MON MNST MCO MS MOS MSI MUR MYL NDAQ NOV NAVI NTAP NFLX NWL NFX NEM NWSA NWS NEE NLSN NKE NI NBL JWN NSC NTRS NOC NRG NUE NVDA ORLY OXY OMC OKE ORCL OI PCAR PH PDCO PAYX PYPL PNR PBCT PEP PKI PRGO PFE PCG PM PSX PNW PXD PBI PNC RL PPG PPL PX CFG PCLN PFG PG PGR PLD PRU PEG PSA PHM PVH QRVO PWR QCOM DGX RRC RTN O RHT REGN RF RSG RAI RHI ROK COL ROP ROST RCL R CRM SCG SLB SNI STX SEE SRE SHW SIG SPG SWKS SLG SJM SNA SO LUV SWN SE SPGI STJ SWK SPLS SBUX HOT STT SRCL SYK STI SYMC SYF SYY TROW TGT TEL TE TGNA TDC TSO TXN TXT HSY TRV TMO TIF TWX TJX TMK TSS TSCO TDG RIG TRIP FOXA FOX TSN TYC UDR ULTA USB UA UNP UAL UNH UPS URI UTX UHS UNM URBN VFC VLO VAR VTR VRSN VRSK VZ VRTX VIAB V VNO VMC WMT WBA DIS WM WAT ANTM WFC HCN WDC WU WY WHR WFM WMB WLTW WEC WYN WYNN XEL XRX XLNX XL XYL YHOO YUM ZBH ZION ZTS
2016-07-31,729875005,2016-07-15T04:56:16+00:00,504,MMM ABT ABBV ACN ATVI AYI ADBE AAP AES AET AFL AMG A APD AKAM ALK ALB AA AGN LNT ALXN ALLE ADS ALL GOOGL GOOG MO AMZN AEE AAL AEP AXP AIG AMT AWK AMP ABC AME AMGN APH APC ADI AON APA AIV AAPL AMAT ADM AJG AIZ T ADSK ADP AN AZO AVGO AVB AVY BHI BLL BAC BK BCR BAX BBT BDX BBBY BRK-B BBY BIIB BLK HRB BA BWA BXP BSX BMY BF-B CHRW CA COG CPB COF CAH HSIC KMX CCL CAT CBG CBS CELG CNC CNP CTL CERN CF SCHW CHK CVX CMG CB CHD CI XEC CINF CTAS CSCO C CTXS CLX CME CMS COH KO CTSH CL CMCSA CMA CAG CXO COP ED STZ GLW COST CCI CSRA CSX CMI CVS DHI DHR DRI DVA DE DLPH DAL XRAY DVN DO DLR DFS DISCA DISCK DG DLTR D DOV DOW DPS DTE DD DUK DNB ETFC EMN ETN EBAY ECL EIX EW EA EMC EMR ENDP ETR EOG EQT EFX EQIX EQR ESS EL ES EXC EXPE EXPD ESRX EXR XOM FFIV FB FAST FRT FDX FIS FITB FSLR FE FISV FLIR FLS FLR FMC FTI FL F FTV FBHS BEN FCX FTR GPS GRMN GD GE GGP GIS GM GPC GILD GPN GS GT GWW HAL HBI HOG HAR HRS HIG HAS HCA HCP HP HES HPE HOLX HD HON HRL HST HPQ HUM HBAN ITW ILMN IR INTC ICE IBM IP IPG IFF INTU ISRG IVZ IRM JEC JBHT JNJ JCI JPM JNPR KSU K KEY KMB KIM KMI KLAC KSS KHC KR LB LLL LH LRCX LM LEG LEN LVLT LUK LLY LNC LLTC LKQ LMT L LOW LYB MTB MAC M MNK MRO MPC MAR MMC MLM MAS MA MAT MKC MCD MCK MJN WRK MDT MRK MET KORS MCHP MU MSFT MHK TAP MDLZ MON MNST MCO MS MOS MSI MUR MYL NDAQ NOV NAVI NTAP NFLX NWL NFX NEM NWSA NWS NEE NLSN NKE NI NBL JWN NSC NTRS NOC NRG NUE NVDA ORLY OXY OMC OKE ORCL OI PCAR PH PDCO PAYX PYPL PNR PBCT PEP PKI PRGO PFE PCG PM PSX PNW PXD PBI PNC RL PPG PPL PX CFG PCLN PFG PG PGR PLD PRU PEG PSA PHM PVH QRVO PWR QCOM DGX RRC RTN O RHT REGN RF RSG RAI RHI ROK COL ROP ROST RCL R CRM SCG SLB SNI STX SEE SRE SHW SIG SPG SWKS SLG SJM SNA SO LUV SWN SE SPGI STJ SWK SPLS SBUX HOT STT SRCL SYK STI SYMC SYF SYY TROW TGT TEL TGNA TDC TSO TXN TXT HSY TRV TMO TIF TWX TJX TMK TSS TSCO TDG RIG TRIP FOXA FOX TSN TYC UDR ULTA USB UA UNP UAL UNH UPS URI UTX UHS UNM URBN VFC VLO VAR VTR VRSN VRSK VZ VRTX VIAB V VNO VMC WMT WBA DIS WM WAT ANTM WFC HCN WDC WU WY WHR WFM WMB WLTW WEC WYN WYNN XEL XRX XLNX XL XYL YHOO YUM ZBH ZION ZTS
2016-08-31,737054667,2016-08-31T13:40:36+00:00,505,MMM ABT ABBV ACN ATVI AYI ADBE AAP AES AET AFL AMG A APD AKAM ALK ALB AA AGN LNT ALXN ALLE ADS ALL GOOGL GOOG MO AMZN AEE AAL AEP AXP AIG AMT AWK AMP ABC AME AMGN APH APC ADI AON APA AIV AAPL AMAT ADM AJG AIZ T ADSK ADP AN AZO AVGO AVB AVY BHI BLL BAC BK BCR BAX BBT BDX BBBY BRK-B BBY BIIB BLK HRB BA BWA BXP BSX BMY BF-B CHRW CA COG CPB COF CAH HSIC KMX CCL CAT CBG CBS CELG CNC CNP CTL CERN CF SCHW CHK CVX CMG CB CHD CI XEC CINF CTAS CSCO C CTXS CLX CME CMS COH KO CTSH CL CMCSA CMA CAG CXO COP ED STZ GLW COST CCI CSRA CSX CMI CVS DHI DHR DRI DVA DE DLPH DAL XRAY DVN DO DLR DFS DISCA DISCK DG DLTR D DOV DOW DPS DTE DD DUK DNB ETFC EMN ETN EBAY ECL EIX EW EA EMC EMR ENDP ETR EOG EQT EFX EQIX EQR ESS EL ES EXC EXPE EXPD ESRX EXR XOM FFIV FB FAST FRT FDX FIS FITB FSLR FE FISV FLIR FLS FLR FMC FTI FL F FTV FBHS BEN FCX FTR GPS GRMN GD GE GGP GIS GM GPC GILD GPN GS GT GWW HAL HBI HOG HAR HRS HIG HAS HCA HCP HP HES HPE HOLX HD HON HRL HST HPQ HUM HBAN ITW ILMN IR INTC ICE IBM IP IPG IFF INTU ISRG IVZ IRM JEC JBHT JNJ JCI JPM JNPR KSU K KEY KMB KIM KMI KLAC KSS KHC KR LB LLL LH LRCX LM LEG LEN LVLT LUK LLY LNC LLTC LKQ LMT L LOW LYB MTB MAC M MNK MRO MPC MAR MMC MLM MAS MA MAT MKC MCD MCK MJN WRK MDT MRK MET KORS MCHP MU MSFT MHK TAP MDLZ MON MNST MCO MS MOS MSI MUR MYL NDAQ NOV NAVI NTAP NFLX NWL NFX NEM NWSA NWS NEE NLSN NKE NI NBL JWN NSC NTRS NOC NRG NUE NVDA ORLY OXY OMC OKE ORCL OI PCAR PH PDCO PAYX PYPL PNR PBCT PEP PKI PRGO PFE PCG PM PSX PNW PXD PBI PNC RL PPG PPL PX CFG PCLN PFG PG PGR PLD PRU PEG PSA PHM PVH QRVO PWR QCOM DGX RRC RTN O RHT REGN RF RSG RAI RHI ROK COL ROP ROST RCL R CRM SCG SLB SNI STX SEE SRE SHW SIG SPG SWKS SLG SJM SNA SO LUV SWN SE SPGI STJ SWK SPLS SBUX HOT STT SRCL SYK STI SYMC SYF SYY TROW TGT TEL TGNA TDC TSO TXN TXT HSY TRV TMO TIF TWX TJX TMK TSS TSCO TDG RIG TRIP FOXA FOX TSN TYC UDR ULTA USB UA UA-C UNP UAL UNH UPS URI UTX UHS UNM URBN VFC VLO VAR VTR VRSN VRSK VZ VRTX VIAB V VNO VMC WMT WBA DIS WM WAT ANTM WFC HCN WDC WU WY WHR WFM WMB WLTW WEC WYN WYNN XEL XRX XLNX XL XYL YHOO YUM ZBH ZION ZTS
2016-09-30,741981720,2016-09-30T22:19:40+00:00,505,MMM ABT ABBV ACN ATVI AYI ADBE AAP AES AET AFL AMG A APD AKAM ALK ALB AA AGN LNT ALXN ALLE ADS ALL GOOGL GOOG MO AMZN AEE AAL AEP AXP AIG AMT AWK AMP ABC AME AMGN APH APC ADI ANTM AON APA AIV AAPL AMAT ADM AJG AIZ T ADSK ADP AN AZO AVGO AVB AVY BHI BLL BAC BK BCR BAX BBT BDX BBBY BRK-B BBY BIIB BLK HRB BA BWA BXP BSX BMY BF-B CHRW CA COG CPB COF CAH HSIC KMX CCL CAT CBG CBS CELG CNC CNP CTL CERN CF SCHW CHTR CHK CVX CMG CB CHD CI XEC CINF CTAS CSCO C CTXS CLX CME CMS COH KO CTSH CL CMCSA CMA CAG CXO COP ED STZ GLW COST COTY CCI CSRA CSX CMI CVS DHI DHR DRI DVA DE DLPH DAL XRAY DVN DLR DFS DISCA DISCK DG DLTR D DOV DOW DPS DTE DD DUK DNB ETFC EMN ETN EBAY ECL EIX EW EA EMR ENDP ETR EOG EQT EFX EQIX EQR ESS EL ES EXC EXPE EXPD ESRX EXR XOM FFIV FB FAST FRT FDX FIS FITB FSLR FE FISV FLIR FLS FLR FMC FTI FL F FTV FBHS BEN FCX FTR GPS GRMN GD GE GGP GIS GM GPC GILD GPN GS GT GWW HAL HBI HOG HAR HRS HIG HAS HCA HCP HP HES HPE HOLX HD HON HRL HST HPQ HUM HBAN ITW ILMN IR INTC ICE IBM IP IPG IFF INTU ISRG IVZ IRM JEC JBHT JNJ JCI JPM JNPR KSU K KEY KMB KIM KMI KLAC KSS KHC KR LB LLL LH LRCX LM LEG LEN LVLT LUK LLY LNC LLTC LKQ LMT L LOW LYB MTB MAC M MNK MRO MPC MAR MMC MLM MAS MA MAT MKC MCD MCK MJN MDT MRK MET MTD KORS MCHP MU MSFT MHK TAP MDLZ MON MNST MCO MS MOS MSI MUR MYL NDAQ NOV NAVI NTAP NFLX NWL NFX NEM NWSA NWS NEE NLSN NKE NI NBL JWN NSC NTRS NOC NRG NUE NVDA ORLY OXY OMC OKE ORCL OI PCAR PH PDCO PAYX PYPL PNR PBCT PEP PKI PRGO PFE PCG PM PSX PNW PXD PBI PNC RL PPG PPL PX CFG PCLN PFG PG PGR PLD PRU PEG PSA PHM PVH QRVO PWR QCOM DGX RRC RTN O RHT REGN RF RSG RAI RHI ROK COL ROP ROST RCL R CRM SCG SLB SNI STX SEE SRE SHW SIG SPG SWKS SLG SJM SNA SO LUV SWN SE SPGI STJ SWK SPLS SBUX STT SRCL SYK STI SYMC SYF SYY TROW TGT TEL TGNA TDC TSO TXN TXT COO HSY TRV TMO TIF TWX TJX TMK TSS TSCO TDG RIG TRIP FOXA FOX TSN UDR ULTA USB UA UA.C UNP UAL UNH UPS URI UTX UHS UNM URBN VFC VLO VAR VTR VRSN VRSK VZ VRTX VIAB V VNO VMC WMT WBA DIS WM WAT WFC HCN WDC WU WRK WY WHR WFM WMB WLTW WEC WYN WYNN XEL XRX XLNX XL XYL YHOO YUM ZBH ZION ZTS
2016-10-31,745940834,2016-10-24T08:39:16+00:00,505,MMM ABT ABBV ACN ATVI AYI ADBE AAP AES AET AFL AMG A APD AKAM ALK ALB AA AGN LNT ALXN ALLE ADS ALL GOOGL GOOG MO AMZN AEE AAL AEP AXP AIG AMT AWK AMP ABC AME AMGN APH APC ADI ANTM AON APA AIV AAPL AMAT ADM AJG AIZ T ADSK ADP AN AZO AVGO AVB AVY BHI BLL BAC BK BCR BAX BBT BDX BBBY BRK-B BBY BIIB BLK HRB BA BWA BXP BSX BMY BF-B CHRW CA COG CPB COF CAH HSIC KMX CCL CAT CBG CBS CELG CNC CNP CTL CERN CF SCHW CHTR CHK CVX CMG CB CHD CI XEC CINF CTAS CSCO C CTXS CLX CME CMS COH KO CTSH CL CMCSA CMA CAG CXO COP ED STZ GLW COST COTY CCI CSRA CSX CMI CVS DHI DHR DRI DVA DE DLPH DAL XRAY DVN DLR DFS DISCA DISCK DG DLTR D DOV DOW DPS DTE DD DUK DNB ETFC EMN ETN EBAY ECL EIX EW EA EMR ENDP ETR EOG EQT EFX EQIX EQR ESS EL ES EXC EXPE EXPD ESRX EXR XOM FFIV FB FAST FRT FDX FIS FITB FSLR FE FISV FLIR FLS FLR FMC FTI FL F FTV FBHS BEN FCX FTR GPS GRMN GD GE GGP GIS GM GPC GILD GPN GS GT GWW HAL HBI HOG HAR HRS HIG HAS HCA HCP HP HES HPE HOLX HD HON HRL HST HPQ HUM HBAN ITW ILMN IR INTC ICE IBM IP IPG IFF INTU ISRG IVZ IRM JEC JBHT JNJ JCI JPM JNPR KSU K KEY KMB KIM KMI KLAC KSS KHC KR LB LLL LH LRCX LM LEG LEN LVLT LUK LLY LNC LLTC LKQ LMT L LOW LYB MTB MAC M MNK MRO MPC MAR MMC MLM MAS MA MAT MKC MCD MCK MJN MDT MRK MET MTD KORS MCHP MU MSFT MHK TAP MDLZ MON MNST MCO MS MOS MSI MUR MYL NDAQ NOV NAVI NTAP NFLX NWL NFX NEM NWSA NWS NEE NLSN NKE NI NBL JWN NSC NTRS NOC NRG NUE NVDA ORLY OXY OMC OKE ORCL OI PCAR PH PDCO PAYX PYPL PNR PBCT PEP PKI PRGO PFE PCG PM PSX PNW PXD PBI PNC RL PPG PPL PX CFG PCLN PFG PG PGR PLD PRU PEG PSA PHM PVH QRVO PWR QCOM DGX RRC RTN O RHT REGN RF RSG RAI RHI ROK COL ROP ROST RCL R CRM SCG SLB SNI STX SEE SRE SHW SIG SPG SWKS SLG SJM SNA SO LUV SWN SE SPGI STJ SWK SPLS SBUX STT SRCL SYK STI SYMC SYF SYY TROW TGT TEL TGNA TDC TSO TXN TXT COO HSY TRV TMO TIF TWX TJX TMK TSS TSCO TDG RIG TRIP FOXA FOX TSN UDR ULTA USB UA UA.C UNP UAL UNH UPS URI UTX UHS UNM URBN VFC VLO VAR VTR VRSN VRSK VZ VRTX VIAB V VNO VMC WMT WBA DIS WM WAT WFC HCN WDC WU WRK WY WHR WFM WMB WLTW WEC WYN WYNN XEL XRX XLNX XL XYL YHOO YUM ZBH ZION ZTS
2016-11-30,752336101,2016-11-30T18:25:14+00:00,505,MMM ABT ABBV ACN ATVI AYI ADBE AAP AES AET AFL AMG A APD AKAM ALK ALB AGN LNT ALXN ALLE ADS ALL GOOGL GOOG MO AMZN AEE AAL AEP AXP AIG AMT AWK AMP ABC AME AMGN APH APC ADI ANTM AON APA AIV AAPL AMAT ADM ARNC AJG AIZ T ADSK ADP AN AZO AVB AVY BHI BLL BAC BK BCR BAX BBT BDX BBBY BRK-B BBY BIIB BLK HRB BA BWA BXP BSX BMY AVGO BF-B CHRW CA COG CPB COF CAH HSIC KMX CCL CAT CBG CBS CELG CNC CNP CTL CERN CF SCHW CHTR CHK CVX CMG CB CHD CI XEC CINF CTAS CSCO C CFG CTXS CLX CME CMS COH KO CTSH CL CMCSA CMA CAG CXO COP ED STZ GLW COST COTY CCI CSRA CSX CMI CVS DHI DHR DRI DVA DE DLPH DAL XRAY DVN DLR DFS DISCA DISCK DG DLTR D DOV DOW DPS DTE DD DUK DNB ETFC EMN ETN EBAY ECL EIX EW EA EMR ENDP ETR EOG EQT EFX EQIX EQR ESS EL ES EXC EXPE EXPD ESRX EXR XOM FFIV FB FAST FRT FDX FIS FITB FSLR FE FISV FLIR FLS FLR FMC FTI FL F FTV FBHS BEN FCX FTR GPS GRMN GD GE GGP GIS GM GPC GILD GPN GS GT GWW HAL HBI HOG HAR HRS HIG HAS HCA HCP HP HES HPE HOLX HD HON HRL HST HPQ HUM HBAN ITW ILMN IR INTC ICE IBM IP IPG IFF INTU ISRG IVZ IRM JEC JBHT SJM JNJ JCI JPM JNPR KSU K KEY KMB KIM KMI KLAC KSS KHC KR LB LLL LH LRCX LM LEG LEN LVLT LUK LLY LNC LLTC LKQ LMT L LOW LYB MTB MAC M MNK MRO MPC MAR MMC MLM MAS MA MAT MKC MCD MCK MJN MDT MRK MET MTD KORS MCHP MU MSFT MHK TAP MDLZ MON MNST MCO MS MOS MSI MUR MYL NDAQ NOV NAVI NTAP NFLX NWL NFX NEM NWSA NWS NEE NLSN NKE NI NBL JWN NSC NTRS NOC NRG NUE NVDA ORLY OXY OMC OKE ORCL OI PCAR PH PDCO PAYX PYPL PNR PBCT PEP PKI PRGO PFE PCG PM PSX PNW PXD PBI PNC RL PPG PPL PX PCLN PFG PG PGR PLD PRU PEG PSA PHM PVH QRVO PWR QCOM DGX RRC RTN O RHT REGN RF RSG RAI RHI ROK COL ROP ROST RCL R CRM SCG SLB SNI STX SEE SRE SHW SIG SPG SWKS SLG SNA SO LUV SWN SE SPGI STJ SWK SPLS SBUX STT SRCL SYK STI SYMC SYF SYY TROW TGT TEL TGNA TDC TSO TXN TXT COO HSY TRV TMO TIF TWX TJX TMK TSS TSCO TDG RIG TRIP FOXA FOX TSN UDR ULTA USB UA UA.C UNP UAL UNH UPS URI UTX UHS UNM URBN VFC VLO VAR VTR VRSN VRSK VZ VRTX VIAB V VNO VMC WMT WBA DIS WM WAT WFC HCN WDC WU WRK WY WHR WFM WMB WLTW WEC WYN WYNN XEL XRX XLNX XL XYL YHOO YUM ZBH ZION ZTS
2016-12-31,757478916,2016-12-30T22:38:13+00:00,505,MMM ABT ABBV ACN ATVI AYI ADBE AAP AES AET AMG AFL A APD AKAM ALK ALB AGN LNT ALXN ALLE ADS ALL GOOGL GOOG MO AMZN AEE AAL AEP AXP AIG AMT AWK AMP ABC AME AMGN APH APC ADI ANTM AON APA AIV AAPL AMAT ADM ARNC AJG AIZ T ADSK ADP AN AZO AVB AVY BHI BLL BAC BK BCR BAX BBT BDX BBBY BRK-B BBY BIIB BLK HRB BA BWA BXP BSX BMY AVGO BF-B CHRW CA COG CPB COF CAH HSIC KMX CCL CAT CBG CBS CELG CNC CNP CTL CERN CF SCHW CHTR CHK CVX CMG CB CHD CI XEC CINF CTAS CSCO C CFG CTXS CLX CME CMS COH KO CTSH CL CMCSA CMA CAG CXO COP ED STZ GLW COST COTY CCI CSRA CSX CMI CVS DHI DHR DRI DVA DE DLPH DAL XRAY DVN DLR DFS DISCA DISCK DG DLTR D DOV DOW DPS DTE DD DUK DNB ETFC EMN ETN EBAY ECL EIX EW EA EMR ENDP ETR EVHC EOG EQT EFX EQIX EQR ESS EL ES EXC EXPE EXPD ESRX EXR XOM FFIV FB FAST FRT FDX FIS FITB FSLR FE FISV FLIR FLS FLR FMC FTI FL F FTV FBHS BEN FCX FTR GPS GRMN GD GE GGP GIS GM GPC GILD GPN GS GT GWW HAL HBI HOG HAR HRS HIG HAS HCA HCP HP HES HPE HOLX HD HON HRL HST HPQ HUM HBAN ITW ILMN IR INTC ICE IBM IP IPG IFF INTU ISRG IVZ IRM JEC JBHT SJM JNJ JCI JPM JNPR KSU K KEY KMB KIM KMI KLAC KSS KHC KR LB LLL LH LRCX LEG LEN LVLT LUK LLY LNC LLTC LKQ LMT L LOW LYB MAA MTB MAC M MNK MRO MPC MAR MMC MLM MAS MA MAT MKC MCD MCK MJN MDT MRK MET MTD KORS MCHP MU MSFT MHK TAP MDLZ MON MNST MCO MS MOS MSI MUR MYL NDAQ NOV NAVI NTAP NFLX NWL NFX NEM NWSA NWS NEE NLSN NKE NI NBL JWN NSC NTRS NOC NRG NUE NVDA ORLY OXY OMC OKE ORCL PCAR PH PDCO PAYX PYPL PNR PBCT PEP PKI PRGO PFE PCG PM PSX PNW PXD PBI PNC RL PPG PPL PX PCLN PFG PG PGR PLD PRU PEG PSA PHM PVH QRVO PWR QCOM DGX RRC RTN O RHT REGN RF RSG RAI RHI ROK COL ROP ROST RCL R CRM SCG SLB SNI STX SEE SRE SHW SIG SPG SWKS SLG SNA SO LUV SWN SE SPGI STJ SWK SPLS SBUX STT SRCL SYK STI SYMC SYF SYY TROW TGT TEL TGNA TDC TSO TXN TXT COO HSY TRV TMO TIF TWX TJX TMK TSS TSCO TDG RIG TRIP FOXA FOX TSN UDR ULTA USB UA UAA UNP UAL UNH UPS URI UTX UHS UNM URBN VFC VLO VAR VTR VRSN VRSK VZ VRTX VIAB V VNO VMC WMT WBA DIS WM WAT WEC WFC HCN WDC WU WRK WY WHR WFM WMB WLTW WYN WYNN XEL XRX XLNX XL XYL YHOO YUM ZBH ZION ZTS
2017-01-31,762319635,2017-01-28T01:29:24+00:00,505,MMM ABT ABBV ACN ATVI AYI ADBE AAP AES AET AMG AFL A APD AKAM ALK ALB AGN LNT ALXN ALLE ADS ALL GOOGL GOOG MO AMZN AEE AAL AEP AXP AIG AMT AWK AMP ABC AME AMGN APH APC ADI ANTM AON APA AIV AAPL AMAT ADM ARNC AJG AIZ T ADSK ADP AN AZO AVB AVY BHI BLL BAC BK BCR BAX BBT BDX BBBY BRK-B BBY BIIB BLK HRB BA BWA BXP BSX BMY AVGO BF-B CHRW CA COG CPB COF CAH HSIC KMX CCL CAT CBG CBS CELG CNC CNP CTL CERN CF SCHW CHTR CHK CVX CMG CB CHD CI XEC CINF CTAS CSCO C CFG CTXS CLX CME CMS COH KO CTSH CL CMCSA CMA CAG CXO COP ED STZ GLW COST COTY CCI CSRA CSX CMI CVS DHI DHR DRI DVA DE DLPH DAL XRAY DVN DLR DFS DISCA DISCK DG DLTR D DOV DOW DPS DTE DD DUK DNB ETFC EMN ETN EBAY ECL EIX EW EA EMR ENDP ETR EVHC EOG EQT EFX EQIX EQR ESS EL ES EXC EXPE EXPD ESRX EXR XOM FFIV FB FAST FRT FDX FIS FITB FSLR FE FISV FLIR FLS FLR FMC FTI FL F FTV FBHS BEN FCX FTR GPS GRMN GD GE GGP GIS GM GPC GILD GPN GS GT GWW HAL HBI HOG HAR HRS HIG HAS HCA HCP HP HES HPE HOLX HD HON HRL HST HPQ HUM HBAN IDXX ITW ILMN IR INTC ICE IBM IP IPG IFF INTU ISRG IVZ IRM JEC JBHT SJM JNJ JCI JPM JNPR KSU K KEY KMB KIM KMI KLAC KSS KHC KR LB LLL LH LRCX LEG LEN LVLT LUK LLY LNC LLTC LKQ LMT L LOW LYB MTB MAC M MNK MRO MPC MAR MMC MLM MAS MA MAT MKC MCD MCK MJN MDT MRK MET MTD KORS MCHP MU MSFT MAA MHK TAP MDLZ MON MNST MCO MS MOS MSI MUR MYL NDAQ NOV NAVI NTAP NFLX NWL NFX NEM NWSA NWS NEE NLSN NKE NI NBL JWN NSC NTRS NOC NRG NUE NVDA ORLY OXY OMC OKE ORCL PCAR PH PDCO PAYX PYPL PNR PBCT PEP PKI PRGO PFE PCG PM PSX PNW PXD PBI PNC RL PPG PPL PX PCLN PFG PG PGR PLD PRU PEG PSA PHM PVH QRVO PWR QCOM DGX RRC RTN O RHT REGN RF RSG RAI RHI ROK COL ROP ROST RCL R CRM SCG SLB SNI STX SEE SRE SHW SIG SPG SWKS SLG SNA SO LUV SWN SE SPGI SWK SPLS SBUX STT SRCL SYK STI SYMC SYF SYY TROW TGT TEL TGNA TDC TSO TXN TXT COO HSY TRV TMO TIF TWX TJX TMK TSS TSCO TDG RIG TRIP FOXA FOX TSN UDR ULTA USB UA UAA UNP UAL UNH UPS URI UTX UHS UNM URBN VFC VLO VAR VTR VRSN VRSK VZ VRTX VIAB V VNO VMC WMT WBA DIS WM WAT WEC WFC HCN WDC WU WRK WY WHR WFM WMB WLTW WYN WYNN XEL XRX XLNX XL XYL YHOO YUM ZBH ZION ZTS
2017-02-28,767962013,2017-02-28T23:42:34+00:00,505,MMM ABT ABBV ACN ATVI AYI ADBE AAP AES AET AMG AFL A APD AKAM ALK ALB AGN LNT ALXN ALLE ADS ALL GOOGL GOOG MO AMZN AEE AAL AEP AXP AIG AMT AWK AMP ABC AME AMGN APH APC ADI ANTM AON APA AIV AAPL AMAT ADM ARNC AJG AIZ T ADSK ADP AN AZO AVB AVY BHI BLL BAC BK BCR BAX BBT BDX BBBY BRK.B BBY BIIB BLK HRB BA BWA BXP BSX BMY AVGO BF.B CHRW CA COG CPB COF CAH CBOE HSIC KMX CCL CAT CBG CBS CELG CNC CNP CTL CERN CF SCHW CHTR CHK CVX CMG CB CHD CI XEC CINF CTAS CSCO C CFG CTXS CLX CME CMS COH KO CTSH CL CMCSA CMA CAG CXO COP ED STZ GLW COST COTY CCI CSRA CSX CMI CVS DHI DHR DRI DVA DE DLPH DAL XRAY DVN DLR DFS DISCA DISCK DG DLTR D DOV DOW DPS DTE DD DUK DNB ETFC EMN ETN EBAY ECL EIX EW EA EMR ENDP ETR EVHC EOG EQT EFX EQIX EQR ESS EL ES EXC EXPE EXPD ESRX EXR XOM FFIV FB FAST FRT FDX FIS FITB FSLR FE FISV FLIR FLS FLR FMC FTI FL F FTV FBHS BEN FCX FTR GPS GRMN GD GE GGP GIS GM GPC GILD GPN GS GT GWW HAL HBI HOG HAR HRS HIG HAS HCA HCP HP HES HPE HOLX HD HON HRL HST HPQ HUM HBAN IDXX ITW ILMN IR INTC ICE IBM INCY IP IPG IFF INTU ISRG IVZ IRM JEC JBHT SJM JNJ JCI JPM JNPR KSU K KEY KMB KIM KMI KLAC KSS KHC KR LB LLL LH LRCX LEG LEN LVLT LUK LLY LNC LLTC LKQ LMT L LOW LYB MTB MAC M MNK MRO MPC MAR MMC MLM MAS MA MAT MKC MCD MCK MJN MDT MRK MET MTD KORS MCHP MU MSFT MAA MHK TAP MDLZ MON MNST MCO MS MOS MSI MUR MYL NDAQ NOV NAVI NTAP NFLX NWL NFX NEM NWSA NWS NEE NLSN NKE NI NBL JWN NSC NTRS NOC NRG NUE NVDA ORLY OXY OMC OKE ORCL PCAR PH PDCO PAYX PYPL PNR PBCT PEP PKI PRGO PFE PCG PM PSX PNW PXD PNC RL PPG PPL PX PCLN PFG PG PGR PLD PRU PEG PSA PHM PVH QRVO PWR QCOM DGX RRC RTN O RHT REGN RF RSG RAI RHI ROK COL ROP ROST RCL R CRM SCG SLB SNI STX SEE SRE SHW SIG SPG SWKS SLG SNA SO LUV SWN SPGI SWK SPLS SBUX STT SRCL SYK STI SYMC SYF SYY TROW TGT TEL TGNA TDC TSO TXN TXT COO HSY TRV TMO TIF TWX TJX TMK TSS TSCO TDG RIG TRIP FOXA FOX TSN UDR ULTA USB UA UAA UNP UAL UNH UPS URI UTX UHS UNM URBN VFC VLO VAR VTR VRSN VRSK VZ VRTX VIAB V VNO VMC WMT WBA DIS WM WAT WEC WFC HCN WDC WU WRK WY WHR WFM WMB WLTW WYN WYNN XEL XRX XLNX XL XYL YHOO YUM ZBH ZION ZTS
2017-03-31,773052884,2017-03-31T00:11:45+00:00,505,MMM ABT ABBV ACN ATVI AYI ADBE AMD AAP AES AET AMG AFL A APD AKAM ALK ALB ARE AGN LNT ALXN ALLE ADS ALL GOOGL GOOG MO AMZN AEE AAL AEP AXP AIG AMT AWK AMP ABC AME AMGN APH APC ADI ANTM AON APA AIV AAPL AMAT ADM ARNC AJG AIZ T ADSK ADP AN AZO AVB AVY BHI BLL BAC BK BCR BAX BBT BDX BBBY BRK.B BBY BIIB BLK HRB BA BWA BXP BSX BMY AVGO BF.B CHRW CA COG CPB COF CAH CBOE KMX CCL CAT CBG CBS CELG CNC CNP CTL CERN CF SCHW CHTR CHK CVX CMG CB CHD CI XEC CINF CTAS CSCO C CFG CTXS CLX CME CMS COH KO CTSH CL CMCSA CMA CAG CXO COP ED STZ GLW COST COTY CCI CSRA CSX CMI CVS DHI DHR DRI DVA DE DLPH DAL XRAY DVN DLR DFS DISCA DISCK DISH DG DLTR D DOV DOW DPS DTE DD DUK DNB ETFC EMN ETN EBAY ECL EIX EW EA EMR ETR EVHC EOG EQT EFX EQIX EQR ESS EL ES EXC EXPE EXPD ESRX EXR XOM FFIV FB FAST FRT FDX FIS FITB FE FISV FLIR FLS FLR FMC FTI FL F FTV FBHS BEN FCX GPS GRMN GD GE GGP GIS GM GPC GILD GPN GS GT GWW HAL HBI HOG HRS HIG HAS HCA HCP HP HSIC HES HPE HOLX HD HON HRL HST HPQ HUM HBAN IDXX ITW ILMN IR INTC ICE IBM INCY IP IPG IFF INTU ISRG IVZ IRM JEC JBHT SJM JNJ JCI JPM JNPR KSU K KEY KMB KIM KMI KLAC KSS KHC KR LB LLL LH LRCX LEG LEN LVLT LUK LLY LNC LKQ LMT L LOW LYB MTB MAC M MNK MRO MPC MAR MMC MLM MAS MA MAT MKC MCD MCK MJN MDT MRK MET MTD KORS MCHP MU MSFT MAA MHK TAP MDLZ MON MNST MCO MS MOS MSI MUR MYL NDAQ NOV NAVI NTAP NFLX NWL NFX NEM NWSA NWS NEE NLSN NKE NI NBL JWN NSC NTRS NOC NRG NUE NVDA ORLY OXY OMC OKE ORCL PCAR PH PDCO PAYX PYPL PNR PBCT PEP PKI PRGO PFE PCG PM PSX PNW PXD PNC RL PPG PPL PX PCLN PFG PG PGR PLD PRU PEG PSA PHM PVH QRVO PWR QCOM DGX RRC RJF RTN O RHT REG REGN RF RSG RAI RHI ROK COL ROP ROST RCL R CRM SCG SLB SNI STX SEE SRE SHW SIG SPG SWKS SLG SNA SO LUV SWN SPGI SWK SPLS SBUX STT SRCL SYK STI SYMC SYF SNPS SYY TROW TGT TEL TGNA TDC TSO TXN TXT COO HSY TRV TMO TIF TWX TJX TMK TSS TSCO TDG RIG TRIP FOXA FOX TSN UDR ULTA USB UA UAA UNP UAL UNH UPS URI UTX UHS UNM VFC VLO VAR VTR VRSN VRSK VZ VRTX VIAB V VNO VMC WMT WBA DIS WM WAT WEC WFC HCN WDC WU WRK WY WHR WFM WMB WLTW WYN WYNN XEL XRX XLNX XL XYL YHOO YUM ZBH ZION ZTS
2017-04-30,777916028,2017-04-30T02:06:39+00:00,505,MMM ABT ABBV ACN ATVI AYI ADBE AMD AAP AES AET AMG AFL A APD AKAM ALK ALB ARE AGN LNT ALXN ALLE ADS ALL GOOGL GOOG MO AMZN AEE AAL AEP AXP AIG AMT AWK AMP ABC AME AMGN APH APC ADI ANTM AON APA AIV AAPL AMAT ADM ARNC AJG AIZ T ADSK ADP AN AZO AVB AVY BHI BLL BAC BK BCR BAX BBT BDX BBBY BRK.B BBY BIIB BLK HRB BA BWA BXP BSX BMY AVGO BF.B CHRW CA COG CPB COF CAH CBOE KMX CCL CAT CBG CBS CELG CNC CNP CTL CERN CF SCHW CHTR CHK CVX CMG CB CHD CI XEC CINF CTAS CSCO C CFG CTXS CLX CME CMS COH KO CTSH CL CMCSA CMA CAG CXO COP ED STZ COO GLW COST COTY CCI CSRA CSX CMI CVS DHI DHR DRI DVA DE DLPH DAL XRAY DVN DLR DFS DISCA DISCK DISH DG DLTR D DOV DOW DPS DTE DD DUK DXC ETFC EMN ETN EBAY ECL EIX EW EA EMR ETR EVHC EOG EQT EFX EQIX EQR ESS EL ES EXC EXPE EXPD ESRX EXR XOM FFIV FB FAST FRT FDX FIS FITB FE FISV FLIR FLS FLR FMC FL F FTV FBHS BEN FCX GPS GRMN IT GD GE GGP GIS GM GPC GILD GPN GS GT GWW HAL HBI HOG HRS HIG HAS HCA HCP HP HSIC HSY HES HPE HOLX HD HON HRL HST HPQ HUM HBAN IDXX ITW ILMN IR INTC ICE IBM INCY IP IPG IFF INTU ISRG IVZ IRM JEC JBHT SJM JNJ JCI JPM JNPR KSU K KEY KMB KIM KMI KLAC KSS KHC KR LB LLL LH LRCX LEG LEN LVLT LUK LLY LNC LKQ LMT L LOW LYB MTB MAC M MNK MRO MPC MAR MMC MLM MAS MA MAT MKC MCD MCK MJN MDT MRK MET MTD KORS MCHP MU MSFT MAA MHK TAP MDLZ MON MNST MCO MS MOS MSI MUR MYL NDAQ NOV NAVI NTAP NFLX NWL NFX NEM NWSA NWS NEE NLSN NKE NI NBL JWN NSC NTRS NOC NRG NUE NVDA ORLY OXY OMC OKE ORCL PCAR PH PDCO PAYX PYPL PNR PBCT PEP PKI PRGO PFE PCG PM PSX PNW PXD PNC RL PPG PPL PX PCLN PFG PG PGR PLD PRU PEG PSA PHM PVH QRVO PWR QCOM DGX RRC RJF RTN O RHT REG REGN RF RSG RAI RHI ROK COL ROP ROST RCL R CRM SCG SLB SNI STX SEE SRE SHW SIG SPG SWKS SLG SNA SO LUV SPGI SWK SPLS SBUX STT SRCL SYK STI SYMC SYF SNPS SYY TROW TGT TEL FTI TGNA TDC TSO TXN TXT TMO TIF TWX TJX TMK TSS TSCO TDG RIG TRV TRIP FOXA FOX TSN UDR ULTA USB UA UAA UNP UAL UNH UPS URI UTX UHS UNM VFC VLO VAR VTR VRSN VRSK VZ VRTX VIAB V VNO VMC WMT WBA DIS WM WAT WEC WFC HCN WDC WU WRK WY WHR WFM WMB WLTW WYN WYNN XEL XRX XLNX XL XYL YHOO YUM ZBH ZION ZTS
2017-05-31,783216691,2017-05-31T21:18:24+00:00,505,MMM ABT ABBV ACN ATVI AYI ADBE AMD AAP AES AET AMG AFL A APD AKAM ALK ALB ARE ALXN ALLE AGN ADS LNT ALL GOOGL GOOG MO AMZN AEE AAL AEP AXP AIG AMT AWK AMP ABC AME AMGN APH APC ADI ANTM AON APA AIV AAPL AMAT ADM ARNC AJG AIZ T ADSK ADP AN AZO AVB AVY BHI BLL BAC BK BCR BAX BBT BDX BBBY BRK.B BBY BIIB BLK HRB BA BWA BXP BSX BMY AVGO BF.B CHRW CA COG CPB COF CAH CBOE KMX CCL CAT CBG CBS CELG CNC CNP CTL CERN CF SCHW CHTR CHK CVX CMG CB CHD CI XEC CINF CTAS CSCO C CFG CTXS CLX CME CMS COH KO CTSH CL CMCSA CMA CAG CXO COP ED STZ COO GLW COST COTY CCI CSRA CSX CMI CVS DHI DHR DRI DVA DE DLPH DAL XRAY DVN DLR DFS DISCA DISCK DISH DG DLTR D DOV DOW DPS DTE DD DUK DXC ETFC EMN ETN EBAY ECL EIX EW EA EMR ETR EVHC EOG EQT EFX EQIX EQR ESS EL ES EXC EXPE EXPD ESRX EXR XOM FFIV FB FAST FRT FDX FIS FITB FE FISV FLIR FLS FLR FMC FL F FTV FBHS BEN FCX GPS GRMN IT GD GE GGP GIS GM GPC GILD GPN GS GT GWW HAL HBI HOG HRS HIG HAS HCA HCP HP HSIC HSY HES HPE HOLX HD HON HRL HST HPQ HUM HBAN IDXX ITW ILMN IR INTC ICE IBM INCY IP IPG IFF INTU ISRG IVZ IRM JEC JBHT SJM JNJ JCI JPM JNPR KSU K KEY KMB KIM KMI KLAC KSS KHC KR LB LLL LH LRCX LEG LEN LVLT LUK LLY LNC LKQ LMT L LOW LYB MTB MAC M MNK MRO MPC MAR MMC MLM MAS MA MAT MKC MCD MCK MJN MDT MRK MET MTD KORS MCHP MU MSFT MAA MHK TAP MDLZ MON MNST MCO MS MOS MSI MUR MYL NDAQ NOV NAVI NTAP NFLX NWL NFX NEM NWSA NWS NEE NLSN NKE NI NBL JWN NSC NTRS NOC NRG NUE NVDA ORLY OXY OMC OKE ORCL PCAR PH PDCO PAYX PYPL PNR PBCT PEP PKI PRGO PFE PCG PM PSX PNW PXD PNC RL PPG PPL PX PCLN PFG PG PGR PLD PRU PEG PSA PHM PVH QRVO PWR QCOM DGX RRC RJF RTN O RHT REG REGN RF RSG RAI RHI ROK COL ROP ROST RCL R CRM SCG SLB SNI STX SEE SRE SHW SIG SPG SWKS SLG SNA SO LUV SPGI SWK SPLS SBUX STT SRCL SYK STI SYMC SYF SNPS SYY TROW TGT TEL FTI TGNA TDC TSO TXN TXT TMO TIF TWX TJX TMK TSS TSCO TDG RIG TRV TRIP FOXA FOX TSN UDR ULTA USB UA UAA UNP UAL UNH UPS URI UTX UHS UNM VFC VLO VAR VTR VRSN VRSK VZ VRTX VIAB V VNO VMC WMT WBA DIS WM WAT WEC WFC HCN WDC WU WRK WY WHR WFM WMB WLTW WYN WYNN XEL XRX XLNX XL XYL YHOO YUM ZBH ZION ZTS
2017-06-30,786648328,2017-06-20T18:27:26+00:00,505,MMM ABT ABBV ACN ATVI AYI ADBE AMD AAP AES AET AMG AFL A APD AKAM ALK ALB ARE ALXN ALGN ALLE AGN ADS LNT ALL GOOGL GOOG MO AMZN AEE AAL AEP AXP AIG AMT AWK AMP ABC AME AMGN APH APC ADI ANSS ANTM AON APA AIV AAPL AMAT ADM ARNC AJG AIZ T ADSK ADP AN AZO AVB AVY BHI BLL BAC BK BCR BAX BBT BDX BBBY BRK.B BBY BIIB BLK HRB BA BWA BXP BSX BMY AVGO BF.B CHRW CA COG CPB COF CAH CBOE KMX CCL CAT CBG CBS CELG CNC CNP CTL CERN CF SCHW CHTR CHK CVX CMG CB CHD CI XEC CINF CTAS CSCO C CFG CTXS CLX CME CMS COH KO CTSH CL CMCSA CMA CAG CXO COP ED STZ COO GLW COST COTY CCI CSRA CSX CMI CVS DHI DHR DRI DVA DE DLPH DAL XRAY DVN DLR DFS DISCA DISCK DISH DG DLTR D DOV DOW DPS DTE DD DUK DXC ETFC EMN ETN EBAY ECL EIX EW EA EMR ETR EVHC EOG EQT EFX EQIX EQR ESS EL ES RE EXC EXPE EXPD ESRX EXR XOM FFIV FB FAST FRT FDX FIS FITB FE FISV FLIR FLS FLR FMC FL F FTV FBHS BEN FCX GPS GRMN IT GD GE GGP GIS GM GPC GILD GPN GS GT GWW HAL HBI HOG HRS HIG HAS HCA HCP HP HSIC HSY HES HPE HLT HOLX HD HON HRL HST HPQ HUM HBAN IDXX INFO ITW ILMN IR INTC ICE IBM INCY IP IPG IFF INTU ISRG IVZ IRM JEC JBHT SJM JNJ JCI JPM JNPR KSU K KEY KMB KIM KMI KLAC KSS KHC KR LB LLL LH LRCX LEG LEN LVLT LUK LLY LNC LKQ LMT L LOW LYB MTB MAC M MNK MRO MPC MAR MMC MLM MAS MA MAT MKC MCD MCK MDT MRK MET MTD KORS MCHP MU MSFT MAA MHK TAP MDLZ MON MNST MCO MS MOS MSI MUR MYL NDAQ NOV NAVI NTAP NFLX NWL NFX NEM NWSA NWS NEE NLSN NKE NI NBL JWN NSC NTRS NOC NRG NUE NVDA ORLY OXY OMC OKE ORCL PCAR PH PDCO PAYX PYPL PNR PBCT PEP PKI PRGO PFE PCG PM PSX PNW PXD PNC RL PPG PPL PX PCLN PFG PG PGR PLD PRU PEG PSA PHM PVH QRVO PWR QCOM DGX RRC RJF RTN O RHT REG REGN RF RSG RAI RHI ROK COL ROP ROST RCL CRM SCG SLB SNI STX SEE SRE SHW SIG SPG SWKS SLG SNA SO LUV SPGI SWK SPLS SBUX STT SRCL SYK STI SYMC SYF SNPS SYY TROW TGT TEL FTI TSO TXN TXT TMO TIF TWX TJX TMK TSS TSCO TDG RIG TRV TRIP FOXA FOX TSN UDR ULTA USB UA UAA UNP UAL UNH UPS URI UTX UHS UNM VFC VLO VAR VTR VRSN VRSK VZ VRTX VIAB V VNO VMC WMT WBA DIS WM WAT WEC WFC HCN WDC WU WRK WY WHR WFM WMB WLTW WYN WYNN XEL XRX XLNX XL XYL YUM ZBH ZION ZTS
2017-07-31,792700872,2017-07-28T02:54:43+00:00,505,MMM ABT ABBV ACN ATVI AYI ADBE AMD AAP AES AET AMG AFL A APD AKAM ALK ALB ARE ALXN ALGN ALLE AGN ADS LNT ALL GOOGL GOOG MO AMZN AEE AAL AEP AXP AIG AMT AWK AMP ABC AME AMGN APH APC ADI ANSS ANTM AON AOS APA AIV AAPL AMAT ADM ARNC AJG AIZ T ADSK ADP AN AZO AVB AVY BHGE BLL BAC BK BCR BAX BBT BDX BRK.B BBY BIIB BLK HRB BA BWA BXP BSX BMY AVGO BF.B CHRW CA COG CPB COF CAH CBOE KMX CCL CAT CBG CBS CELG CNC CNP CTL CERN CF SCHW CHTR CHK CVX CMG CB CHD CI XEC CINF CTAS CSCO C CFG CTXS CLX CME CMS COH KO CTSH CL CMCSA CMA CAG CXO COP ED STZ COO GLW COST COTY CCI CSRA CSX CMI CVS DHI DHR DRI DVA DE DLPH DAL XRAY DVN DLR DFS DISCA DISCK DISH DG DLTR D DOV DOW DPS DTE DRE DD DUK DXC ETFC EMN ETN EBAY ECL EIX EW EA EMR ETR EVHC EOG EQT EFX EQIX EQR ESS EL ES RE EXC EXPE EXPD ESRX EXR XOM FFIV FB FAST FRT FDX FIS FITB FE FISV FLIR FLS FLR FMC FL F FTV FBHS BEN FCX GPS GRMN IT GD GE GGP GIS GM GPC GILD GPN GS GT GWW HAL HBI HOG HRS HIG HAS HCA HCP HP HSIC HSY HES HPE HLT HOLX HD HON HRL HST HPQ HUM HBAN IDXX INFO ITW ILMN IR INTC ICE IBM INCY IP IPG IFF INTU ISRG IVZ IRM JEC JBHT SJM JNJ JCI JPM JNPR KSU K KEY KMB KIM KMI KLAC KSS KHC KR LB LLL LH LRCX LEG LEN LVLT LUK LLY LNC LKQ LMT L LOW LYB MTB MAC M MRO MPC MAR MMC MLM MAS MA MAT MKC MCD MCK MDT MRK MET MTD MGM KORS MCHP MU MSFT MAA MHK TAP MDLZ MON MNST MCO MS MOS MSI MYL NDAQ NOV NAVI NTAP NFLX NWL NFX NEM NWSA NWS NEE NLSN NKE NI NBL JWN NSC NTRS NOC NRG NUE NVDA ORLY OXY OMC OKE ORCL PCAR PKG PH PDCO PAYX PYPL PNR PBCT PEP PKI PRGO PFE PCG PM PSX PNW PXD PNC RL PPG PPL PX PCLN PFG PG PGR PLD PRU PEG PSA PHM PVH QRVO PWR QCOM DGX RRC RJF RTN O RHT REG REGN RF RSG RMD RHI ROK COL ROP ROST RCL CRM SCG SLB SNI STX SEE SRE SHW SIG SPG SWKS SLG SNA SO LUV SPGI SWK SPLS SBUX STT SRCL SYK STI SYMC SYF SNPS SYY TROW TGT TEL FTI TSO TXN TXT TMO TIF TWX TJX TMK TSS TSCO TDG TRV TRIP FOXA FOX TSN UDR ULTA USB UA UAA UNP UAL UNH UPS URI UTX UHS UNM VFC VLO VAR VTR VRSN VRSK VZ VRTX VIAB V VNO VMC WMT WBA DIS WM WAT WEC WFC HCN WDC WU WRK WY WHR WFM WMB WLTW WYN WYNN XEL XRX XLNX XL XYL YUM ZBH ZION ZTS
2017-08-31,797887606,2017-08-29T19:09:59+00:00,505,MMM ABT ABBV ACN ATVI AYI ADBE AMD AAP AES AET AMG AFL A APD AKAM ALK ALB ARE ALXN ALGN ALLE AGN ADS LNT ALL GOOGL GOOG MO AMZN AEE AAL AEP AXP AIG AMT AWK AMP ABC AME AMGN APH APC ADI ANDV ANSS ANTM AON AOS APA AIV AAPL AMAT ADM ARNC AJG AIZ T ADSK ADP AZO AVB AVY BHGE BLL BAC BK BCR BAX BBT BDX BRK.B BBY BIIB BLK HRB BA BWA BXP BSX BHF BMY AVGO BF.B CHRW CA COG CPB COF CAH CBOE KMX CCL CAT CBG CBS CELG CNC CNP CTL CERN CF SCHW CHTR CHK CVX CMG CB CHD CI XEC CINF CTAS CSCO C CFG CTXS CLX CME CMS COH KO CTSH CL CMCSA CMA CAG CXO COP ED STZ COO GLW COST COTY CCI CSRA CSX CMI CVS DHI DHR DRI DVA DE DLPH DAL XRAY DVN DLR DFS DISCA DISCK DISH DG DLTR D DOV DOW DPS DTE DRE DD DUK DXC ETFC EMN ETN EBAY ECL EIX EW EA EMR ETR EVHC EOG EQT EFX EQIX EQR ESS EL ES RE EXC EXPE EXPD ESRX EXR XOM FFIV FB FAST FRT FDX FIS FITB FE FISV FLIR FLS FLR FMC FL F FTV FBHS BEN FCX GPS GRMN IT GD GE GGP GIS GM GPC GILD GPN GS GT GWW HAL HBI HOG HRS HIG HAS HCA HCP HP HSIC HSY HES HPE HLT HOLX HD HON HRL HST HPQ HUM HBAN IDXX INFO ITW ILMN IR INTC ICE IBM INCY IP IPG IFF INTU ISRG IVZ IRM JEC JBHT SJM JNJ JCI JPM JNPR KSU K KEY KMB KIM KMI KLAC KSS KHC KR LB LLL LH LRCX LEG LEN LVLT LUK LLY LNC LKQ LMT L LOW LYB MTB MAC M MRO MPC MAR MMC MLM MAS MA MAT MKC MCD MCK MDT MRK MET MTD MGM KORS MCHP MU MSFT MAA MHK TAP MDLZ MON MNST MCO MS MOS MSI MYL NDAQ NOV NAVI NTAP NFLX NWL NFX NEM NWSA NWS NEE NLSN NKE NI NBL JWN NSC NTRS NOC NRG NUE NVDA ORLY OXY OMC OKE ORCL PCAR PKG PH PDCO PAYX PYPL PNR PBCT PEP PKI PRGO PFE PCG PM PSX PNW PXD PNC RL PPG PPL PX PCLN PFG PG PGR PLD PRU PEG PSA PHM PVH QRVO PWR QCOM DGX Q RRC RJF RTN O RHT REG REGN RF RSG RMD RHI ROK COL ROP ROST RCL CRM SCG SLB SNI STX SEE SRE SHW SIG SPG SWKS SLG SNA SO LUV SPGI SWK SPLS SBUX STT SRCL SYK STI SYMC SYF SNPS SYY TROW TGT TEL FTI TXN TXT TMO TIF TWX TJX TMK TSS TSCO TDG TRV TRIP FOXA FOX TSN UDR ULTA USB UA UAA UNP UAL UNH UPS URI UTX UHS UNM VFC VLO VAR VTR VRSN VRSK VZ VRTX VIAB V VNO VMC WMT WBA DIS WM WAT WEC WFC HCN WDC WU WRK WY WHR WMB WLTW WYN WYNN XEL XRX XLNX XL XYL YUM ZBH ZION ZTS
2017-09-30,801637797,2017-09-20T22:15:58+00:00,505,MMM ABT ABBV ACN ATVI AYI ADBE AMD AAP AES AET AMG AFL A APD AKAM ALK ALB ARE ALXN ALGN ALLE AGN ADS LNT ALL GOOGL GOOG MO AMZN AEE AAL AEP AXP AIG AMT AWK AMP ABC AME AMGN APH APC ADI ANDV ANSS ANTM AON AOS APA AIV AAPL AMAT ADM ARNC AJG AIZ T ADSK ADP AZO AVB AVY BHGE BLL BAC BK BCR BAX BBT BDX BRK.B BBY BIIB BLK HRB BA BWA BXP BSX BHF BMY AVGO BF.B CHRW CA COG CDNS CPB COF CAH CBOE KMX CCL CAT CBG CBS CELG CNC CNP CTL CERN CF SCHW CHTR CHK CVX CMG CB CHD CI XEC CINF CTAS CSCO C CFG CTXS CLX CME CMS COH KO CTSH CL CMCSA CMA CAG CXO COP ED STZ COO GLW COST COTY CCI CSRA CSX CMI CVS DHI DHR DRI DVA DE DLPH DAL XRAY DVN DLR DFS DISCA DISCK DISH DG DLTR D DOV DWDP DPS DTE DRE DUK DXC ETFC EMN ETN EBAY ECL EIX EW EA EMR ETR EVHC EOG EQT EFX EQIX EQR ESS EL ES RE EXC EXPE EXPD ESRX EXR XOM FFIV FB FAST FRT FDX FIS FITB FE FISV FLIR FLS FLR FMC FL F FTV FBHS BEN FCX GPS GRMN IT GD GE GGP GIS GM GPC GILD GPN GS GT GWW HAL HBI HOG HRS HIG HAS HCA HCP HP HSIC HSY HES HPE HLT HOLX HD HON HRL HST HPQ HUM HBAN IDXX INFO ITW ILMN IR INTC ICE IBM INCY IP IPG IFF INTU ISRG IVZ IRM JEC JBHT SJM JNJ JCI JPM JNPR KSU K KEY KMB KIM KMI KLAC KSS KHC KR LB LLL LH LRCX LEG LEN LVLT LUK LLY LNC LKQ LMT L LOW LYB MTB MAC M MRO MPC MAR MMC MLM MAS MA MAT MKC MCD MCK MDT MRK MET MTD MGM KORS MCHP MU MSFT MAA MHK TAP MDLZ MON MNST MCO MS MOS MSI MYL NDAQ NOV NAVI NTAP NFLX NWL NFX NEM NWSA NWS NEE NLSN NKE NI NBL JWN NSC NTRS NOC NRG NUE NVDA ORLY OXY OMC OKE ORCL PCAR PKG PH PDCO PAYX PYPL PNR PBCT PEP PKI PRGO PFE PCG PM PSX PNW PXD PNC RL PPG PPL PX PCLN PFG PG PGR PLD PRU PEG PSA PHM PVH QRVO PWR QCOM DGX Q RRC RJF RTN O RHT REG REGN RF RSG RMD RHI ROK COL ROP ROST RCL CRM SBAC SCG SLB SNI STX SEE SRE SHW SIG SPG SWKS SLG SNA SO LUV SPGI SWK SBUX STT SRCL SYK STI SYMC SYF SNPS SYY TROW TGT TEL FTI TXN TXT TMO TIF TWX TJX TMK TSS TSCO TDG TRV TRIP FOXA FOX TSN UDR ULTA USB UA UAA UNP UAL UNH UPS URI UTX UHS UNM VFC VLO VAR VTR VRSN VRSK VZ VRTX VIAB V VNO VMC WMT WBA DIS WM WAT WEC WFC HCN WDC WU WRK WY WHR WMB WLTW WYN WYNN XEL XRX XLNX XL XYL YUM ZBH ZION ZTS
2017-10-31,808078947,2017-10-31T19:13:51+00:00,505,MMM ABT ABBV ACN ATVI AYI ADBE AMD AAP AES AET AMG AFL A APD AKAM ALK ALB ARE ALXN ALGN ALLE AGN ADS LNT ALL GOOGL GOOG MO AMZN AEE AAL AEP AXP AIG AMT AWK AMP ABC AME AMGN APH APC ADI ANDV ANSS ANTM AON AOS APA AIV AAPL AMAT ADM ARNC AJG AIZ T ADSK ADP AZO AVB AVY BHGE BLL BAC BK BCR BAX BBT BDX BRK.B BBY BIIB BLK HRB BA BWA BXP BSX BHF BMY AVGO BF.B CHRW CA COG CDNS CPB COF CAH CBOE KMX CCL CAT CBG CBS CELG CNC CNP CTL CERN CF SCHW CHTR CHK CVX CMG CB CHD CI XEC CINF CTAS CSCO C CFG CTXS CLX CME CMS KO CTSH CL CMCSA CMA CAG CXO COP ED STZ COO GLW COST COTY CCI CSRA CSX CMI CVS DHI DHR DRI DVA DE DLPH DAL XRAY DVN DLR DFS DISCA DISCK DISH DG DLTR D DOV DWDP DPS DTE DRE DUK DXC ETFC EMN ETN EBAY ECL EIX EW EA EMR ETR EVHC EOG EQT EFX EQIX EQR ESS EL ES RE EXC EXPE EXPD ESRX EXR XOM FFIV FB FAST FRT FDX FIS FITB FE FISV FLIR FLS FLR FMC FL F FTV FBHS BEN FCX GPS GRMN IT GD GE GGP GIS GM GPC GILD GPN GS GT GWW HAL HBI HOG HRS HIG HAS HCA HCP HP HSIC HSY HES HPE HLT HOLX HD HON HRL HST HPQ HUM HBAN IDXX INFO ITW ILMN IR INTC ICE IBM INCY IP IPG IFF INTU ISRG IVZ IRM JEC JBHT SJM JNJ JCI JPM JNPR KSU K KEY KMB KIM KMI KLAC KSS KHC KR LB LLL LH LRCX LEG LEN LUK LLY LNC LKQ LMT L LOW LYB MTB MAC M MRO MPC MAR MMC MLM MAS MA MAT MKC MCD MCK MDT MRK MET MTD MGM KORS MCHP MU MSFT MAA MHK TAP MDLZ MON MNST MCO MS MOS MSI MYL NDAQ NOV NAVI NTAP NFLX NWL NFX NEM NWSA NWS NEE NLSN NKE NI NBL JWN NSC NTRS NOC NCLH NRG NUE NVDA ORLY OXY OMC OKE ORCL PCAR PKG PH PDCO PAYX PYPL PNR PBCT PEP PKI PRGO PFE PCG PM PSX PNW PXD PNC RL PPG PPL PX PCLN PFG PG PGR PLD PRU PEG PSA PHM PVH QRVO PWR QCOM DGX Q RRC RJF RTN O RHT REG REGN RF RSG RMD RHI ROK COL ROP ROST RCL CRM SBAC SCG SLB SNI STX SEE SRE SHW SIG SPG SWKS SLG SNA SO LUV SPGI SWK SBUX STT SRCL SYK STI SYMC SYF SNPS SYY TROW TPR TGT TEL FTI TXN TXT TMO TIF TWX TJX TMK TSS TSCO TDG TRV TRIP FOXA FOX TSN UDR ULTA USB UA UAA UNP UAL UNH UPS URI UTX UHS UNM VFC VLO VAR VTR VRSN VRSK VZ VRTX VIAB V VNO VMC WMT WBA DIS WM WAT WEC WFC HCN WDC WU WRK WY WHR WMB WLTW WYN WYNN XEL XRX XLNX XL XYL YUM ZBH ZION ZTS
2017-11-30,812940398,2017-11-30T20:10:06+00:00,505,MMM ABT ABBV ACN ATVI AYI ADBE AMD AAP AES AET AMG AFL A APD AKAM ALK ALB ARE ALXN ALGN ALLE AGN ADS LNT ALL GOOGL GOOG MO AMZN AEE AAL AEP AXP AIG AMT AWK AMP ABC AME AMGN APH APC ADI ANDV ANSS ANTM AON AOS APA AIV AAPL AMAT ADM ARNC AJG AIZ T ADSK ADP AZO AVB AVY BHGE BLL BAC BK BCR BAX BBT BDX BRK.B BBY BIIB BLK HRB BA BWA BXP BSX BHF BMY AVGO BF.B CHRW CA COG CDNS CPB COF CAH CBOE KMX CCL CAT CBG CBS CELG CNC CNP CTL CERN CF SCHW CHTR CHK CVX CMG CB CHD CI XEC CINF CTAS CSCO C CFG CTXS CLX CME CMS KO CTSH CL CMCSA CMA CAG CXO COP ED STZ COO GLW COST COTY CCI CSRA CSX CMI CVS DHI DHR DRI DVA DE DLPH DAL XRAY DVN DLR DFS DISCA DISCK DISH DG DLTR D DOV DWDP DPS DTE DRE DUK DXC ETFC EMN ETN EBAY ECL EIX EW EA EMR ETR EVHC EOG EQT EFX EQIX EQR ESS EL ES RE EXC EXPE EXPD ESRX EXR XOM FFIV FB FAST FRT FDX FIS FITB FE FISV FLIR FLS FLR FMC FL F FTV FBHS BEN FCX GPS GRMN IT GD GE GGP GIS GM GPC GILD GPN GS GT GWW HAL HBI HOG HRS HIG HAS HCA HCP HP HSIC HSY HES HPE HLT HOLX HD HON HRL HST HPQ HUM HBAN IDXX INFO ITW ILMN IR INTC ICE IBM INCY IP IPG IFF INTU ISRG IVZ IQV IRM JEC JBHT SJM JNJ JCI JPM JNPR KSU K KEY KMB KIM KMI KLAC KSS KHC KR LB LLL LH LRCX LEG LEN LUK LLY LNC LKQ LMT L LOW LYB MTB MAC M MRO MPC MAR MMC MLM MAS MA MAT MKC MCD MCK MDT MRK MET MTD MGM KORS MCHP MU MSFT MAA MHK TAP MDLZ MON MNST MCO MS MOS MSI MYL NDAQ NOV NAVI NTAP NFLX NWL NFX NEM NWSA NWS NEE NLSN NKE NI NBL JWN NSC NTRS NOC NCLH NRG NUE NVDA ORLY OXY OMC OKE ORCL PCAR PKG PH PDCO PAYX PYPL PNR PBCT PEP PKI PRGO PFE PCG PM PSX PNW PXD PNC RL PPG PPL PX PCLN PFG PG PGR PLD PRU PEG PSA PHM PVH QRVO PWR QCOM DGX RRC RJF RTN O RHT REG REGN RF RSG RMD RHI ROK COL ROP ROST RCL CRM SBAC SCG SLB SNI STX SEE SRE SHW SIG SPG SWKS SLG SNA SO LUV SPGI SWK SBUX STT SRCL SYK STI SYMC SYF SNPS SYY TROW TPR TGT TEL FTI TXN TXT TMO TIF TWX TJX TMK TSS TSCO TDG TRV TRIP FOXA FOX TSN UDR ULTA USB UA UAA UNP UAL UNH UPS URI UTX UHS UNM VFC VLO VAR VTR VRSN VRSK VZ VRTX VIAB V VNO VMC WMT WBA DIS WM WAT WEC WFC HCN WDC WU WRK WY WHR WMB WLTW WYN WYNN XEL XRX XLNX XL XYL YUM ZBH ZION ZTS
2017-12-31,816702509,2017-12-23T03:19:30+00:00,505,MMM ABT ABBV ACN ATVI AYI ADBE AMD AAP AES AET AMG AFL A APD AKAM ALK ALB ARE ALXN ALGN ALLE AGN ADS LNT ALL GOOGL GOOG MO AMZN AEE AAL AEP AXP AIG AMT AWK AMP ABC AME AMGN APH APC ADI ANDV ANSS ANTM AON AOS APA AIV AAPL AMAT APTV ADM ARNC AJG AIZ T ADSK ADP AZO AVB AVY BHGE BLL BAC BK BCR BAX BBT BDX BRK.B BBY BIIB BLK HRB BA BWA BXP BSX BHF BMY AVGO BF.B CHRW CA COG CDNS CPB COF CAH CBOE KMX CCL CAT CBG CBS CELG CNC CNP CTL CERN CF SCHW CHTR CHK CVX CMG CB CHD CI XEC CINF CTAS CSCO C CFG CTXS CLX CME CMS KO CTSH CL CMCSA CMA CAG CXO COP ED STZ COO GLW COST COTY CCI CSRA CSX CMI CVS DHI DHR DRI DVA DE DAL XRAY DVN DLR DFS DISCA DISCK DISH DG DLTR D DOV DWDP DPS DTE DRE DUK DXC ETFC EMN ETN EBAY ECL EIX EW EA EMR ETR EVHC EOG EQT EFX EQIX EQR ESS EL ES RE EXC EXPE EXPD ESRX EXR XOM FFIV FB FAST FRT FDX FIS FITB FE FISV FLIR FLS FLR FMC FL F FTV FBHS BEN FCX GPS GRMN IT GD GE GGP GIS GM GPC GILD GPN GS GT GWW HAL HBI HOG HRS HIG HAS HCA HCP HP HSIC HSY HES HPE HLT HOLX HD HON HRL HST HPQ HUM HBAN IDXX INFO ITW ILMN IR INTC ICE IBM INCY IP IPG IFF INTU ISRG IVZ IQV IRM JEC JBHT SJM JNJ JCI JPM JNPR KSU K KEY KMB KIM KMI KLAC KSS KHC KR LB LLL LH LRCX LEG LEN LUK LLY LNC LKQ LMT L LOW LYB MTB MAC M MRO MPC MAR MMC MLM MAS MA MAT MKC MCD MCK MDT MRK MET MTD MGM KORS MCHP MU MSFT MAA MHK TAP MDLZ MON MNST MCO MS MOS MSI MYL NDAQ NOV NAVI NTAP NFLX NWL NFX NEM NWSA NWS NEE NLSN NKE NI NBL JWN NSC NTRS NOC NCLH NRG NUE NVDA ORLY OXY OMC OKE ORCL PCAR PKG PH PDCO PAYX PYPL PNR PBCT PEP PKI PRGO PFE PCG PM PSX PNW PXD PNC RL PPG PPL PX PCLN PFG PG PGR PLD PRU PEG PSA PHM PVH QRVO PWR QCOM DGX RRC RJF RTN O RHT REG REGN RF RSG RMD RHI ROK COL ROP ROST RCL CRM SBAC SCG SLB SNI STX SEE SRE SHW SIG SPG SWKS SLG SNA SO LUV SPGI SWK SBUX STT SRCL SYK STI SYMC SYF SNPS SYY TROW TPR TGT TEL FTI TXN TXT TMO TIF TWX TJX TMK TSS TSCO TDG TRV TRIP FOXA FOX TSN UDR ULTA USB UA UAA UNP UAL UNH UPS URI UTX UHS UNM VFC VLO VAR VTR VRSN VRSK VZ VRTX VIAB V VNO VMC WMT WBA DIS WM WAT WEC WFC HCN WDC WU WRK WY WHR WMB WLTW WYN WYNN XEL XRX XLNX XL XYL YUM ZBH ZION ZTS
2018-01-31,821321383,2018-01-19T19:04:07+00:00,505,MMM ABT ABBV ACN ATVI AYI ADBE AMD AAP AES AET AMG AFL A APD AKAM ALK ALB ARE ALXN ALGN ALLE AGN ADS LNT ALL GOOGL GOOG MO AMZN AEE AAL AEP AXP AIG AMT AWK AMP ABC AME AMGN APH APC ADI ANDV ANSS ANTM AON AOS APA AIV AAPL AMAT APTV ADM ARNC AJG AIZ T ADSK ADP AZO AVB AVY BHGE BLL BAC BK BAX BBT BDX BRK.B BBY BIIB BLK HRB BA BWA BXP BSX BHF BMY AVGO BF.B CHRW CA COG CDNS CPB COF CAH CBOE KMX CCL CAT CBG CBS CELG CNC CNP CTL CERN CF SCHW CHTR CHK CVX CMG CB CHD CI XEC CINF CTAS CSCO C CFG CTXS CLX CME CMS KO CTSH CL CMCSA CMA CAG CXO COP ED STZ COO GLW COST COTY CCI CSRA CSX CMI CVS DHI DHR DRI DVA DE DAL XRAY DVN DLR DFS DISCA DISCK DISH DG DLTR D DOV DWDP DPS DTE DRE DUK DXC ETFC EMN ETN EBAY ECL EIX EW EA EMR ETR EVHC EOG EQT EFX EQIX EQR ESS EL ES RE EXC EXPE EXPD ESRX EXR XOM FFIV FB FAST FRT FDX FIS FITB FE FISV FLIR FLS FLR FMC FL F FTV FBHS BEN FCX GPS GRMN IT GD GE GGP GIS GM GPC GILD GPN GS GT GWW HAL HBI HOG HRS HIG HAS HCA HCP HP HSIC HSY HES HPE HLT HOLX HD HON HRL HST HPQ HUM HBAN HII IDXX INFO ITW ILMN IR INTC ICE IBM INCY IP IPG IFF INTU ISRG IVZ IQV IRM JEC JBHT SJM JNJ JCI JPM JNPR KSU K KEY KMB KIM KMI KLAC KSS KHC KR LB LLL LH LRCX LEG LEN LUK LLY LNC LKQ LMT L LOW LYB MTB MAC M MRO MPC MAR MMC MLM MAS MA MAT MKC MCD MCK MDT MRK MET MTD MGM KORS MCHP MU MSFT MAA MHK TAP MDLZ MON MNST MCO MS MOS MSI MYL NDAQ NOV NAVI NTAP NFLX NWL NFX NEM NWSA NWS NEE NLSN NKE NI NBL JWN NSC NTRS NOC NCLH NRG NUE NVDA ORLY OXY OMC OKE ORCL PCAR PKG PH PDCO PAYX PYPL PNR PBCT PEP PKI PRGO PFE PCG PM PSX PNW PXD PNC RL PPG PPL PX PCLN PFG PG PGR PLD PRU PEG PSA PHM PVH QRVO PWR QCOM DGX RRC RJF RTN O RHT REG REGN RF RSG RMD RHI ROK COL ROP ROST RCL CRM SBAC SCG SLB SNI STX SEE SRE SHW SIG SPG SWKS SLG SNA SO LUV SPGI SWK SBUX STT SRCL SYK STI SYMC SYF SNPS SYY TROW TPR TGT TEL FTI TXN TXT TMO TIF TWX TJX TMK TSS TSCO TDG TRV TRIP FOXA FOX TSN UDR ULTA USB UAA UA UNP UAL UNH UPS URI UTX UHS UNM VFC VLO VAR VTR VRSN VRSK VZ VRTX VIAB V VNO VMC WMT WBA DIS WM WAT WEC WFC HCN WDC WU WRK WY WHR WMB WLTW WYN WYNN XEL XRX XLNX XL XYL YUM ZBH ZION ZTS
2018-02-28,828166632,2018-02-28T23:11:10+00:00,505,MMM ABT ABBV ACN ATVI AYI ADBE AMD AAP AES AET AMG AFL A APD AKAM ALK ALB ARE ALXN ALGN ALLE AGN ADS LNT ALL GOOGL GOOG MO AMZN AEE AAL AEP AXP AIG AMT AWK AMP ABC AME AMGN APH APC ADI ANDV ANSS ANTM AON AOS APA AIV AAPL AMAT APTV ADM ARNC AJG AIZ T ADSK ADP AZO AVB AVY BHGE BLL BAC BK BAX BBT BDX BRK.B BBY BIIB BLK HRB BA BKNG BWA BXP BSX BHF BMY AVGO BF.B CHRW CA COG CDNS CPB COF CAH CBOE KMX CCL CAT CBG CBS CELG CNC CNP CTL CERN CF SCHW CHTR CHK CVX CMG CB CHD CI XEC CINF CTAS CSCO C CFG CTXS CLX CME CMS KO CTSH CL CMCSA CMA CAG CXO COP ED STZ COO GLW COST COTY CCI CSRA CSX CMI CVS DHI DHR DRI DVA DE DAL XRAY DVN DLR DFS DISCA DISCK DISH DG DLTR D DOV DWDP DPS DTE DRE DUK DXC ETFC EMN ETN EBAY ECL EIX EW EA EMR ETR EVHC EOG EQT EFX EQIX EQR ESS EL ES RE EXC EXPE EXPD ESRX EXR XOM FFIV FB FAST FRT FDX FIS FITB FE FISV FLIR FLS FLR FMC FL F FTV FBHS BEN FCX GPS GRMN IT GD GE GGP GIS GM GPC GILD GPN GS GT GWW HAL HBI HOG HRS HIG HAS HCA HCP HP HSIC HSY HES HPE HLT HOLX HD HON HRL HST HPQ HUM HBAN HII IDXX INFO ITW ILMN IR INTC ICE IBM INCY IP IPG IFF INTU ISRG IVZ IQV IRM JEC JBHT SJM JNJ JCI JPM JNPR KSU K KEY KMB KIM KMI KLAC KSS KHC KR LB LLL LH LRCX LEG LEN LUK LLY LNC LKQ LMT L LOW LYB MTB MAC M MRO MPC MAR MMC MLM MAS MA MAT MKC MCD MCK MDT MRK MET MTD MGM KORS MCHP MU MSFT MAA MHK TAP MDLZ MON MNST MCO MS MOS MSI MYL NDAQ NOV NAVI NTAP NFLX NWL NFX NEM NWSA NWS NEE NLSN NKE NI NBL JWN NSC NTRS NOC NCLH NRG NUE NVDA ORLY OXY OMC OKE ORCL PCAR PKG PH PDCO PAYX PYPL PNR PBCT PEP PKI PRGO PFE PCG PM PSX PNW PXD PNC RL PPG PPL PX PFG PG PGR PLD PRU PEG PSA PHM PVH QRVO PWR QCOM DGX RRC RJF RTN O RHT REG REGN RF RSG RMD RHI ROK COL ROP ROST RCL CRM SBAC SCG SLB SNI STX SEE SRE SHW SIG SPG SWKS SLG SNA SO LUV SPGI SWK SBUX STT SRCL SYK STI SYMC SYF SNPS SYY TROW TPR TGT TEL FTI TXN TXT TMO TIF TWX TJX TMK TSS TSCO TDG TRV TRIP FOXA FOX TSN UDR ULTA USB UAA UA UNP UAL UNH UPS URI UTX UHS UNM VFC VLO VAR VTR VRSN VRSK VZ VRTX VIAB V VNO VMC WMT WBA DIS WM WAT WEC WFC WELL WDC WU WRK WY WHR WMB WLTW WYN WYNN XEL XRX XLNX XL XYL YUM ZBH ZION ZTS
2018-03-31,833052312,2018-03-29T12:07:46+00:00,505,MMM ABT ABBV ACN ATVI AYI ADBE AMD AAP AES AET AMG AFL A APD AKAM ALK ALB ARE ALXN ALGN ALLE AGN ADS LNT ALL GOOGL GOOG MO AMZN AEE AAL AEP AXP AIG AMT AWK AMP ABC AME AMGN APH APC ADI ANDV ANSS ANTM AON AOS APA AIV AAPL AMAT APTV ADM ARNC AJG AIZ T ADSK ADP AZO AVB AVY BHGE BLL BAC BK BAX BBT BDX BRK.B BBY BIIB BLK HRB BA BKNG BWA BXP BSX BHF BMY AVGO BF.B CHRW CA COG CDNS CPB COF CAH KMX CCL CAT CBOE CBRE CBS CELG CNC CNP CTL CERN CF SCHW CHTR CVX CMG CB CHD CI XEC CINF CTAS CSCO C CFG CTXS CLX CME CMS KO CTSH CL CMCSA CMA CAG CXO COP ED STZ COO GLW COST COTY CCI CSRA CSX CMI CVS DHI DHR DRI DVA DE DAL XRAY DVN DLR DFS DISCA DISCK DISH DG DLTR D DOV DWDP DPS DTE DRE DUK DXC ETFC EMN ETN EBAY ECL EIX EW EA EMR ETR EVHC EOG EQT EFX EQIX EQR ESS EL ES RE EXC EXPE EXPD ESRX EXR XOM FFIV FB FAST FRT FDX FIS FITB FE FISV FLIR FLS FLR FMC FL F FTV FBHS BEN FCX GPS GRMN IT GD GE GGP GIS GM GPC GILD GPN GS GT GWW HAL HBI HOG HRS HIG HAS HCA HCP HP HSIC HSY HES HPE HLT HOLX HD HON HRL HST HPQ HUM HBAN HII IDXX INFO ITW ILMN IR INTC ICE IBM INCY IP IPG IFF INTU ISRG IVZ IPGP IQV IRM JEC JBHT SJM JNJ JCI JPM JNPR KSU K KEY KMB KIM KMI KLAC KSS KHC KR LB LLL LH LRCX LEG LEN LUK LLY LNC LKQ LMT L LOW LYB MTB MAC M MRO MPC MAR MMC MLM MAS MA MAT MKC MCD MCK MDT MRK MET MTD MGM KORS MCHP MU MSFT MAA MHK TAP MDLZ MON MNST MCO MS MOS MSI MYL NDAQ NOV NAVI NKTR NTAP NFLX NWL NFX NEM NWSA NWS NEE NLSN NKE NI NBL JWN NSC NTRS NOC NCLH NRG NUE NVDA ORLY OXY OMC OKE ORCL PCAR PKG PH PAYX PYPL PNR PBCT PEP PKI PRGO PFE PCG PM PSX PNW PXD PNC RL PPG PPL PX PFG PG PGR PLD PRU PEG PSA PHM PVH QRVO PWR QCOM DGX RRC RJF RTN O RHT REG REGN RF RSG RMD RHI ROK COL ROP ROST RCL CRM SBAC SCG SLB STX SEE SRE SHW SPG SWKS SLG SNA SO LUV SPGI SWK SBUX STT SRCL SYK STI SIVB SYMC SYF SNPS SYY TROW TTWO TPR TGT TEL FTI TXN TXT TMO TIF TWX TJX TMK TSS TSCO TDG TRV TRIP FOXA FOX TSN UDR ULTA USB UAA UA UNP UAL UNH UPS URI UTX UHS UNM VFC VLO VAR VTR VRSN VRSK VZ VRTX VIAB V VNO VMC WMT WBA DIS WM WAT WEC WFC WELL WDC WU WRK WY WHR WMB WLTW WYN WYNN XEL XRX XLNX XL XYL YUM ZBH ZION ZTS
2018-04-30,838979851,2018-04-30T14:18:07+00:00,505,MMM ABT ABBV ACN ATVI AYI ADBE AMD AAP AES AET AMG AFL A APD AKAM ALK ALB ARE ALXN ALGN ALLE AGN ADS LNT ALL GOOGL GOOG MO AMZN AEE AAL AEP AXP AIG AMT AWK AMP ABC AME AMGN APH APC ADI ANDV ANSS ANTM AON AOS APA AIV AAPL AMAT APTV ADM ARNC AJG AIZ T ADSK ADP AZO AVB AVY BHGE BLL BAC BK BAX BBT BDX BRK.B BBY BIIB BLK HRB BA BKNG BWA BXP BSX BHF BMY AVGO BF.B CHRW CA COG CDNS CPB COF CAH KMX CCL CAT CBOE CBRE CBS CELG CNC CNP CTL CERN CF SCHW CHTR CVX CMG CB CHD CI XEC CINF CTAS CSCO C CFG CTXS CLX CME CMS KO CTSH CL CMCSA CMA CAG CXO COP ED STZ COO GLW COST COTY CCI CSX CMI CVS DHI DHR DRI DVA DE DAL XRAY DVN DLR DFS DISCA DISCK DISH DG DLTR D DOV DWDP DPS DTE DRE DUK DXC ETFC EMN ETN EBAY ECL EIX EW EA EMR ETR EVHC EOG EQT EFX EQIX EQR ESS EL ES RE EXC EXPE EXPD ESRX EXR XOM FFIV FB FAST FRT FDX FIS FITB FE FISV FLIR FLS FLR FMC FL F FTV FBHS BEN FCX GPS GRMN IT GD GE GGP GIS GM GPC GILD GPN GS GT GWW HAL HBI HOG HRS HIG HAS HCA HCP HP HSIC HSY HES HPE HLT HOLX HD HON HRL HST HPQ HUM HBAN HII IDXX INFO ITW ILMN IR INTC ICE IBM INCY IP IPG IFF INTU ISRG IVZ IPGP IQV IRM JEC JBHT SJM JNJ JCI JPM JNPR KSU K KEY KMB KIM KMI KLAC KSS KHC KR LB LLL LH LRCX LEG LEN LUK LLY LNC LKQ LMT L LOW LYB MTB MAC M MRO MPC MAR MMC MLM MAS MA MAT MKC MCD MCK MDT MRK MET MTD MGM KORS MCHP MU MSFT MAA MHK TAP MDLZ MON MNST MCO MS MOS MSI MSCI MYL NDAQ NOV NAVI NKTR NTAP NFLX NWL NFX NEM NWSA NWS NEE NLSN NKE NI NBL JWN NSC NTRS NOC NCLH NRG NUE NVDA ORLY OXY OMC OKE ORCL PCAR PKG PH PAYX PYPL PNR PBCT PEP PKI PRGO PFE PCG PM PSX PNW PXD PNC RL PPG PPL PX PFG PG PGR PLD PRU PEG PSA PHM PVH QRVO PWR QCOM DGX RRC RJF RTN O RHT REG REGN RF RSG RMD RHI ROK COL ROP ROST RCL CRM SBAC SCG SLB STX SEE SRE SHW SPG SWKS SLG SNA SO LUV SPGI SWK SBUX STT SRCL SYK STI SIVB SYMC SYF SNPS SYY TROW TTWO TPR TGT TEL FTI TXN TXT TMO TIF TWX TJX TMK TSS TSCO TDG TRV TRIP FOXA FOX TSN UDR ULTA USB UAA UA UNP UAL UNH UPS URI UTX UHS UNM VFC VLO VAR VTR VRSN VRSK VZ VRTX VIAB V VNO VMC WMT WBA DIS WM WAT WEC WFC WELL WDC WU WRK WY WHR WMB WLTW WYN WYNN XEL XRX XLNX XL XYL YUM ZBH ZION ZTS
2018-05-31,843790751,2018-05-31T14:01:17+00:00,505,MMM ABT ABBV ABMD ACN ATVI AYI ADBE AMD AAP AES AET AMG AFL A APD AKAM ALK ALB ARE ALXN ALGN ALLE AGN ADS LNT ALL GOOGL GOOG MO AMZN AEE AAL AEP AXP AIG AMT AWK AMP ABC AME AMGN APH APC ADI ANDV ANSS ANTM AON AOS APA AIV AAPL AMAT APTV ADM ARNC AJG AIZ T ADSK ADP AZO AVB AVY BHGE BLL BAC BK BAX BBT BDX BRK.B BBY BIIB BLK HRB BA BKNG BWA BXP BSX BHF BMY AVGO BF.B CHRW CA COG CDNS CPB COF CAH KMX CCL CAT CBOE CBRE CBS CELG CNC CNP CTL CERN CF SCHW CHTR CVX CMG CB CHD CI XEC CINF CTAS CSCO C CFG CTXS CLX CME CMS KO CTSH CL CMCSA CMA CAG CXO COP ED STZ COO GLW COST COTY CCI CSX CMI CVS DHI DHR DRI DVA DE DAL XRAY DVN DLR DFS DISCA DISCK DISH DG DLTR D DOV DWDP DPS DTE DRE DUK DXC ETFC EMN ETN EBAY ECL EIX EW EA EMR ETR EVHC EOG EQT EFX EQIX EQR ESS EL ES RE EXC EXPE EXPD ESRX EXR XOM FFIV FB FAST FRT FDX FIS FITB FE FISV FLIR FLS FLR FMC FL F FTV FBHS BEN FCX GPS GRMN IT GD GE GGP GIS GM GPC GILD GPN GS GT GWW HAL HBI HOG HRS HIG HAS HCA HCP HP HSIC HSY HES HPE HLT HOLX HD HON HRL HST HPQ HUM HBAN HII IDXX INFO ITW ILMN IR INTC ICE IBM INCY IP IPG IFF INTU ISRG IVZ IPGP IQV IRM JEC JBHT JEF SJM JNJ JCI JPM JNPR KSU K KEY KMB KIM KMI KLAC KSS KHC KR LB LLL LH LRCX LEG LEN LLY LNC LKQ LMT L LOW LYB MTB MAC M MRO MPC MAR MMC MLM MAS MA MAT MKC MCD MCK MDT MRK MET MTD MGM KORS MCHP MU MSFT MAA MHK TAP MDLZ MON MNST MCO MS MOS MSI MSCI MYL NDAQ NOV NAVI NKTR NTAP NFLX NWL NFX NEM NWSA NWS NEE NLSN NKE NI NBL JWN NSC NTRS NOC NCLH NRG NUE NVDA ORLY OXY OMC OKE ORCL PCAR PKG PH PAYX PYPL PNR PBCT PEP PKI PRGO PFE PCG PM PSX PNW PXD PNC RL PPG PPL PX PFG PG PGR PLD PRU PEG PSA PHM PVH QRVO PWR QCOM DGX RRC RJF RTN O RHT REG REGN RF RSG RMD RHI ROK COL ROP ROST RCL CRM SBAC SCG SLB STX SEE SRE SHW SPG SWKS SLG SNA SO LUV SPGI SWK SBUX STT SRCL SYK STI SIVB SYMC SYF SNPS SYY TROW TTWO TPR TGT TEL FTI TXN TXT TMO TIF TWX TJX TMK TSS TSCO TDG TRV TRIP FOXA FOX TSN UDR ULTA USB UAA UA UNP UAL UNH UPS URI UTX UHS UNM VFC VLO VAR VTR VRSN VRSK VZ VRTX VIAB V VNO VMC WMT WBA DIS WM WAT WEC WFC WELL WDC WU WRK WY WHR WMB WLTW WYNN XEL XRX XLNX XL XYL YUM ZBH ZION ZTS
2018-06-30,848091676,2018-06-29T18:49:21+00:00,505,MMM ABT ABBV ABMD ACN ATVI ADBE AMD AAP AES AET AMG AFL A APD AKAM ALK ALB ARE ALXN ALGN ALLE AGN ADS LNT ALL GOOGL GOOG MO AMZN AEE AAL AEP AXP AIG AMT AWK AMP ABC AME AMGN APH APC ADI ANDV ANSS ANTM AON AOS APA AIV AAPL AMAT APTV ADM ARNC AJG AIZ T ADSK ADP AZO AVB AVY BHGE BLL BAC BK BAX BBT BDX BRK.B BBY BIIB BLK HRB BA BKNG BWA BXP BSX BHF BMY AVGO BR BF.B CHRW CA COG CDNS CPB COF CAH KMX CCL CAT CBOE CBRE CBS CELG CNC CNP CTL CERN CF SCHW CHTR CVX CMG CB CHD CI XEC CINF CTAS CSCO C CFG CTXS CLX CME CMS KO CTSH CL CMCSA CMA CAG CXO COP ED STZ COO GLW COST COTY CCI CSX CMI CVS DHI DHR DRI DVA DE DAL XRAY DVN DLR DFS DISCA DISCK DISH DG DLTR D DOV DWDP DPS DTE DRE DUK DXC ETFC EMN ETN EBAY ECL EIX EW EA EMR ETR EVHC EOG EQT EFX EQIX EQR ESS EL EVRG ES RE EXC EXPE EXPD ESRX EXR XOM FFIV FB FAST FRT FDX FIS FITB FE FISV FLT FLIR FLS FLR FMC FL F FTV FBHS BEN FCX GPS GRMN IT GD GE GGP GIS GM GPC GILD GPN GS GT GWW HAL HBI HOG HRS HIG HAS HCA HCP HP HSIC HSY HES HPE HLT HFC HOLX HD HON HRL HST HPQ HUM HBAN HII IDXX INFO ITW ILMN IR INTC ICE IBM INCY IP IPG IFF INTU ISRG IVZ IPGP IQV IRM JEC JBHT JEF SJM JNJ JCI JPM JNPR KSU K KEY KMB KIM KMI KLAC KSS KHC KR LB LLL LH LRCX LEG LEN LLY LNC LKQ LMT L LOW LYB MTB MAC M MRO MPC MAR MMC MLM MAS MA MAT MKC MCD MCK MDT MRK MET MTD MGM KORS MCHP MU MSFT MAA MHK TAP MDLZ MNST MCO MS MOS MSI MSCI MYL NDAQ NOV NKTR NTAP NFLX NWL NFX NEM NWSA NWS NEE NLSN NKE NI NBL JWN NSC NTRS NOC NCLH NRG NUE NVDA ORLY OXY OMC OKE ORCL PCAR PKG PH PAYX PYPL PNR PBCT PEP PKI PRGO PFE PCG PM PSX PNW PXD PNC RL PPG PPL PX PFG PG PGR PLD PRU PEG PSA PHM PVH QRVO PWR QCOM DGX RJF RTN O RHT REG REGN RF RSG RMD RHI ROK COL ROP ROST RCL CRM SBAC SCG SLB STX SEE SRE SHW SPG SWKS SLG SNA SO LUV SPGI SWK SBUX STT SRCL SYK STI SIVB SYMC SYF SNPS SYY TROW TTWO TPR TGT TEL FTI TXN TXT TMO TIF TWTR TJX TMK TSS TSCO TDG TRV TRIP FOXA FOX TSN UDR ULTA USB UAA UA UNP UAL UNH UPS URI UTX UHS UNM VFC VLO VAR VTR VRSN VRSK VZ VRTX VIAB V VNO VMC WMT WBA DIS WM WAT WEC WFC WELL WDC WU WRK WY WHR WMB WLTW WYNN XEL XRX XLNX XL XYL YUM ZBH ZION ZTS
2018-07-31,851252056,2018-07-21T02:15:43+00:00,505,MMM ABT ABBV ABMD ACN ATVI ADBE AMD AAP AES AET AMG AFL A APD AKAM ALK ALB ARE ALXN ALGN ALLE AGN ADS LNT ALL GOOGL GOOG MO AMZN AEE AAL AEP AXP AIG AMT AWK AMP ABC AME AMGN APH APC ADI ANDV ANSS ANTM AON AOS APA AIV AAPL AMAT APTV ADM ARNC AJG AIZ T ADSK ADP AZO AVB AVY BHGE BLL BAC BK BAX BBT BDX BRK.B BBY BIIB BLK HRB BA BKNG BWA BXP BSX BHF BMY AVGO BR BF.B CHRW CA COG CDNS CPB COF CAH KMX CCL CAT CBOE CBRE CBS CELG CNC CNP CTL CERN CF SCHW CHTR CVX CMG CB CHD CI XEC CINF CTAS CSCO C CFG CTXS CLX CME CMS KO CTSH CL CMCSA CMA CAG CXO COP ED STZ COO CPRT GLW COST COTY CCI CSX CMI CVS DHI DHR DRI DVA DE DAL XRAY DVN DLR DFS DISCA DISCK DISH DG DLTR D DOV DWDP DTE DRE DUK DXC ETFC EMN ETN EBAY ECL EIX EW EA EMR ETR EVHC EOG EQT EFX EQIX EQR ESS EL EVRG ES RE EXC EXPE EXPD ESRX EXR XOM FFIV FB FAST FRT FDX FIS FITB FE FISV FLT FLIR FLS FLR FMC FL F FTV FBHS BEN FCX GPS GRMN IT GD GE GGP GIS GM GPC GILD GPN GS GT GWW HAL HBI HOG HRS HIG HAS HCA HCP HP HSIC HSY HES HPE HLT HFC HOLX HD HON HRL HST HPQ HUM HBAN HII IDXX INFO ITW ILMN IR INTC ICE IBM INCY IP IPG IFF INTU ISRG IVZ IPGP IQV IRM JEC JBHT JEF SJM JNJ JCI JPM JNPR KSU K KEY KMB KIM KMI KLAC KSS KHC KR LB LLL LH LRCX LEG LEN LLY LNC LKQ LMT L LOW LYB MTB MAC M MRO MPC MAR MMC MLM MAS MA MAT MKC MCD MCK MDT MRK MET MTD MGM KORS MCHP MU MSFT MAA MHK TAP MDLZ MNST MCO MS MOS MSI MSCI MYL NDAQ NOV NKTR NTAP NFLX NWL NFX NEM NWSA NWS NEE NLSN NKE NI NBL JWN NSC NTRS NOC NCLH NRG NUE NVDA ORLY OXY OMC OKE ORCL PCAR PKG PH PAYX PYPL PNR PBCT PEP PKI PRGO PFE PCG PM PSX PNW PXD PNC RL PPG PPL PX PFG PG PGR PLD PRU PEG PSA PHM PVH QRVO PWR QCOM DGX RJF RTN O RHT REG REGN RF RSG RMD RHI ROK COL ROP ROST RCL CRM SBAC SCG SLB STX SEE SRE SHW SPG SWKS SLG SNA SO LUV SPGI SWK SBUX STT SRCL SYK STI SIVB SYMC SYF SNPS SYY TROW TTWO TPR TGT TEL FTI TXN TXT TMO TIF TWTR TJX TMK TSS TSCO TDG TRV TRIP FOXA FOX TSN UDR ULTA USB UAA UA UNP UAL UNH UPS URI UTX UHS UNM VFC VLO VAR VTR VRSN VRSK VZ VRTX VIAB V VNO VMC WMT WBA DIS WM WAT WEC WFC WELL WDC WU WRK WY WHR WMB WLTW WYNN XEL XRX XLNX XL XYL YUM ZBH ZION ZTS
2018-08-31,857297425,2018-08-30T20:31:33+00:00,505,MMM ABT ABBV ABMD ACN ATVI ADBE AMD AAP AES AET AMG AFL A APD AKAM ALK ALB ARE ALXN ALGN ALLE AGN ADS LNT ALL GOOGL GOOG MO AMZN AEE AAL AEP AXP AIG AMT AWK AMP ABC AME AMGN APH APC ADI ANDV ANSS ANTM AON AOS APA AIV AAPL AMAT APTV ADM ARNC ANET AJG AIZ T ADSK ADP AZO AVB AVY BHGE BLL BAC BK BAX BBT BDX BRK.B BBY BIIB BLK HRB BA BKNG BWA BXP BSX BHF BMY AVGO BR BF.B CHRW CA COG CDNS CPB COF CAH KMX CCL CAT CBOE CBRE CBS CELG CNC CNP CTL CERN CF SCHW CHTR CVX CMG CB CHD CI XEC CINF CTAS CSCO C CFG CTXS CLX CME CMS KO CTSH CL CMCSA CMA CAG CXO COP ED STZ COO CPRT GLW COST COTY CCI CSX CMI CVS DHI DHR DRI DVA DE DAL XRAY DVN DLR DFS DISCA DISCK DISH DG DLTR D DOV DWDP DTE DRE DUK DXC ETFC EMN ETN EBAY ECL EIX EW EA EMR ETR EVHC EOG EQT EFX EQIX EQR ESS EL EVRG ES RE EXC EXPE EXPD ESRX EXR XOM FFIV FB FAST FRT FDX FIS FITB FE FISV FLT FLIR FLS FLR FMC FL F FTV FBHS BEN FCX GPS GRMN IT GD GE GIS GM GPC GILD GPN GS GT GWW HAL HBI HOG HRS HIG HAS HCA HCP HP HSIC HSY HES HPE HLT HFC HOLX HD HON HRL HST HPQ HUM HBAN HII IDXX INFO ITW ILMN IR INTC ICE IBM INCY IP IPG IFF INTU ISRG IVZ IPGP IQV IRM JEC JBHT JEF SJM JNJ JCI JPM JNPR KSU K KEY KMB KIM KMI KLAC KSS KHC KR LB LLL LH LRCX LEG LEN LLY LNC LKQ LMT L LOW LYB MTB MAC M MRO MPC MAR MMC MLM MAS MA MAT MKC MCD MCK MDT MRK MET MTD MGM KORS MCHP MU MSFT MAA MHK TAP MDLZ MNST MCO MS MOS MSI MSCI MYL NDAQ NOV NKTR NTAP NFLX NWL NFX NEM NWSA NWS NEE NLSN NKE NI NBL JWN NSC NTRS NOC NCLH NRG NUE NVDA ORLY OXY OMC OKE ORCL PCAR PKG PH PAYX PYPL PNR PBCT PEP PKI PRGO PFE PCG PM PSX PNW PXD PNC RL PPG PPL PX PFG PG PGR PLD PRU PEG PSA PHM PVH QRVO PWR QCOM DGX RJF RTN O RHT REG REGN RF RSG RMD RHI ROK COL ROP ROST RCL CRM SBAC SCG SLB STX SEE SRE SHW SPG SWKS SLG SNA SO LUV SPGI SWK SBUX STT SRCL SYK STI SIVB SYMC SYF SNPS SYY TROW TTWO TPR TGT TEL FTI TXN TXT TMO TIF TWTR TJX TMK TSS TSCO TDG TRV TRIP FOXA FOX TSN UDR ULTA USB UAA UA UNP UAL UNH UPS URI UTX UHS UNM VFC VLO VAR VTR VRSN VRSK VZ VRTX VIAB V VNO VMC WMT WBA DIS WM WAT WEC WFC WELL WDC WU WRK WY WHR WMB WLTW WYNN XEL XRX XLNX XL XYL YUM ZBH ZION ZTS
2018-09-30,861235961,2018-09-26T01:50:19+00:00,505,MMM ABT ABBV ABMD ACN ATVI ADBE AMD AAP AES AET AMG AFL A APD AKAM ALK ALB ARE ALXN ALGN ALLE AGN ADS LNT ALL GOOGL GOOG MO AMZN AEE AAL AEP AXP AIG AMT AWK AMP ABC AME AMGN APH APC ADI ANDV ANSS ANTM AON AOS APA AIV AAPL AMAT APTV ADM ARNC ANET AJG AIZ T ADSK ADP AZO AVB AVY BHGE BLL BAC BK BAX BBT BDX BRK.B BBY BIIB BLK HRB BA BKNG BWA BXP BSX BHF BMY AVGO BR BF.B CHRW CA COG CDNS CPB COF CAH KMX CCL CAT CBOE CBRE CBS CELG CNC CNP CTL CERN CF SCHW CHTR CVX CMG CB CHD CI XEC CINF CTAS CSCO C CFG CTXS CLX CME CMS KO CTSH CL CMCSA CMA CAG CXO COP ED STZ COO CPRT GLW COST COTY CCI CSX CMI CVS DHI DHR DRI DVA DE DAL XRAY DVN DLR DFS DISCA DISCK DISH DG DLTR D DOV DWDP DTE DRE DUK DXC ETFC EMN ETN EBAY ECL EIX EW EA EMR ETR EVHC EOG EQT EFX EQIX EQR ESS EL EVRG ES RE EXC EXPE EXPD ESRX EXR XOM FFIV FB FAST FRT FDX FIS FITB FE FISV FLT FLIR FLS FLR FMC FL F FTV FBHS BEN FCX GPS GRMN IT GD GE GIS GM GPC GILD GPN GS GT GWW HAL HBI HOG HRS HIG HAS HCA HCP HP HSIC HSY HES HPE HLT HFC HOLX HD HON HRL HST HPQ HUM HBAN HII IDXX INFO ITW ILMN IR INTC ICE IBM INCY IP IPG IFF INTU ISRG IVZ IPGP IQV IRM JEC JBHT JEF SJM JNJ JCI JPM JNPR KSU K KEY KMB KIM KMI KLAC KSS KHC KR LB LLL LH LRCX LEG LEN LLY LNC LKQ LMT L LOW LYB MTB MAC M MRO MPC MAR MMC MLM MAS MA MAT MKC MCD MCK MDT MRK MET MTD MGM KORS MCHP MU MSFT MAA MHK TAP MDLZ MNST MCO MS MOS MSI MSCI MYL NDAQ NOV NKTR NTAP NFLX NWL NFX NEM NWSA NWS NEE NLSN NKE NI NBL JWN NSC NTRS NOC NCLH NRG NUE NVDA ORLY OXY OMC OKE ORCL PCAR PKG PH PAYX PYPL PNR PBCT PEP PKI PRGO PFE PCG PM PSX PNW PXD PNC RL PPG PPL PX PFG PG PGR PLD PRU PEG PSA PHM PVH QRVO PWR QCOM DGX RJF RTN O RHT REG REGN RF RSG RMD RHI ROK COL ROP ROST RCL CRM SBAC SCG SLB STX SEE SRE SHW SPG SWKS SLG SNA SO LUV SPGI SWK SBUX STT SRCL SYK STI SIVB SYMC SYF SNPS SYY TROW TTWO TPR TGT TEL FTI TXN TXT TMO TIF TWTR TJX TMK TSS TSCO TDG TRV TRIP FOXA FOX TSN UDR ULTA USB UAA UA UNP UAL UNH UPS URI UTX UHS UNM VFC VLO VAR VTR VRSN VRSK VZ VRTX VIAB V VNO VMC WMT WBA DIS WM WAT WEC WCG WFC WELL WDC WU WRK WY WHR WMB WLTW WYNN XEL XRX XLNX XYL YUM ZBH ZION ZTS
2018-10-31,866568340,2018-10-31T04:00:18+00:00,505,MMM ABT ABBV ABMD ACN ATVI ADBE AMD AAP AES AET AMG AFL A APD AKAM ALK ALB ARE ALXN ALGN ALLE AGN ADS LNT ALL GOOGL GOOG MO AMZN AEE AAL AEP AXP AIG AMT AWK AMP ABC AME AMGN APH APC ADI ANSS ANTM AON AOS APA AIV AAPL AMAT APTV ADM ARNC ANET AJG AIZ T ADSK ADP AZO AVB AVY BHGE BLL BAC BK BAX BBT BDX BRK.B BBY BIIB BLK HRB BA BKNG BWA BXP BSX BHF BMY AVGO BR BF.B CHRW CA COG CDNS CPB COF CAH KMX CCL CAT CBOE CBRE CBS CELG CNC CNP CTL CERN CF SCHW CHTR CVX CMG CB CHD CI XEC CINF CTAS CSCO C CFG CTXS CLX CME CMS KO CTSH CL CMCSA CMA CAG CXO COP ED STZ COO CPRT GLW COST COTY CCI CSX CMI CVS DHI DHR DRI DVA DE DAL XRAY DVN DLR DFS DISCA DISCK DISH DG DLTR D DOV DWDP DTE DRE DUK DXC ETFC EMN ETN EBAY ECL EIX EW EA EMR ETR EOG EQT EFX EQIX EQR ESS EL EVRG ES RE EXC EXPE EXPD ESRX EXR XOM FFIV FB FAST FRT FDX FIS FITB FE FISV FLT FLIR FLS FLR FMC FL F FTNT FTV FBHS BEN FCX GPS GRMN IT GD GE GIS GM GPC GILD GPN GS GT GWW HAL HBI HOG HRS HIG HAS HCA HCP HP HSIC HSY HES HPE HLT HFC HOLX HD HON HRL HST HPQ HUM HBAN HII IDXX INFO ITW ILMN IR INTC ICE IBM INCY IP IPG IFF INTU ISRG IVZ IPGP IQV IRM JEC JBHT JEF SJM JNJ JCI JPM JNPR KSU K KEY KMB KIM KMI KLAC KSS KHC KR LB LLL LH LRCX LEG LEN LLY LNC LKQ LMT L LOW LYB MTB MAC M MRO MPC MAR MMC MLM MAS MA MAT MKC MCD MCK MDT MRK MET MTD MGM KORS MCHP MU MSFT MAA MHK TAP MDLZ MNST MCO MS MOS MSI MSCI MYL NDAQ NOV NKTR NTAP NFLX NWL NFX NEM NWSA NWS NEE NLSN NKE NI NBL JWN NSC NTRS NOC NCLH NRG NUE NVDA ORLY OXY OMC OKE ORCL PCAR PKG PH PAYX PYPL PNR PBCT PEP PKI PRGO PFE PCG PM PSX PNW PXD PNC RL PPG PPL PX PFG PG PGR PLD PRU PEG PSA PHM PVH QRVO PWR QCOM DGX RJF RTN O RHT REG REGN RF RSG RMD RHI ROK COL ROL ROP ROST RCL CRM SBAC SCG SLB STX SEE SRE SHW SPG SWKS SLG SNA SO LUV SPGI SWK SBUX STT SRCL SYK STI SIVB SYMC SYF SNPS SYY TROW TTWO TPR TGT TEL FTI TXN TXT TMO TIF TWTR TJX TMK TSS TSCO TDG TRV TRIP FOXA FOX TSN UDR ULTA USB UAA UA UNP UAL UNH UPS URI UTX UHS UNM VFC VLO VAR VTR VRSN VRSK VZ VRTX VIAB V VNO VMC WMT WBA DIS WM WAT WEC WCG WFC WELL WDC WU WRK WY WHR WMB WLTW WYNN XEL XRX XLNX XYL YUM ZBH ZION ZTS
2018-11-30,870885561,2018-11-27T16:23:10+00:00,505,MMM ABT ABBV ABMD ACN ATVI ADBE AMD AAP AES AET AMG AFL A APD AKAM ALK ALB ARE ALXN ALGN ALLE AGN ADS LNT ALL GOOGL GOOG MO AMZN AEE AAL AEP AXP AIG AMT AWK AMP ABC AME AMGN APH APC ADI ANSS ANTM AON AOS APA AIV AAPL AMAT APTV ADM ARNC ANET AJG AIZ T ADSK ADP AZO AVB AVY BHGE BLL BAC BK BAX BBT BDX BRK-B BBY BIIB BLK HRB BA BKNG BWA BXP BSX BHF BMY AVGO BR BF-B CHRW COG CDNS CPB COF CAH KMX CCL CAT CBOE CBRE CBS CELG CNC CNP CTL CERN CF SCHW CHTR CVX CMG CB CHD CI XEC CINF CTAS CSCO C CFG CTXS CLX CME CMS KO CTSH CL CMCSA CMA CAG CXO COP ED STZ COO CPRT GLW COST COTY CCI CSX CMI CVS DHI DHR DRI DVA DE DAL XRAY DVN DLR DFS DISCA DISCK DISH DG DLTR D DOV DWDP DTE DRE DUK DXC ETFC EMN ETN EBAY ECL EIX EW EA EMR ETR EOG EFX EQIX EQR ESS EL EVRG ES RE EXC EXPE EXPD ESRX EXR XOM FFIV FB FAST FRT FDX FIS FITB FE FISV FLT FLIR FLS FLR FMC FL F FTNT FTV FBHS BEN FCX GPS GRMN IT GD GE GIS GM GPC GILD GPN GS GT GWW HAL HBI HOG HRS HIG HAS HCA HCP HP HSIC HSY HES HPE HLT HFC HOLX HD HON HRL HST HPQ HUM HBAN HII IDXX INFO ITW ILMN IR INTC ICE IBM INCY IP IPG IFF INTU ISRG IVZ IPGP IQV IRM JKHY JEC JBHT JEF SJM JNJ JCI JPM JNPR KSU K KEY KEYS KMB KIM KMI KLAC KSS KHC KR LB LLL LH LRCX LEG LEN LLY LNC LIN LKQ LMT L LOW LYB MTB MAC M MRO MPC MAR MMC MLM MAS MA MAT MKC MCD MCK MDT MRK MET MTD MGM KORS MCHP MU MSFT MAA MHK TAP MDLZ MNST MCO MS MOS MSI MSCI MYL NDAQ NOV NKTR NTAP NFLX NWL NFX NEM NWSA NWS NEE NLSN NKE NI NBL JWN NSC NTRS NOC NCLH NRG NUE NVDA ORLY OXY OMC OKE ORCL PCAR PKG PH PAYX PYPL PNR PBCT PEP PKI PRGO PFE PCG PM PSX PNW PXD PNC RL PPG PPL PFG PG PGR PLD PRU PEG PSA PHM PVH QRVO PWR QCOM DGX RJF RTN O RHT REG REGN RF RSG RMD RHI ROK COL ROL ROP ROST RCL CRM SBAC SCG SLB STX SEE SRE SHW SPG SWKS SLG SNA SO LUV SPGI SWK SBUX STT SRCL SYK STI SIVB SYMC SYF SNPS SYY TROW TTWO TPR TGT TEL FTI TXN TXT TMO TIF TWTR TJX TMK TSS TSCO TDG TRV TRIP FOXA FOX TSN UDR ULTA USB UAA UA UNP UAL UNH UPS URI UTX UHS UNM VFC VLO VAR VTR VRSN VRSK VZ VRTX VIAB V VNO VMC WMT WBA DIS WM WAT WEC WCG WFC WELL WDC WU WRK WY WHR WMB WLTW WYNN XEL XRX XLNX XYL YUM ZBH ZION ZTS
2018-12-31,876091698,2018-12-31T03:12:41+00:00,505,MMM ABT ABBV ABMD ACN ATVI ADBE AMD AAP AES AMG AFL A APD AKAM ALK ALB ARE ALXN ALGN ALLE AGN ADS LNT ALL GOOGL GOOG MO AMZN AEE AAL AEP AXP AIG AMT AWK AMP ABC AME AMGN APH APC ADI ANSS ANTM AON AOS APA AIV AAPL AMAT APTV ADM ARNC ANET AJG AIZ T ADSK ADP AZO AVB AVY BHGE BLL BAC BK BAX BBT BDX BRK.B BBY BIIB BLK HRB BA BKNG BWA BXP BSX BHF BMY AVGO BR BF.B CHRW COG CDNS CPB COF CAH KMX CCL CAT CBOE CBRE CBS CE CELG CNC CNP CTL CERN CF SCHW CHTR CVX CMG CB CHD CI XEC CINF CTAS CSCO C CFG CTXS CLX CME CMS KO CTSH CL CMCSA CMA CAG CXO COP ED STZ COO CPRT GLW COST COTY CCI CSX CMI CVS DHI DHR DRI DVA DE DAL XRAY DVN FANG DLR DFS DISCA DISCK DISH DG DLTR D DOV DWDP DTE DRE DUK DXC ETFC EMN ETN EBAY ECL EIX EW EA EMR ETR EOG EFX EQIX EQR ESS EL EVRG ES RE EXC EXPE EXPD EXR XOM FFIV FB FAST FRT FDX FIS FITB FE FISV FLT FLIR FLS FLR FMC FL F FTNT FTV FBHS BEN FCX GPS GRMN IT GD GE GIS GM GPC GILD GPN GS GT GWW HAL HBI HOG HRS HIG HAS HCA HCP HP HSIC HSY HES HPE HLT HFC HOLX HD HON HRL HST HPQ HUM HBAN HII IDXX INFO ITW ILMN IR INTC ICE IBM INCY IP IPG IFF INTU ISRG IVZ IPGP IQV IRM JKHY JEC JBHT JEF SJM JNJ JCI JPM JNPR KSU K KEY KEYS KMB KIM KMI KLAC KSS KHC KR LB LLL LH LRCX LW LEG LEN LLY LNC LIN LKQ LMT L LOW LYB MTB MAC M MRO MPC MAR MMC MLM MAS MA MAT MKC MXIM MCD MCK MDT MRK MET MTD MGM KORS MCHP MU MSFT MAA MHK TAP MDLZ MNST MCO MS MOS MSI MSCI MYL NDAQ NOV NKTR NTAP NFLX NWL NFX NEM NWSA NWS NEE NLSN NKE NI NBL JWN NSC NTRS NOC NCLH NRG NUE NVDA ORLY OXY OMC OKE ORCL PCAR PKG PH PAYX PYPL PNR PBCT PEP PKI PRGO PFE PCG PM PSX PNW PXD PNC RL PPG PPL PFG PG PGR PLD PRU PEG PSA PHM PVH QRVO PWR QCOM DGX RJF RTN O RHT REG REGN RF RSG RMD RHI ROK ROL ROP ROST RCL CRM SBAC SCG SLB STX SEE SRE SHW SPG SWKS SLG SNA SO LUV SPGI SWK SBUX STT SYK STI SIVB SYMC SYF SNPS SYY TROW TTWO TPR TGT TEL FTI TXN TXT TMO TIF TWTR TJX TMK TSS TSCO TDG TRV TRIP FOXA FOX TSN UDR ULTA USB UAA UA UNP UAL UNH UPS URI UTX UHS UNM VFC VLO VAR VTR VRSN VRSK VZ VRTX VIAB V VNO VMC WMT WBA DIS WM WAT WEC WCG WFC WELL WDC WU WRK WY WHR WMB WLTW WYNN XEL XRX XLNX XYL YUM ZBH ZION ZTS
2019-01-31,881155440,2019-01-31T20:10:24+00:00,505,MMM ABT ABBV ABMD ACN ATVI ADBE AMD AAP AES AMG AFL A APD AKAM ALK ALB ARE ALXN ALGN ALLE AGN ADS LNT ALL GOOGL GOOG MO AMZN AEE AAL AEP AXP AIG AMT AWK AMP ABC AME AMGN APH APC ADI ANSS ANTM AON AOS APA AIV AAPL AMAT APTV ADM ARNC ANET AJG AIZ T ADSK ADP AZO AVB AVY BHGE BLL BAC BK BAX BBT BDX BRK-B BBY BIIB BLK HRB BA BKNG BWA BXP BSX BHF BMY AVGO BR BF-B CHRW COG CDNS CPB COF CPRI CAH KMX CCL CAT CBOE CBRE CBS CE CELG CNC CNP CTL CERN CF SCHW CHTR CVX CMG CB CHD CI XEC CINF CTAS CSCO C CFG CTXS CLX CME CMS KO CTSH CL CMCSA CMA CAG CXO COP ED STZ COO CPRT GLW COST COTY CCI CSX CMI CVS DHI DHR DRI DVA DE DAL XRAY DVN FANG DLR DFS DISCA DISCK DISH DG DLTR D DOV DWDP DTE DRE DUK DXC ETFC EMN ETN EBAY ECL EIX EW EA EMR ETR EOG EFX EQIX EQR ESS EL EVRG ES RE EXC EXPE EXPD EXR XOM FFIV FB FAST FRT FDX FIS FITB FE FRC FISV FLT FLIR FLS FLR FMC FL F FTNT FTV FBHS BEN FCX GPS GRMN IT GD GE GIS GM GPC GILD GPN GS GT GWW HAL HBI HOG HRS HIG HAS HCA HCP HP HSIC HSY HES HPE HLT HFC HOLX HD HON HRL HST HPQ HUM HBAN HII IDXX INFO ITW ILMN IR INTC ICE IBM INCY IP IPG IFF INTU ISRG IVZ IPGP IQV IRM JKHY JEC JBHT JEF SJM JNJ JCI JPM JNPR KSU K KEY KEYS KMB KIM KMI KLAC KSS KHC KR LB LLL LH LRCX LW LEG LEN LLY LNC LIN LKQ LMT L LOW LYB MTB MAC M MRO MPC MAR MMC MLM MAS MA MAT MKC MXIM MCD MCK MDT MRK MET MTD MGM MCHP MU MSFT MAA MHK TAP MDLZ MNST MCO MS MOS MSI MSCI MYL NDAQ NOV NKTR NTAP NFLX NWL NFX NEM NWSA NWS NEE NLSN NKE NI NBL JWN NSC NTRS NOC NCLH NRG NUE NVDA ORLY OXY OMC OKE ORCL PCAR PKG PH PAYX PYPL PNR PBCT PEP PKI PRGO PFE PM PSX PNW PXD PNC RL PPG PPL PFG PG PGR PLD PRU PEG PSA PHM PVH QRVO PWR QCOM DGX RJF RTN O RHT REG REGN RF RSG RMD RHI ROK ROL ROP ROST RCL CRM SBAC SLB STX SEE SRE SHW SPG SWKS SLG SNA SO LUV SPGI SWK SBUX STT SYK STI SIVB SYMC SYF SNPS SYY TROW TTWO TPR TGT TEL FTI TFX TXN TXT TMO TIF TWTR TJX TMK TSS TSCO TDG TRV TRIP FOXA FOX TSN UDR ULTA USB UAA UA UNP UAL UNH UPS URI UTX UHS UNM VFC VLO VAR VTR VRSN VRSK VZ VRTX VIAB V VNO VMC WMT WBA DIS WM WAT WEC WCG WFC WELL WDC WU WRK WY WHR WMB WLTW WYNN XEL XRX XLNX XYL YUM ZBH ZION ZTS
2019-02-28,885359982,2019-02-27T15:09:47+00:00,505,MMM ABT ABBV ABMD ACN ATVI ADBE AMD AAP AES AMG AFL A APD AKAM ALK ALB ARE ALXN ALGN ALLE AGN ADS LNT ALL GOOGL GOOG MO AMZN AEE AAL AEP AXP AIG AMT AWK AMP ABC AME AMGN APH APC ADI ANSS ANTM AON AOS APA AIV AAPL AMAT APTV ADM ARNC ANET AJG AIZ ATO T ADSK ADP AZO AVB AVY BHGE BLL BAC BK BAX BBT BDX BRK-B BBY BIIB BLK HRB BA BKNG BWA BXP BSX BHF BMY AVGO BR BF-B CHRW COG CDNS CPB COF CPRI CAH KMX CCL CAT CBOE CBRE CBS CE CELG CNC CNP CTL CERN CF SCHW CHTR CVX CMG CB CHD CI XEC CINF CTAS CSCO C CFG CTXS CLX CME CMS KO CTSH CL CMCSA CMA CAG CXO COP ED STZ COO CPRT GLW COST COTY CCI CSX CMI CVS DHI DHR DRI DVA DE DAL XRAY DVN FANG DLR DFS DISCA DISCK DISH DG DLTR D DOV DWDP DTE DRE DUK DXC ETFC EMN ETN EBAY ECL EIX EW EA EMR ETR EOG EFX EQIX EQR ESS EL EVRG ES RE EXC EXPE EXPD EXR XOM FFIV FB FAST FRT FDX FIS FITB FE FRC FISV FLT FLIR FLS FLR FMC FL F FTNT FTV FBHS BEN FCX GPS GRMN IT GD GE GIS GM GPC GILD GPN GS GWW HAL HBI HOG HRS HIG HAS HCA HCP HP HSIC HSY HES HPE HLT HFC HOLX HD HON HRL HST HPQ HUM HBAN HII IDXX INFO ITW ILMN IR INTC ICE IBM INCY IP IPG IFF INTU ISRG IVZ IPGP IQV IRM JKHY JEC JBHT JEF SJM JNJ JCI JPM JNPR KSU K KEY KEYS KMB KIM KMI KLAC KSS KHC KR LB LLL LH LRCX LW LEG LEN LLY LNC LIN LKQ LMT L LOW LYB MTB MAC M MRO MPC MAR MMC MLM MAS MA MAT MKC MXIM MCD MCK MDT MRK MET MTD MGM MCHP MU MSFT MAA MHK TAP MDLZ MNST MCO MS MOS MSI MSCI MYL NDAQ NOV NKTR NTAP NFLX NWL NEM NWSA NWS NEE NLSN NKE NI NBL JWN NSC NTRS NOC NCLH NRG NUE NVDA ORLY OXY OMC OKE ORCL PCAR PKG PH PAYX PYPL PNR PBCT PEP PKI PRGO PFE PM PSX PNW PXD PNC RL PPG PPL PFG PG PGR PLD PRU PEG PSA PHM PVH QRVO PWR QCOM DGX RJF RTN O RHT REG REGN RF RSG RMD RHI ROK ROL ROP ROST RCL CRM SBAC SLB STX SEE SRE SHW SPG SWKS SLG SNA SO LUV SPGI SWK SBUX STT SYK STI SIVB SYMC SYF SNPS SYY TROW TTWO TPR TGT TEL FTI TFX TXN TXT TMO TIF TWTR TJX TMK TSS TSCO TDG TRV TRIP FOXA FOX TSN UDR ULTA USB UAA UA UNP UAL UNH UPS URI UTX UHS UNM VFC VLO VAR VTR VRSN VRSK VZ VRTX VIAB V VNO VMC WAB WMT WBA DIS WM WAT WEC WCG WFC WELL WDC WU WRK WY WHR WMB WLTW WYNN XEL XRX XLNX XYL YUM ZBH ZION ZTS
2019-03-31,889061070,2019-03-23T04:55:08+00:00,505,MMM ABT ABBV ABMD ACN ATVI ADBE AMD AAP AES AMG AFL A APD AKAM ALK ALB ARE ALXN ALGN ALLE AGN ADS LNT ALL GOOGL GOOG MO AMZN AEE AAL AEP AXP AIG AMT AWK AMP ABC AME AMGN APH APC ADI ANSS ANTM AON AOS APA AIV AAPL AMAT APTV ADM ARNC ANET AJG AIZ ATO T ADSK ADP AZO AVB AVY BHGE BLL BAC BK BAX BBT BDX BRK.B BBY BIIB BLK HRB BA BKNG BWA BXP BSX BHF BMY AVGO BR BF.B CHRW COG CDNS CPB COF CPRI CAH KMX CCL CAT CBOE CBRE CBS CE CELG CNC CNP CTL CERN CF SCHW CHTR CVX CMG CB CHD CI XEC CINF CTAS CSCO C CFG CTXS CLX CME CMS KO CTSH CL CMCSA CMA CAG CXO COP ED STZ COO CPRT GLW COST COTY CCI CSX CMI CVS DHI DHR DRI DVA DE DAL XRAY DVN FANG DLR DFS DISCA DISCK DISH DG DLTR D DOV DWDP DTE DRE DUK DXC ETFC EMN ETN EBAY ECL EIX EW EA EMR ETR EOG EFX EQIX EQR ESS EL EVRG ES RE EXC EXPE EXPD EXR XOM FFIV FB FAST FRT FDX FIS FITB FE FRC FISV FLT FLIR FLS FLR FMC FL F FTNT FTV FBHS BEN FCX GPS GRMN IT GD GE GIS GM GPC GILD GPN GS GWW HAL HBI HOG HRS HIG HAS HCA HCP HP HSIC HSY HES HPE HLT HFC HOLX HD HON HRL HST HPQ HUM HBAN HII IDXX INFO ITW ILMN IR INTC ICE IBM INCY IP IPG IFF INTU ISRG IVZ IPGP IQV IRM JKHY JEC JBHT JEF SJM JNJ JCI JPM JNPR KSU K KEY KEYS KMB KIM KMI KLAC KSS KHC KR LB LLL LH LRCX LW LEG LEN LLY LNC LIN LKQ LMT L LOW LYB MTB MAC M MRO MPC MAR MMC MLM MAS MA MAT MKC MXIM MCD MCK MDT MRK MET MTD MGM MCHP MU MSFT MAA MHK TAP MDLZ MNST MCO MS MOS MSI MSCI MYL NDAQ NOV NKTR NTAP NFLX NWL NEM NWSA NWS NEE NLSN NKE NI NBL JWN NSC NTRS NOC NCLH NRG NUE NVDA ORLY OXY OMC OKE ORCL PCAR PKG PH PAYX PYPL PNR PBCT PEP PKI PRGO PFE PM PSX PNW PXD PNC RL PPG PPL PFG PG PGR PLD PRU PEG PSA PHM PVH QRVO PWR QCOM DGX RJF RTN O RHT REG REGN RF RSG RMD RHI ROK ROL ROP ROST RCL CRM SBAC SLB STX SEE SRE SHW SPG SWKS SLG SNA SO LUV SPGI SWK SBUX STT SYK STI SIVB SYMC SYF SNPS SYY TROW TTWO TPR TGT TEL FTI TFX TXN TXT TMO TIF TWTR TJX TMK TSS TSCO TDG TRV TRIP FOXA FOX TSN UDR ULTA USB UAA UA UNP UAL UNH UPS URI UTX UHS UNM VFC VLO VAR VTR VRSN VRSK VZ VRTX VIAB V VNO VMC WAB WMT WBA DIS WM WAT WEC WCG WFC WELL WDC WU WRK WY WHR WMB WLTW WYNN XEL XRX XLNX XYL YUM ZBH ZION ZTS
2019-04-30,894904201,2019-04-30T18:58:07+00:00,505,MMM ABT ABBV ABMD ACN ATVI ADBE AMD AAP AES AMG AFL A APD AKAM ALK ALB ARE ALXN ALGN ALLE AGN ADS LNT ALL GOOGL GOOG MO AMZN AEE AAL AEP AXP AIG AMT AWK AMP ABC AME AMGN APH APC ADI ANSS ANTM AON AOS APA AIV AAPL AMAT APTV ADM ARNC ANET AJG AIZ ATO T ADSK ADP AZO AVB AVY BHGE BLL BAC BK BAX BBT BDX BRK.B BBY BIIB BLK HRB BA BKNG BWA BXP BSX BMY AVGO BR BF.B CHRW COG CDNS CPB COF CPRI CAH KMX CCL CAT CBOE CBRE CBS CE CELG CNC CNP CTL CERN CF SCHW CHTR CVX CMG CB CHD CI XEC CINF CTAS CSCO C CFG CTXS CLX CME CMS KO CTSH CL CMCSA CMA CAG CXO COP ED STZ COO CPRT GLW COST COTY CCI CSX CMI CVS DHI DHR DRI DVA DE DAL XRAY DVN FANG DLR DFS DISCA DISCK DISH DG DLTR D DOV DOW DWDP DTE DRE DUK DXC ETFC EMN ETN EBAY ECL EIX EW EA EMR ETR EOG EFX EQIX EQR ESS EL EVRG ES RE EXC EXPE EXPD EXR XOM FFIV FB FAST FRT FDX FIS FITB FE FRC FISV FLT FLIR FLS FLR FMC FL F FTNT FTV FBHS BEN FCX GPS GRMN IT GD GE GIS GM GPC GILD GPN GS GWW HAL HBI HOG HRS HIG HAS HCA HCP HP HSIC HSY HES HPE HLT HFC HOLX HD HON HRL HST HPQ HUM HBAN HII IDXX INFO ITW ILMN IR INTC ICE IBM INCY IP IPG IFF INTU ISRG IVZ IPGP IQV IRM JKHY JEC JBHT JEF SJM JNJ JCI JPM JNPR KSU K KEY KEYS KMB KIM KMI KLAC KSS KHC KR LB LLL LH LRCX LW LEG LEN LLY LNC LIN LKQ LMT L LOW LYB MTB MAC M MRO MPC MAR MMC MLM MAS MA MAT MKC MXIM MCD MCK MDT MRK MET MTD MGM MCHP MU MSFT MAA MHK TAP MDLZ MNST MCO MS MOS MSI MSCI MYL NDAQ NOV NKTR NTAP NFLX NWL NEM NWSA NWS NEE NLSN NKE NI NBL JWN NSC NTRS NOC NCLH NRG NUE NVDA ORLY OXY OMC OKE ORCL PCAR PKG PH PAYX PYPL PNR PBCT PEP PKI PRGO PFE PM PSX PNW PXD PNC RL PPG PPL PFG PG PGR PLD PRU PEG PSA PHM PVH QRVO PWR QCOM DGX RJF RTN O RHT REG REGN RF RSG RMD RHI ROK ROL ROP ROST RCL CRM SBAC SLB STX SEE SRE SHW SPG SWKS SLG SNA SO LUV SPGI SWK SBUX STT SYK STI SIVB SYMC SYF SNPS SYY TROW TTWO TPR TGT TEL FTI TFX TXN TXT TMO TIF TWTR TJX TMK TSS TSCO TDG TRV TRIP FOXA FOX TSN UDR ULTA USB UAA UA UNP UAL UNH UPS URI UTX UHS UNM VFC VLO VAR VTR VRSN VRSK VZ VRTX VIAB V VNO VMC WAB WMT WBA DIS WM WAT WEC WCG WFC WELL WDC WU WRK WY WHR WMB WLTW WYNN XEL XRX XLNX XYL YUM ZBH ZION ZTS
2019-05-31,899412784,2019-05-29T21:38:48+00:00,505,MMM ABT ABBV ABMD ACN ATVI ADBE AMD AAP AES AMG AFL A APD AKAM ALK ALB ARE ALXN ALGN ALLE AGN ADS LNT ALL GOOGL GOOG MO AMZN AEE AAL AEP AXP AIG AMT AWK AMP ABC AME AMGN APH APC ADI ANSS ANTM AON AOS APA AIV AAPL AMAT APTV ADM ARNC ANET AJG AIZ ATO T ADSK ADP AZO AVB AVY BHGE BLL BAC BK BAX BBT BDX BRK.B BBY BIIB BLK HRB BA BKNG BWA BXP BSX BMY AVGO BR BF.B CHRW COG CDNS CPB COF CPRI CAH KMX CCL CAT CBOE CBRE CBS CE CELG CNC CNP CTL CERN CF SCHW CHTR CVX CMG CB CHD CI XEC CINF CTAS CSCO C CFG CTXS CLX CME CMS KO CTSH CL CMCSA CMA CAG CXO COP ED STZ COO CPRT GLW COST COTY CCI CSX CMI CVS DHI DHR DRI DVA DE DAL XRAY DVN FANG DLR DFS DISCA DISCK DISH DG DLTR D DOV DOW DWDP DTE DRE DUK DXC ETFC EMN ETN EBAY ECL EIX EW EA EMR ETR EOG EFX EQIX EQR ESS EL EVRG ES RE EXC EXPE EXPD EXR XOM FFIV FB FAST FRT FDX FIS FITB FE FRC FISV FLT FLIR FLS FLR FMC FL F FTNT FTV FBHS FOXA FOX BEN FCX GPS GRMN IT GD GE GIS GM GPC GILD GPN GS GWW HAL HBI HOG HRS HIG HAS HCA HCP HP HSIC HSY HES HPE HLT HFC HOLX HD HON HRL HST HPQ HUM HBAN HII IDXX INFO ITW ILMN IR INTC ICE IBM INCY IP IPG IFF INTU ISRG IVZ IPGP IQV IRM JKHY JEC JBHT JEF SJM JNJ JCI JPM JNPR KSU K KEY KEYS KMB KIM KMI KLAC KSS KHC KR LB LLL LH LRCX LW LEG LEN LLY LNC LIN LKQ LMT L LOW LYB MTB MAC M MRO MPC MAR MMC MLM MAS MA MAT MKC MXIM MCD MCK MDT MRK MET MTD MGM MCHP MU MSFT MAA MHK TAP MDLZ MNST MCO MS MOS MSI MSCI MYL NDAQ NOV NKTR NTAP NFLX NWL NEM NWSA NWS NEE NLSN NKE NI NBL JWN NSC NTRS NOC NCLH NRG NUE NVDA ORLY OXY OMC OKE ORCL PCAR PKG PH PAYX PYPL PNR PBCT PEP PKI PRGO PFE PM PSX PNW PXD PNC PPG PPL PFG PG PGR PLD PRU PEG PSA PHM PVH QRVO PWR QCOM DGX RL RJF RTN O RHT REG REGN RF RSG RMD RHI ROK ROL ROP ROST RCL CRM SBAC SLB STX SEE SRE SHW SPG SWKS SLG SNA SO LUV SPGI SWK SBUX STT SYK STI SIVB SYMC SYF SNPS SYY TROW TTWO TPR TGT TEL FTI TFX TXN TXT TMO TIF TWTR TJX TMK TSS TSCO TDG TRV TRIP TSN UDR ULTA USB UAA UA UNP UAL UNH UPS URI UTX UHS UNM VFC VLO VAR VTR VRSN VRSK VZ VRTX VIAB V VNO VMC WAB WMT WBA DIS WM WAT WEC WCG WFC WELL WDC WU WRK WY WHR WMB WLTW WYNN XEL XRX XLNX XYL YUM ZBH ZION ZTS
2019-06-30,903160297,2019-06-24T00:05:15+00:00,505,MMM ABT ABBV ABMD ACN ATVI ADBE AMD AAP AES AMG AFL A APD AKAM ALK ALB ARE ALXN ALGN ALLE AGN ADS LNT ALL GOOGL GOOG MO AMZN AMCR AEE AAL AEP AXP AIG AMT AWK AMP ABC AME AMGN APH APC ADI ANSS ANTM AON AOS APA AIV AAPL AMAT APTV ADM ARNC ANET AJG AIZ ATO T ADSK ADP AZO AVB AVY BHGE BLL BAC BK BAX BBT BDX BRK.B BBY BIIB BLK HRB BA BKNG BWA BXP BSX BMY AVGO BR BF.B CHRW COG CDNS CPB COF CPRI CAH KMX CCL CAT CBOE CBRE CBS CE CELG CNC CNP CTL CERN CF SCHW CHTR CVX CMG CB CHD CI XEC CINF CTAS CSCO C CFG CTXS CLX CME CMS KO CTSH CL CMCSA CMA CAG CXO COP ED STZ COO CPRT GLW CTVA COST COTY CCI CSX CMI CVS DHI DHR DRI DVA DE DAL XRAY DVN FANG DLR DFS DISCA DISCK DISH DG DLTR D DOV DOW DTE DUK DRE DD DXC ETFC EMN ETN EBAY ECL EIX EW EA EMR ETR EOG EFX EQIX EQR ESS EL EVRG ES RE EXC EXPE EXPD EXR XOM FFIV FB FAST FRT FDX FIS FITB FE FRC FISV FLT FLIR FLS FMC FL F FTNT FTV FBHS FOXA FOX BEN FCX GPS GRMN IT GD GE GIS GM GPC GILD GPN GS GWW HAL HBI HOG HRS HIG HAS HCA HCP HP HSIC HSY HES HPE HLT HFC HOLX HD HON HRL HST HPQ HUM HBAN HII IDXX INFO ITW ILMN IR INTC ICE IBM INCY IP IPG IFF INTU ISRG IVZ IPGP IQV IRM JKHY JEC JBHT JEF SJM JNJ JCI JPM JNPR KSU K KEY KEYS KMB KIM KMI KLAC KSS KHC KR LB LLL LH LRCX LW LEG LEN LLY LNC LIN LKQ LMT L LOW LYB MTB MAC M MRO MPC MAR MMC MLM MAS MA MKC MXIM MCD MCK MDT MRK MET MTD MGM MCHP MU MSFT MAA MHK TAP MDLZ MNST MCO MS MOS MSI MSCI MYL NDAQ NOV NKTR NTAP NFLX NWL NEM NWSA NWS NEE NLSN NKE NI NBL JWN NSC NTRS NOC NCLH NRG NUE NVDA ORLY OXY OMC OKE ORCL PCAR PKG PH PAYX PYPL PNR PBCT PEP PKI PRGO PFE PM PSX PNW PXD PNC PPG PPL PFG PG PGR PLD PRU PEG PSA PHM PVH QRVO PWR QCOM DGX RL RJF RTN O RHT REG REGN RF RSG RMD RHI ROK ROL ROP ROST RCL CRM SBAC SLB STX SEE SRE SHW SPG SWKS SLG SNA SO LUV SPGI SWK SBUX STT SYK STI SIVB SYMC SYF SNPS SYY TROW TTWO TPR TGT TEL FTI TFX TXN TXT TMO TIF TWTR TJX TMK TSS TSCO TDG TRV TRIP TSN UDR ULTA USB UAA UA UNP UAL UNH UPS URI UTX UHS UNM VFC VLO VAR VTR VRSN VRSK VZ VRTX VIAB V VNO VMC WAB WMT WBA DIS WM WAT WEC WCG WFC WELL WDC WU WRK WY WHR WMB WLTW WYNN XEL XRX XLNX XYL YUM ZBH ZION ZTS
2019-07-31,906900594,2019-07-19T01:54:02+00:00,505,MMM ABT ABBV ABMD ACN ATVI ADBE AMD AAP AES AMG AFL A APD AKAM ALK ALB ARE ALXN ALGN ALLE AGN ADS LNT ALL GOOGL GOOG MO AMZN AMCR AEE AAL AEP AXP AIG AMT AWK AMP ABC AME AMGN APH APC ADI ANSS ANTM AON AOS APA AIV AAPL AMAT APTV ADM ARNC ANET AJG AIZ ATO T ADSK ADP AZO AVB AVY BHGE BLL BAC BK BAX BBT BDX BRK.B BBY BIIB BLK HRB BA BKNG BWA BXP BSX BMY AVGO BR BF.B CHRW COG CDNS CPB COF CPRI CAH KMX CCL CAT CBOE CBRE CBS CE CELG CNC CNP CTL CERN CF SCHW CHTR CVX CMG CB CHD CI XEC CINF CTAS CSCO C CFG CTXS CLX CME CMS KO CTSH CL CMCSA CMA CAG CXO COP ED STZ COO CPRT GLW CTVA COST COTY CCI CSX CMI CVS DHI DHR DRI DVA DE DAL XRAY DVN FANG DLR DFS DISCA DISCK DISH DG DLTR D DOV DOW DTE DUK DRE DD DXC ETFC EMN ETN EBAY ECL EIX EW EA EMR ETR EOG EFX EQIX EQR ESS EL EVRG ES RE EXC EXPE EXPD EXR XOM FFIV FB FAST FRT FDX FIS FITB FE FRC FISV FLT FLIR FLS FMC FL F FTNT FTV FBHS FOXA FOX BEN FCX GPS GRMN IT GD GE GIS GM GPC GILD GPN GS GWW HAL HBI HOG HIG HAS HCA HCP HP HSIC HSY HES HPE HLT HFC HOLX HD HON HRL HST HPQ HUM HBAN HII IDXX INFO ITW ILMN IR INTC ICE IBM INCY IP IPG IFF INTU ISRG IVZ IPGP IQV IRM JKHY JEC JBHT JEF SJM JNJ JCI JPM JNPR KSU K KEY KEYS KMB KIM KMI KLAC KSS KHC KR LB LHX LH LRCX LW LEG LEN LLY LNC LIN LKQ LMT L LOW LYB MTB MAC M MRO MPC MKTX MAR MMC MLM MAS MA MKC MXIM MCD MCK MDT MRK MET MTD MGM MCHP MU MSFT MAA MHK TAP MDLZ MNST MCO MS MOS MSI MSCI MYL NDAQ NOV NKTR NTAP NFLX NWL NEM NWSA NWS NEE NLSN NKE NI NBL JWN NSC NTRS NOC NCLH NRG NUE NVDA ORLY OXY OMC OKE ORCL PCAR PKG PH PAYX PYPL PNR PBCT PEP PKI PRGO PFE PM PSX PNW PXD PNC PPG PPL PFG PG PGR PLD PRU PEG PSA PHM PVH QRVO PWR QCOM DGX RL RJF RTN O REG REGN RF RSG RMD RHI ROK ROL ROP ROST RCL CRM SBAC SLB STX SEE SRE SHW SPG SWKS SLG SNA SO LUV SPGI SWK SBUX STT SYK STI SIVB SYMC SYF SNPS SYY TMUS TROW TTWO TPR TGT TEL FTI TFX TXN TXT TMO TIF TWTR TJX TMK TSS TSCO TDG TRV TRIP TSN UDR ULTA USB UAA UA UNP UAL UNH UPS URI UTX UHS UNM VFC VLO VAR VTR VRSN VRSK VZ VRTX VIAB V VNO VMC WAB WMT WBA DIS WM WAT WEC WCG WFC WELL WDC WU WRK WY WHR WMB WLTW WYNN XEL XRX XLNX XYL YUM ZBH ZION ZTS
2019-08-31,912848421,2019-08-28T07:56:01+00:00,505,MMM ABT ABBV ABMD ACN ATVI ADBE AMD AAP AES AMG AFL A APD AKAM ALK ALB ARE ALXN ALGN ALLE AGN ADS LNT ALL GOOGL GOOG MO AMZN AMCR AEE AAL AEP AXP AIG AMT AWK AMP ABC AME AMGN APH ADI ANSS ANTM AON AOS APA AIV AAPL AMAT APTV ADM ARNC ANET AJG AIZ ATO T ADSK ADP AZO AVB AVY BHGE BLL BAC BK BAX BBT BDX BRK.B BBY BIIB BLK HRB BA BKNG BWA BXP BSX BMY AVGO BR BF.B CHRW COG CDNS CPB COF CPRI CAH KMX CCL CAT CBOE CBRE CBS CE CELG CNC CNP CTL CERN CF SCHW CHTR CVX CMG CB CHD CI XEC CINF CTAS CSCO C CFG CTXS CLX CME CMS KO CTSH CL CMCSA CMA CAG CXO COP ED STZ COO CPRT GLW CTVA COST COTY CCI CSX CMI CVS DHI DHR DRI DVA DE DAL XRAY DVN FANG DLR DFS DISCA DISCK DISH DG DLTR D DOV DOW DTE DUK DRE DD DXC ETFC EMN ETN EBAY ECL EIX EW EA EMR ETR EOG EFX EQIX EQR ESS EL EVRG ES RE EXC EXPE EXPD EXR XOM FFIV FB FAST FRT FDX FIS FITB FE FRC FISV FLT FLIR FLS FMC F FTNT FTV FBHS FOXA FOX BEN FCX GPS GRMN IT GD GE GIS GM GPC GILD GL GPN GS GWW HAL HBI HOG HIG HAS HCA HCP HP HSIC HSY HES HPE HLT HFC HOLX HD HON HRL HST HPQ HUM HBAN HII IEX IDXX INFO ITW ILMN IR INTC ICE IBM INCY IP IPG IFF INTU ISRG IVZ IPGP IQV IRM JKHY JEC JBHT JEF SJM JNJ JCI JPM JNPR KSU K KEY KEYS KMB KIM KMI KLAC KSS KHC KR LB LHX LH LRCX LW LEG LDOS LEN LLY LNC LIN LKQ LMT L LOW LYB MTB MAC M MRO MPC MKTX MAR MMC MLM MAS MA MKC MXIM MCD MCK MDT MRK MET MTD MGM MCHP MU MSFT MAA MHK TAP MDLZ MNST MCO MS MOS MSI MSCI MYL NDAQ NOV NKTR NTAP NFLX NWL NEM NWSA NWS NEE NLSN NKE NI NBL JWN NSC NTRS NOC NCLH NRG NUE NVDA ORLY OXY OMC OKE ORCL PCAR PKG PH PAYX PYPL PNR PBCT PEP PKI PRGO PFE PM PSX PNW PXD PNC PPG PPL PFG PG PGR PLD PRU PEG PSA PHM PVH QRVO PWR QCOM DGX RL RJF RTN O REG REGN RF RSG RMD RHI ROK ROL ROP ROST RCL CRM SBAC SLB STX SEE SRE SHW SPG SWKS SLG SNA SO LUV SPGI SWK SBUX STT SYK STI SIVB SYMC SYF SNPS SYY TMUS TROW TTWO TPR TGT TEL FTI TFX TXN TXT TMO TIF TWTR TJX TSS TSCO TDG TRV TRIP TSN UDR ULTA USB UAA UA UNP UAL UNH UPS URI UTX UHS UNM VFC VLO VAR VTR VRSN VRSK VZ VRTX VIAB V VNO VMC WAB WMT WBA DIS WM WAT WEC WCG WFC WELL WDC WU WRK WY WHR WMB WLTW WYNN XEL XRX XLNX XYL YUM ZBH ZION ZTS
2019-09-30,918683707,2019-09-29T21:23:54+00:00,505,MMM ABT ABBV ABMD ACN ATVI ADBE AMD AAP AES AMG AFL A APD AKAM ALK ALB ARE ALXN ALGN ALLE AGN ADS LNT ALL GOOGL GOOG MO AMZN AMCR AEE AAL AEP AXP AIG AMT AWK AMP ABC AME AMGN APH ADI ANSS ANTM AON AOS APA AIV AAPL AMAT APTV ADM ARNC ANET AJG AIZ ATO T ADSK ADP AZO AVB AVY BHGE BLL BAC BK BAX BBT BDX BRK.B BBY BIIB BLK HRB BA BKNG BWA BXP BSX BMY AVGO BR BF.B CHRW COG CDNS CPB COF CPRI CAH KMX CCL CAT CBOE CBRE CBS CDW CE CELG CNC CNP CTL CERN CF SCHW CHTR CVX CMG CB CHD CI XEC CINF CTAS CSCO C CFG CTXS CLX CME CMS KO CTSH CL CMCSA CMA CAG CXO COP ED STZ COO CPRT GLW CTVA COST COTY CCI CSX CMI CVS DHI DHR DRI DVA DE DAL XRAY DVN FANG DLR DFS DISCA DISCK DISH DG DLTR D DOV DOW DTE DUK DRE DD DXC ETFC EMN ETN EBAY ECL EIX EW EA EMR ETR EOG EFX EQIX EQR ESS EL EVRG ES RE EXC EXPE EXPD EXR XOM FFIV FB FAST FRT FDX FIS FITB FE FRC FISV FLT FLIR FLS FMC F FTNT FTV FBHS FOXA FOX BEN FCX GPS GRMN IT GD GE GIS GM GPC GILD GL GPN GS GWW HAL HBI HOG HIG HAS HCA HCP HP HSIC HSY HES HPE HLT HFC HOLX HD HON HRL HST HPQ HUM HBAN HII IEX IDXX INFO ITW ILMN IR INTC ICE IBM INCY IP IPG IFF INTU ISRG IVZ IPGP IQV IRM JKHY JEC JBHT SJM JNJ JCI JPM JNPR KSU K KEY KEYS KMB KIM KMI KLAC KSS KHC KR LB LHX LH LRCX LW LEG LDOS LEN LLY LNC LIN LKQ LMT L LOW LYB MTB MAC M MRO MPC MKTX MAR MMC MLM MAS MA MKC MXIM MCD MCK MDT MRK MET MTD MGM MCHP MU MSFT MAA MHK TAP MDLZ MNST MCO MS MOS MSI MSCI MYL NDAQ NOV NKTR NTAP NFLX NWL NEM NWSA NWS NEE NLSN NKE NI NBL JWN NSC NTRS NOC NCLH NRG NUE NVDA NVR ORLY OXY OMC OKE ORCL PCAR PKG PH PAYX PYPL PNR PBCT PEP PKI PRGO PFE PM PSX PNW PXD PNC PPG PPL PFG PG PGR PLD PRU PEG PSA PHM PVH QRVO PWR QCOM DGX RL RJF RTN O REG REGN RF RSG RMD RHI ROK ROL ROP ROST RCL CRM SBAC SLB STX SEE SRE SHW SPG SWKS SLG SNA SO LUV SPGI SWK SBUX STT SYK STI SIVB SYMC SYF SNPS SYY TMUS TROW TTWO TPR TGT TEL FTI TFX TXN TXT TMO TIF TWTR TJX TSCO TDG TRV TRIP TSN UDR ULTA USB UAA UA UNP UAL UNH UPS URI UTX UHS UNM VFC VLO VAR VTR VRSN VRSK VZ VRTX VIAB V VNO VMC WAB WMT WBA DIS WM WAT WEC WCG WFC WELL WDC WU WRK WY WHR WMB WLTW WYNN XEL XRX XLNX XYL YUM ZBH ZION ZTS
2019-10-31,923461473,2019-10-28T18:21:33+00:00,505,MMM ABT ABBV ABMD ACN ATVI ADBE AMD AAP AES AMG AFL A APD AKAM ALK ALB ARE ALXN ALGN ALLE AGN ADS LNT ALL GOOGL GOOG MO AMZN AMCR AEE AAL AEP AXP AIG AMT AWK AMP ABC AME AMGN APH ADI ANSS ANTM AON AOS APA AIV AAPL AMAT APTV ADM ARNC ANET AJG AIZ ATO T ADSK ADP AZO AVB AVY BKR BLL BAC BK BAX BBT BDX BRK.B BBY BIIB BLK HRB BA BKNG BWA BXP BSX BMY AVGO BR BF.B CHRW COG CDNS CPB COF CPRI CAH KMX CCL CAT CBOE CBRE CBS CDW CE CELG CNC CNP CTL CERN CF SCHW CHTR CVX CMG CB CHD CI XEC CINF CTAS CSCO C CFG CTXS CLX CME CMS KO CTSH CL CMCSA CMA CAG CXO COP ED STZ COO CPRT GLW CTVA COST COTY CCI CSX CMI CVS DHI DHR DRI DVA DE DAL XRAY DVN FANG DLR DFS DISCA DISCK DISH DG DLTR D DOV DOW DTE DUK DRE DD DXC ETFC EMN ETN EBAY ECL EIX EW EA EMR ETR EOG EFX EQIX EQR ESS EL EVRG ES RE EXC EXPE EXPD EXR XOM FFIV FB FAST FRT FDX FIS FITB FE FRC FISV FLT FLIR FLS FMC F FTNT FTV FBHS FOXA FOX BEN FCX GPS GRMN IT GD GE GIS GM GPC GILD GL GPN GS GWW HAL HBI HOG HIG HAS HCA HCP HP HSIC HSY HES HPE HLT HFC HOLX HD HON HRL HST HPQ HUM HBAN HII IEX IDXX INFO ITW ILMN IR INTC ICE IBM INCY IP IPG IFF INTU ISRG IVZ IPGP IQV IRM JKHY JEC JBHT SJM JNJ JCI JPM JNPR KSU K KEY KEYS KMB KIM KMI KLAC KSS KHC KR LB LHX LH LRCX LW LVS LEG LDOS LEN LLY LNC LIN LKQ LMT L LOW LYB MTB MAC M MRO MPC MKTX MAR MMC MLM MAS MA MKC MXIM MCD MCK MDT MRK MET MTD MGM MCHP MU MSFT MAA MHK TAP MDLZ MNST MCO MS MOS MSI MSCI MYL NDAQ NOV NTAP NFLX NWL NEM NWSA NWS NEE NLSN NKE NI NBL JWN NSC NTRS NOC NCLH NRG NUE NVDA NVR ORLY OXY OMC OKE ORCL PCAR PKG PH PAYX PYPL PNR PBCT PEP PKI PRGO PFE PM PSX PNW PXD PNC PPG PPL PFG PG PGR PLD PRU PEG PSA PHM PVH QRVO PWR QCOM DGX RL RJF RTN O REG REGN RF RSG RMD RHI ROK ROL ROP ROST RCL CRM SBAC SLB STX SEE SRE SHW SPG SWKS SLG SNA SO LUV SPGI SWK SBUX STT SYK STI SIVB SYMC SYF SNPS SYY TMUS TROW TTWO TPR TGT TEL FTI TFX TXN TXT TMO TIF TWTR TJX TSCO TDG TRV TRIP TSN UDR ULTA USB UAA UA UNP UAL UNH UPS URI UTX UHS UNM VFC VLO VAR VTR VRSN VRSK VZ VRTX VIAB V VNO VMC WAB WMT WBA DIS WM WAT WEC WCG WFC WELL WDC WU WRK WY WHR WMB WLTW WYNN XEL XRX XLNX XYL YUM ZBH ZION ZTS
2019-11-30,928477191,2019-11-29T13:37:42+00:00,505,MMM ABT ABBV ABMD ACN ATVI ADBE AMD AAP AES AMG AFL A APD AKAM ALK ALB ARE ALXN ALGN ALLE AGN ADS LNT ALL GOOGL GOOG MO AMZN AMCR AEE AAL AEP AXP AIG AMT AWK AMP ABC AME AMGN APH ADI ANSS ANTM AON AOS APA AIV AAPL AMAT APTV ADM ARNC ANET AJG AIZ ATO T ADSK ADP AZO AVB AVY BKR BLL BAC BK BAX BBT BDX BRK.B BBY BIIB BLK BA BKNG BWA BXP BSX BMY AVGO BR BF.B CHRW COG CDNS CPB COF CPRI CAH KMX CCL CAT CBOE CBRE CBS CDW CE CNC CNP CTL CERN CF SCHW CHTR CVX CMG CB CHD CI XEC CINF CTAS CSCO C CFG CTXS CLX CME CMS KO CTSH CL CMCSA CMA CAG CXO COP ED STZ COO CPRT GLW CTVA COST COTY CCI CSX CMI CVS DHI DHR DRI DVA DE DAL XRAY DVN FANG DLR DFS DISCA DISCK DISH DG DLTR D DOV DOW DTE DUK DRE DD DXC ETFC EMN ETN EBAY ECL EIX EW EA EMR ETR EOG EFX EQIX EQR ESS EL EVRG ES RE EXC EXPE EXPD EXR XOM FFIV FB FAST FRT FDX FIS FITB FE FRC FISV FLT FLIR FLS FMC F FTNT FTV FBHS FOXA FOX BEN FCX GPS GRMN IT GD GE GIS GM GPC GILD GL GPN GS GWW HRB HAL HBI HOG HIG HAS HCA PEAK HP HSIC HSY HES HPE HLT HFC HOLX HD HON HRL HST HPQ HUM HBAN HII IEX IDXX INFO ITW ILMN IR INTC ICE IBM INCY IP IPG IFF INTU ISRG IVZ IPGP IQV IRM JKHY JEC JBHT SJM JNJ JCI JPM JNPR KSU K KEY KEYS KMB KIM KMI KLAC KSS KHC KR LB LHX LH LRCX LW LVS LEG LDOS LEN LLY LNC LIN LKQ LMT L LOW LYB MTB MAC M MRO MPC MKTX MAR MMC MLM MAS MA MKC MXIM MCD MCK MDT MRK MET MTD MGM MCHP MU MSFT MAA MHK TAP MDLZ MNST MCO MS MOS MSI MSCI MYL NDAQ NOV NTAP NFLX NWL NEM NWSA NWS NEE NLSN NKE NI NBL JWN NSC NTRS NOC NLOK NCLH NRG NUE NVDA NVR ORLY OXY OMC OKE ORCL PCAR PKG PH PAYX PYPL PNR PBCT PEP PKI PRGO PFE PM PSX PNW PXD PNC PPG PPL PFG PG PGR PLD PRU PEG PSA PHM PVH QRVO PWR QCOM DGX RL RJF RTN O REG REGN RF RSG RMD RHI ROK ROL ROP ROST RCL SPGI CRM SBAC SLB STX SEE SRE NOW SHW SPG SWKS SLG SNA SO LUV SWK SBUX STT SYK STI SIVB SYF SNPS SYY TMUS TROW TTWO TPR TGT TEL FTI TFX TXN TXT TMO TIF TWTR TJX TSCO TDG TRV TRIP TSN UDR ULTA USB UAA UA UNP UAL UNH UPS URI UTX UHS UNM VFC VLO VAR VTR VRSN VRSK VZ VRTX VIAB V VNO VMC WAB WMT WBA DIS WM WAT WEC WCG WFC WELL WDC WU WRK WY WHR WMB WLTW WYNN XEL XRX XLNX XYL YUM ZBH ZION ZTS
2019-12-31,933395471,2019-12-31T17:50:24+00:00,505,MMM ABT ABBV ABMD ACN ATVI ADBE AMD AAP AES AFL A APD AKAM ALK ALB ARE ALXN ALGN ALLE AGN ADS LNT ALL GOOGL GOOG MO AMZN AMCR AEE AAL AEP AXP AIG AMT AWK AMP ABC AME AMGN APH ADI ANSS ANTM AON AOS APA AIV AAPL AMAT APTV ADM ARNC ANET AJG AIZ ATO T ADSK ADP AZO AVB AVY BKR BLL BAC BK BAX BDX BRK.B BBY BIIB BLK BA BKNG BWA BXP BSX BMY AVGO BR BF.B CHRW COG CDNS CPB COF CPRI CAH KMX CCL CAT CBOE CBRE CDW CE CNC CNP CTL CERN CF SCHW CHTR CVX CMG CB CHD CI XEC CINF CTAS CSCO C CFG CTXS CLX CME CMS KO CTSH CL CMCSA CMA CAG CXO COP ED STZ COO CPRT GLW CTVA COST COTY CCI CSX CMI CVS DHI DHR DRI DVA DE DAL XRAY DVN FANG DLR DFS DISCA DISCK DISH DG DLTR D DOV DOW DTE DUK DRE DD DXC ETFC EMN ETN EBAY ECL EIX EW EA EMR ETR EOG EFX EQIX EQR ESS EL EVRG ES RE EXC EXPE EXPD EXR XOM FFIV FB FAST FRT FDX FIS FITB FE FRC FISV FLT FLIR FLS FMC F FTNT FTV FBHS FOXA FOX BEN FCX GPS GRMN IT GD GE GIS GM GPC GILD GL GPN GS GWW HRB HAL HBI HOG HIG HAS HCA PEAK HP HSIC HSY HES HPE HLT HFC HOLX HD HON HRL HST HPQ HUM HBAN HII IEX IDXX INFO ITW ILMN IR INTC ICE IBM INCY IP IPG IFF INTU ISRG IVZ IPGP IQV IRM JKHY J JBHT SJM JNJ JCI JPM JNPR KSU K KEY KEYS KMB KIM KMI KLAC KSS KHC KR LB LHX LH LRCX LW LVS LEG LDOS LEN LLY LNC LIN LYV LKQ LMT L LOW LYB MTB M MRO MPC MKTX MAR MMC MLM MAS MA MKC MXIM MCD MCK MDT MRK MET MTD MGM MCHP MU MSFT MAA MHK TAP MDLZ MNST MCO MS MOS MSI MSCI MYL NDAQ NOV NTAP NFLX NWL NEM NWSA NWS NEE NLSN NKE NI NBL JWN NSC NTRS NOC NLOK NCLH NRG NUE NVDA NVR ORLY OXY ODFL OMC OKE ORCL PCAR PKG PH PAYX PYPL PNR PBCT PEP PKI PRGO PFE PM PSX PNW PXD PNC PPG PPL PFG PG PGR PLD PRU PEG PSA PHM PVH QRVO PWR QCOM DGX RL RJF RTN O REG REGN RF RSG RMD RHI ROK ROL ROP ROST RCL SPGI CRM SBAC SLB STX SEE SRE NOW SHW SPG SWKS SLG SNA SO LUV SWK SBUX STT STE SYK SIVB SYF SNPS SYY TMUS TROW TTWO TPR TGT TEL FTI TFX TXN TXT TMO TIF TJX TSCO TDG TRV TFC TWTR TSN UDR ULTA USB UAA UA UNP UAL UNH UPS URI UTX UHS UNM VFC VLO VAR VTR VRSN VRSK VZ VRTX VIAC V VNO VMC WRB WAB WMT WBA DIS WM WAT WEC WCG WFC WELL WDC WU WRK WY WHR WMB WLTW WYNN XEL XRX XLNX XYL YUM ZBRA ZBH ZION ZTS
2020-01-31,938422340,2020-01-31T02:38:19+00:00,505,MMM ABT ABBV ABMD ACN ATVI ADBE AMD AAP AES AFL A APD AKAM ALK ALB ARE ALXN ALGN ALLE AGN ADS LNT ALL GOOGL GOOG MO AMZN AMCR AEE AAL AEP AXP AIG AMT AWK AMP ABC AME AMGN APH ADI ANSS ANTM AON AOS APA AIV AAPL AMAT APTV ADM ARNC ANET AJG AIZ ATO T ADSK ADP AZO AVB AVY BKR BLL BAC BK BAX BDX BRK.B BBY BIIB BLK BA BKNG BWA BXP BSX BMY AVGO BR BF.B CHRW COG CDNS CPB COF CPRI CAH KMX CCL CAT CBOE CBRE CDW CE CNC CNP CTL CERN CF SCHW CHTR CVX CMG CB CHD CI XEC CINF CTAS CSCO C CFG CTXS CLX CME CMS KO CTSH CL CMCSA CMA CAG CXO COP ED STZ COO CPRT GLW CTVA COST COTY CCI CSX CMI CVS DHI DHR DRI DVA DE DAL XRAY DVN FANG DLR DFS DISCA DISCK DISH DG DLTR D DOV DOW DTE DUK DRE DD DXC ETFC EMN ETN EBAY ECL EIX EW EA EMR ETR EOG EFX EQIX EQR ESS EL EVRG ES RE EXC EXPE EXPD EXR XOM FFIV FB FAST FRT FDX FIS FITB FE FRC FISV FLT FLIR FLS FMC F FTNT FTV FBHS FOXA FOX BEN FCX GPS GRMN IT GD GE GIS GM GPC GILD GL GPN GS GWW HRB HAL HBI HOG HIG HAS HCA PEAK HP HSIC HSY HES HPE HLT HFC HOLX HD HON HRL HST HPQ HUM HBAN HII IEX IDXX INFO ITW ILMN IR INTC ICE IBM INCY IP IPG IFF INTU ISRG IVZ IPGP IQV IRM JKHY J JBHT SJM JNJ JCI JPM JNPR KSU K KEY KEYS KMB KIM KMI KLAC KSS KHC KR LB LHX LH LRCX LW LVS LEG LDOS LEN LLY LNC LIN LYV LKQ LMT L LOW LYB MTB M MRO MPC MKTX MAR MMC MLM MAS MA MKC MXIM MCD MCK MDT MRK MET MTD MGM MCHP MU MSFT MAA MHK TAP MDLZ MNST MCO MS MOS MSI MSCI MYL NDAQ NOV NTAP NFLX NWL NEM NWSA NWS NEE NLSN NKE NI NBL JWN NSC NTRS NOC NLOK NCLH NRG NUE NVDA NVR ORLY OXY ODFL OMC OKE ORCL PCAR PKG PH PAYX PAYC PYPL PNR PBCT PEP PKI PRGO PFE PM PSX PNW PXD PNC PPG PPL PFG PG PGR PLD PRU PEG PSA PHM PVH QRVO PWR QCOM DGX RL RJF RTN O REG REGN RF RSG RMD RHI ROK ROL ROP ROST RCL SPGI CRM SBAC SLB STX SEE SRE NOW SHW SPG SWKS SLG SNA SO LUV SWK SBUX STT STE SYK SIVB SYF SNPS SYY TMUS TROW TTWO TPR TGT TEL FTI TFX TXN TXT TMO TIF TJX TSCO TDG TRV TFC TWTR TSN UDR ULTA USB UAA UA UNP UAL UNH UPS URI UTX UHS UNM VFC VLO VAR VTR VRSN VRSK VZ VRTX VIAC V VNO VMC WRB WAB WMT WBA DIS WM WAT WEC WFC WELL WDC WU WRK WY WHR WMB WLTW WYNN XEL XRX XLNX XYL YUM ZBRA ZBH ZION ZTS
2020-02-29,942834690,2020-02-27T03:45:05+00:00,505,MMM ABT ABBV ABMD ACN ATVI ADBE AMD AAP AES AFL A APD AKAM ALK ALB ARE ALXN ALGN ALLE AGN ADS LNT ALL GOOGL GOOG MO AMZN AMCR AEE AAL AEP AXP AIG AMT AWK AMP ABC AME AMGN APH ADI ANSS ANTM AON AOS APA AIV AAPL AMAT APTV ADM ARNC ANET AJG AIZ ATO T ADSK ADP AZO AVB AVY BKR BLL BAC BK BAX BDX BRK.B BBY BIIB BLK BA BKNG BWA BXP BSX BMY AVGO BR BF.B CHRW COG CDNS CPB COF CPRI CAH KMX CCL CAT CBOE CBRE CDW CE CNC CNP CTL CERN CF SCHW CHTR CVX CMG CB CHD CI XEC CINF CTAS CSCO C CFG CTXS CLX CME CMS KO CTSH CL CMCSA CMA CAG CXO COP ED STZ COO CPRT GLW CTVA COST COTY CCI CSX CMI CVS DHI DHR DRI DVA DE DAL XRAY DVN FANG DLR DFS DISCA DISCK DISH DG DLTR D DOV DOW DTE DUK DRE DD DXC ETFC EMN ETN EBAY ECL EIX EW EA EMR ETR EOG EFX EQIX EQR ESS EL EVRG ES RE EXC EXPE EXPD EXR XOM FFIV FB FAST FRT FDX FIS FITB FE FRC FISV FLT FLIR FLS FMC F FTNT FTV FBHS FOXA FOX BEN FCX GPS GRMN IT GD GE GIS GM GPC GILD GL GPN GS GWW HRB HAL HBI HOG HIG HAS HCA PEAK HP HSIC HSY HES HPE HLT HFC HOLX HD HON HRL HST HPQ HUM HBAN HII IEX IDXX INFO ITW ILMN IR INTC ICE IBM INCY IP IPG IFF INTU ISRG IVZ IPGP IQV IRM JKHY J JBHT SJM JNJ JCI JPM JNPR KSU K KEY KEYS KMB KIM KMI KLAC KSS KHC KR LB LHX LH LRCX LW LVS LEG LDOS LEN LLY LNC LIN LYV LKQ LMT L LOW LYB MTB M MRO MPC MKTX MAR MMC MLM MAS MA MKC MXIM MCD MCK MDT MRK MET MTD MGM MCHP MU MSFT MAA MHK TAP MDLZ MNST MCO MS MOS MSI MSCI MYL NDAQ NOV NTAP NFLX NWL NEM NWSA NWS NEE NLSN NKE NI NBL JWN NSC NTRS NOC NLOK NCLH NRG NUE NVDA NVR ORLY OXY ODFL OMC OKE ORCL PCAR PKG PH PAYX PAYC PYPL PNR PBCT PEP PKI PRGO PFE PM PSX PNW PXD PNC PPG PPL PFG PG PGR PLD PRU PEG PSA PHM PVH QRVO PWR QCOM DGX RL RJF RTN O REG REGN RF RSG RMD RHI ROK ROL ROP ROST RCL SPGI CRM SBAC SLB STX SEE SRE NOW SHW SPG SWKS SLG SNA SO LUV SWK SBUX STT STE SYK SIVB SYF SNPS SYY TMUS TROW TTWO TPR TGT TEL FTI TFX TXN TXT TMO TIF TJX TSCO TDG TRV TFC TWTR TSN UDR ULTA USB UAA UA UNP UAL UNH UPS URI UTX UHS UNM VFC VLO VAR VTR VRSN VRSK VZ VRTX VIAC V VNO VMC WRB WAB WMT WBA DIS WM WAT WEC WFC WELL WDC WU WRK WY WHR WMB WLTW WYNN XEL XRX XLNX XYL YUM ZBRA ZBH ZION ZTS
2020-03-31,945114809,2020-03-11T22:12:27+00:00,505,MMM ABT ABBV ABMD ACN ATVI ADBE AMD AAP AES AFL A APD AKAM ALK ALB ARE ALXN ALGN ALLE AGN ADS LNT ALL GOOGL GOOG MO AMZN AMCR AEE AAL AEP AXP AIG T AMT AWK AMP ABC AME AMGN APH ADI ANSS ANTM AON AOS APA AIV AAPL AMAT APTV ADM ARNC ANET AJG AIZ ATO ADSK ADP AZO AVB AVY BKR BLL BAC BK BAX BDX BRK.B BBY BIIB BLK BA BKNG BWA BXP BSX BMY AVGO BR BF.B CHRW COG CDNS CPB COF CPRI CAH KMX CCL CAT CBOE CBRE CDW CE CNC CNP CTL CERN CF SCHW CHTR CVX CMG CB CHD CI CINF CTAS CSCO C CFG CTXS CLX CME CMS KO CTSH CL CMCSA CMA CAG CXO COP ED STZ COO CPRT GLW CTVA COST COTY CCI CSX CMI CVS DHI DHR DRI DVA DE DAL XRAY DVN FANG DLR DFS DISCA DISCK DISH DG DLTR D DOV DOW DTE DUK DRE DD DXC ETFC EMN ETN EBAY ECL EIX EW EA EMR ETR EOG EFX EQIX EQR ESS EL EVRG ES RE EXC EXPE EXPD EXR XOM FFIV FB FAST FRT FDX FIS FITB FE FRC FISV FLT FLIR FLS FMC F FTNT FTV FBHS FOXA FOX BEN FCX GPS GRMN IT GD GE GIS GM GPC GILD GL GPN GS GWW HRB HAL HBI HOG HIG HAS HCA PEAK HP HSIC HSY HES HPE HLT HFC HOLX HD HON HRL HST HPQ HUM HBAN HII IEX IDXX INFO ITW ILMN INCY IR INTC ICE IBM IP IPG IFF INTU ISRG IVZ IPGP IQV IRM JKHY J JBHT SJM JNJ JCI JPM JNPR KSU K KEY KEYS KMB KIM KMI KLAC KSS KHC KR LB LHX LH LRCX LW LVS LEG LDOS LEN LLY LNC LIN LYV LKQ LMT L LOW LYB MTB M MRO MPC MKTX MAR MMC MLM MAS MA MKC MXIM MCD MCK MDT MRK MET MTD MGM MCHP MU MSFT MAA MHK TAP MDLZ MNST MCO MS MOS MSI MSCI MYL NDAQ NOV NTAP NFLX NWL NEM NWSA NWS NEE NLSN NKE NI NBL JWN NSC NTRS NOC NLOK NCLH NRG NUE NVDA NVR ORLY OXY ODFL OMC OKE ORCL PCAR PKG PH PAYX PAYC PYPL PNR PBCT PEP PKI PRGO PFE PM PSX PNW PXD PNC PPG PPL PFG PG PGR PLD PRU PEG PSA PHM PVH QRVO PWR QCOM DGX RL RJF RTN O REG REGN RF RSG RMD RHI ROK ROL ROP ROST RCL SPGI CRM SBAC SLB STX SEE SRE NOW SHW SPG SWKS SLG SNA SO LUV SWK SBUX STT STE SYK SIVB SYF SNPS SYY TMUS TROW TTWO TPR TGT TEL FTI TFX TXN TXT TMO TIF TJX TSCO TT TDG TRV TFC TWTR TSN UDR ULTA USB UAA UA UNP UAL UNH UPS URI UTX UHS UNM VFC VLO VAR VTR VRSN VRSK VZ VRTX VIAC V VNO VMC WRB WAB WMT WBA DIS WM WAT WEC WFC WELL WDC WU WRK WY WHR WMB WLTW WYNN XEL XRX XLNX XYL YUM ZBRA ZBH ZION ZTS
2020-04-30,951876743,2020-04-19T10:16:03+00:00,505,MMM ABT ABBV ABMD ACN ATVI ADBE AMD AAP AES AFL A APD AKAM ALK ALB ARE ALXN ALGN ALLE AGN ADS LNT ALL GOOGL GOOG MO AMZN AMCR AEE AAL AEP AXP AIG AMT AWK AMP ABC AME AMGN APH ADI ANSS ANTM AON AOS APA AIV AAPL AMAT APTV ADM ANET AJG AIZ T ATO ADSK ADP AZO AVB AVY BKR BLL BAC BK BAX BDX BRK.B BBY BIIB BLK BA BKNG BWA BXP BSX BMY AVGO BR BF.B CHRW COG CDNS CPB COF CPRI CAH KMX CCL CARR CAT CBOE CBRE CDW CE CNC CNP CTL CERN CF SCHW CHTR CVX CMG CB CHD CI CINF CTAS CSCO C CFG CTXS CLX CME CMS KO CTSH CL CMCSA CMA CAG CXO COP ED STZ COO CPRT GLW CTVA COST COTY CCI CSX CMI CVS DHI DHR DRI DVA DE DAL XRAY DVN FANG DLR DFS DISCA DISCK DISH DG DLTR D DOV DOW DTE DUK DRE DD DXC ETFC EMN ETN EBAY ECL EIX EW EA EMR ETR EOG EFX EQIX EQR ESS EL EVRG ES RE EXC EXPE EXPD EXR XOM FFIV FB FAST FRT FDX FIS FITB FE FRC FISV FLT FLIR FLS FMC F FTNT FTV FBHS FOXA FOX BEN FCX GPS GRMN IT GD GE GIS GM GPC GILD GL GPN GS GWW HRB HAL HBI HOG HIG HAS HCA PEAK HP HSIC HSY HES HPE HLT HFC HOLX HD HON HRL HST HWM HPQ HUM HBAN HII IEX IDXX INFO ITW ILMN INCY IR INTC ICE IBM IP IPG IFF INTU ISRG IVZ IPGP IQV IRM JKHY J JBHT SJM JNJ JCI JPM JNPR KSU K KEY KEYS KMB KIM KMI KLAC KSS KHC KR LB LHX LH LRCX LW LVS LEG LDOS LEN LLY LNC LIN LYV LKQ LMT L LOW LYB MTB MRO MPC MKTX MAR MMC MLM MAS MA MKC MXIM MCD MCK MDT MRK MET MTD MGM MCHP MU MSFT MAA MHK TAP MDLZ MNST MCO MS MOS MSI MSCI MYL NDAQ NOV NTAP NFLX NWL NEM NWSA NWS NEE NLSN NKE NI NBL JWN NSC NTRS NOC NLOK NCLH NRG NUE NVDA NVR ORLY OXY ODFL OMC OKE ORCL OTIS PCAR PKG PH PAYX PAYC PYPL PNR PBCT PEP PKI PRGO PFE PM PSX PNW PXD PNC PPG PPL PFG PG PGR PLD PRU PEG PSA PHM PVH QRVO PWR QCOM DGX RL RJF RTX O REG REGN RF RSG RMD RHI ROK ROL ROP ROST RCL SPGI CRM SBAC SLB STX SEE SRE NOW SHW SPG SWKS SLG SNA SO LUV SWK SBUX STT STE SYK SIVB SYF SNPS SYY TMUS TROW TTWO TPR TGT TEL FTI TFX TXN TXT TMO TIF TJX TSCO TT TDG TRV TFC TWTR TSN UDR ULTA USB UAA UA UNP UAL UNH UPS URI UHS UNM VFC VLO VAR VTR VRSN VRSK VZ VRTX VIAC V VNO VMC WRB WAB WMT WBA DIS WM WAT WEC WFC WELL WDC WU WRK WY WHR WMB WLTW WYNN XEL XRX XLNX XYL YUM ZBRA ZBH ZION ZTS
2020-05-31,959337467,2020-05-28T08:43:16+00:00,505,MMM ABT ABBV ABMD ACN ATVI ADBE AMD AAP AES AFL A APD AKAM ALK ALB ARE ALXN ALGN ALLE ADS LNT ALL GOOGL GOOG MO AMZN AMCR AEE AAL AEP AXP AIG AMT AWK AMP ABC AME AMGN APH ADI ANSS ANTM AON AOS APA AIV AAPL AMAT APTV ADM ANET AJG AIZ T ATO ADSK ADP AZO AVB AVY BKR BLL BAC BK BAX BDX BRK.B BBY BIIB BLK BA BKNG BWA BXP BSX BMY AVGO BR BF.B CHRW COG CDNS CPB COF CAH KMX CCL CARR CAT CBOE CBRE CDW CE CNC CNP CTL CERN CF SCHW CHTR CVX CMG CB CHD CI CINF CTAS CSCO C CFG CTXS CLX CME CMS KO CTSH CL CMCSA CMA CAG CXO COP ED STZ COO CPRT GLW CTVA COST COTY CCI CSX CMI CVS DHI DHR DRI DVA DE DAL XRAY DVN DXCM FANG DLR DFS DISCA DISCK DISH DG DLTR D DPZ DOV DOW DTE DUK DRE DD DXC ETFC EMN ETN EBAY ECL EIX EW EA EMR ETR EOG EFX EQIX EQR ESS EL EVRG ES RE EXC EXPE EXPD EXR XOM FFIV FB FAST FRT FDX FIS FITB FE FRC FISV FLT FLIR FLS FMC F FTNT FTV FBHS FOXA FOX BEN FCX GPS GRMN IT GD GE GIS GM GPC GILD GL GPN GS GWW HRB HAL HBI HOG HIG HAS HCA PEAK HSIC HSY HES HPE HLT HFC HOLX HD HON HRL HST HWM HPQ HUM HBAN HII IEX IDXX INFO ITW ILMN INCY IR INTC ICE IBM IP IPG IFF INTU ISRG IVZ IPGP IQV IRM JKHY J JBHT SJM JNJ JCI JPM JNPR KSU K KEY KEYS KMB KIM KMI KLAC KSS KHC KR LB LHX LH LRCX LW LVS LEG LDOS LEN LLY LNC LIN LYV LKQ LMT L LOW LYB MTB MRO MPC MKTX MAR MMC MLM MAS MA MKC MXIM MCD MCK MDT MRK MET MTD MGM MCHP MU MSFT MAA MHK TAP MDLZ MNST MCO MS MOS MSI MSCI MYL NDAQ NOV NTAP NFLX NWL NEM NWSA NWS NEE NLSN NKE NI NBL JWN NSC NTRS NOC NLOK NCLH NRG NUE NVDA NVR ORLY OXY ODFL OMC OKE ORCL OTIS PCAR PKG PH PAYX PAYC PYPL PNR PBCT PEP PKI PRGO PFE PM PSX PNW PXD PNC PPG PPL PFG PG PGR PLD PRU PEG PSA PHM PVH QRVO PWR QCOM DGX RL RJF RTX O REG REGN RF RSG RMD RHI ROK ROL ROP ROST RCL SPGI CRM SBAC SLB STX SEE SRE NOW SHW SPG SWKS SLG SNA SO LUV SWK SBUX STT STE SYK SIVB SYF SNPS SYY TMUS TROW TTWO TPR TGT TEL FTI TFX TXN TXT TMO TIF TJX TSCO TT TDG TRV TFC TWTR TSN UDR ULTA USB UAA UA UNP UAL UNH UPS URI UHS UNM VFC VLO VAR VTR VRSN VRSK VZ VRTX VIAC V VNO VMC WRB WAB WMT WBA DIS WM WAT WEC WFC WELL WST WDC WU WRK WY WHR WMB WLTW WYNN XEL XRX XLNX XYL YUM ZBRA ZBH ZION ZTS
2020-06-30,964964792,2020-06-28T16:52:01+00:00,505,MMM ABT ABBV ABMD ACN ATVI ADBE AMD AAP AES AFL A APD AKAM ALK ALB ARE ALXN ALGN ALLE ADS LNT ALL GOOGL GOOG MO AMZN AMCR AEE AAL AEP AXP AIG AMT AWK AMP ABC AME AMGN APH ADI ANSS ANTM AON AOS APA AIV AAPL AMAT APTV ADM ANET AJG AIZ T ATO ADSK ADP AZO AVB AVY BKR BLL BAC BK BAX BDX BRK.B BBY BIIB BLK BA BKNG BWA BXP BSX BMY AVGO BR BF.B CHRW COG CDNS CPB COF CAH KMX CCL CARR CAT CBOE CBRE CDW CE CNC CNP CTL CERN CF SCHW CHTR CVX CMG CB CHD CI CINF CTAS CSCO C CFG CTXS CLX CME CMS KO CTSH CL CMCSA CMA CAG CXO COP ED STZ COO CPRT GLW CTVA COST COTY CCI CSX CMI CVS DHI DHR DRI DVA DE DAL XRAY DVN DXCM FANG DLR DFS DISCA DISCK DISH DG DLTR D DPZ DOV DOW DTE DUK DRE DD DXC ETFC EMN ETN EBAY ECL EIX EW EA EMR ETR EOG EFX EQIX EQR ESS EL EVRG ES RE EXC EXPE EXPD EXR XOM FFIV FB FAST FRT FDX FIS FITB FE FRC FISV FLT FLIR FLS FMC F FTNT FTV FBHS FOXA FOX BEN FCX GPS GRMN IT GD GE GIS GM GPC GILD GL GPN GS GWW HRB HAL HBI HOG HIG HAS HCA PEAK HSIC HSY HES HPE HLT HFC HOLX HD HON HRL HST HWM HPQ HUM HBAN HII IEX IDXX INFO ITW ILMN INCY IR INTC ICE IBM IP IPG IFF INTU ISRG IVZ IPGP IQV IRM JKHY J JBHT SJM JNJ JCI JPM JNPR KSU K KEY KEYS KMB KIM KMI KLAC KSS KHC KR LB LHX LH LRCX LW LVS LEG LDOS LEN LLY LNC LIN LYV LKQ LMT L LOW LYB MTB MRO MPC MKTX MAR MMC MLM MAS MA MKC MXIM MCD MCK MDT MRK MET MTD MGM MCHP MU MSFT MAA MHK TAP MDLZ MNST MCO MS MOS MSI MSCI MYL NDAQ NOV NTAP NFLX NWL NEM NWSA NWS NEE NLSN NKE NI NBL JWN NSC NTRS NOC NLOK NCLH NRG NUE NVDA NVR ORLY OXY ODFL OMC OKE ORCL OTIS PCAR PKG PH PAYX PAYC PYPL PNR PBCT PEP PKI PRGO PFE PM PSX PNW PXD PNC PPG PPL PFG PG PGR PLD PRU PEG PSA PHM PVH QRVO PWR QCOM DGX RL RJF RTX O REG REGN RF RSG RMD RHI ROK ROL ROP ROST RCL SPGI CRM SBAC SLB STX SEE SRE NOW SHW SPG SWKS SLG SNA SO LUV SWK SBUX STT STE SYK SIVB SYF SNPS SYY TMUS TROW TTWO TPR TGT TEL FTI TFX TXN TXT TMO TIF TJX TSCO TT TDG TRV TFC TWTR TSN UDR ULTA USB UAA UA UNP UAL UNH UPS URI UHS UNM VFC VLO VAR VTR VRSN VRSK VZ VRTX VIAC V VNO VMC WRB WAB WMT WBA DIS WM WAT WEC WFC WELL WST WDC WU WRK WY WHR WMB WLTW WYNN XEL XRX XLNX XYL YUM ZBRA ZBH ZION ZTS
2020-07-31,970059090,2020-07-29T00:25:04+00:00,505,MMM ABT ABBV ABMD ACN ATVI ADBE AMD AAP AES AFL A APD AKAM ALK ALB ARE ALXN ALGN ALLE LNT ALL GOOGL GOOG MO AMZN AMCR AEE AAL AEP AXP AIG AMT AWK AMP ABC AME AMGN APH ADI ANSS ANTM AON AOS APA AIV AAPL AMAT APTV ADM ANET AJG AIZ T ATO ADSK ADP AZO AVB AVY BKR BLL BAC BK BAX BDX BRK.B BBY BIO BIIB BLK BA BKNG BWA BXP BSX BMY AVGO BR BF.B CHRW COG CDNS CPB COF CAH KMX CCL CARR CAT CBOE CBRE CDW CE CNC CNP CTL CERN CF SCHW CHTR CVX CMG CB CHD CI CINF CTAS CSCO C CFG CTXS CLX CME CMS KO CTSH CL CMCSA CMA CAG CXO COP ED STZ COO CPRT GLW CTVA COST COTY CCI CSX CMI CVS DHI DHR DRI DVA DE DAL XRAY DVN DXCM FANG DLR DFS DISCA DISCK DISH DG DLTR D DPZ DOV DOW DTE DUK DRE DD DXC ETFC EMN ETN EBAY ECL EIX EW EA EMR ETR EOG EFX EQIX EQR ESS EL EVRG ES RE EXC EXPE EXPD EXR XOM FFIV FB FAST FRT FDX FIS FITB FE FRC FISV FLT FLIR FLS FMC F FTNT FTV FBHS FOXA FOX BEN FCX GPS GRMN IT GD GE GIS GM GPC GILD GL GPN GS GWW HRB HAL HBI HIG HAS HCA PEAK HSIC HSY HES HPE HLT HFC HOLX HD HON HRL HST HWM HPQ HUM HBAN HII IEX IDXX INFO ITW ILMN INCY IR INTC ICE IBM IP IPG IFF INTU ISRG IVZ IPGP IQV IRM JKHY J JBHT SJM JNJ JCI JPM JNPR KSU K KEY KEYS KMB KIM KMI KLAC KSS KHC KR LB LHX LH LRCX LW LVS LEG LDOS LEN LLY LNC LIN LYV LKQ LMT L LOW LYB MTB MRO MPC MKTX MAR MMC MLM MAS MA MKC MXIM MCD MCK MDT MRK MET MTD MGM MCHP MU MSFT MAA MHK TAP MDLZ MNST MCO MS MOS MSI MSCI MYL NDAQ NOV NTAP NFLX NWL NEM NWSA NWS NEE NLSN NKE NI NBL NSC NTRS NOC NLOK NCLH NRG NUE NVDA NVR ORLY OXY ODFL OMC OKE ORCL OTIS PCAR PKG PH PAYX PAYC PYPL PNR PBCT PEP PKI PRGO PFE PM PSX PNW PXD PNC PPG PPL PFG PG PGR PLD PRU PEG PSA PHM PVH QRVO PWR QCOM DGX RL RJF RTX O REG REGN RF RSG RMD RHI ROK ROL ROP ROST RCL SPGI CRM SBAC SLB STX SEE SRE NOW SHW SPG SWKS SLG SNA SO LUV SWK SBUX STT STE SYK SIVB SYF SNPS SYY TMUS TROW TTWO TPR TGT TEL FTI TDY TFX TXN TXT TMO TIF TJX TSCO TT TDG TRV TFC TWTR TYL TSN UDR ULTA USB UAA UA UNP UAL UNH UPS URI UHS UNM VFC VLO VAR VTR VRSN VRSK VZ VRTX VIAC V VNO VMC WRB WAB WMT WBA DIS WM WAT WEC WFC WELL WST WDC WU WRK WY WHR WMB WLTW WYNN XEL XRX XLNX XYL YUM ZBRA ZBH ZION ZTS
2020-08-31,975804880,2020-08-30T14:31:05+00:00,505,MMM ABT ABBV ABMD ACN ATVI ADBE AMD AAP AES AFL A APD AKAM ALK ALB ARE ALXN ALGN ALLE LNT ALL GOOGL GOOG MO AMZN AMCR AEE AAL AEP AXP AIG AMT AWK AMP ABC AME AMGN APH ADI ANSS ANTM AON AOS APA AIV AAPL AMAT APTV ADM ANET AJG AIZ T ATO ADSK ADP AZO AVB AVY BKR BLL BAC BK BAX BDX BRK.B BBY BIO BIIB BLK BA BKNG BWA BXP BSX BMY AVGO BR BF.B CHRW COG CDNS CPB COF CAH KMX CCL CARR CAT CBOE CBRE CDW CE CNC CNP CTL CERN CF SCHW CHTR CVX CMG CB CHD CI CINF CTAS CSCO C CFG CTXS CLX CME CMS KO CTSH CL CMCSA CMA CAG CXO COP ED STZ COO CPRT GLW CTVA COST COTY CCI CSX CMI CVS DHI DHR DRI DVA DE DAL XRAY DVN DXCM FANG DLR DFS DISCA DISCK DISH DG DLTR D DPZ DOV DOW DTE DUK DRE DD DXC ETFC EMN ETN EBAY ECL EIX EW EA EMR ETR EOG EFX EQIX EQR ESS EL EVRG ES RE EXC EXPE EXPD EXR XOM FFIV FB FAST FRT FDX FIS FITB FE FRC FISV FLT FLIR FLS FMC F FTNT FTV FBHS FOXA FOX BEN FCX GPS GRMN IT GD GE GIS GM GPC GILD GL GPN GS GWW HRB HAL HBI HIG HAS HCA PEAK HSIC HSY HES HPE HLT HFC HOLX HD HON HRL HST HWM HPQ HUM HBAN HII IEX IDXX INFO ITW ILMN INCY IR INTC ICE IBM IP IPG IFF INTU ISRG IVZ IPGP IQV IRM JKHY J JBHT SJM JNJ JCI JPM JNPR KSU K KEY KEYS KMB KIM KMI KLAC KSS KHC KR LB LHX LH LRCX LW LVS LEG LDOS LEN LLY LNC LIN LYV LKQ LMT L LOW LYB MTB MRO MPC MKTX MAR MMC MLM MAS MA MKC MXIM MCD MCK MDT MRK MET MTD MGM MCHP MU MSFT MAA MHK TAP MDLZ MNST MCO MS MOS MSI MSCI MYL NDAQ NOV NTAP NFLX NWL NEM NWSA NWS NEE NLSN NKE NI NBL NSC NTRS NOC NLOK NCLH NRG NUE NVDA NVR ORLY OXY ODFL OMC OKE ORCL OTIS PCAR PKG PH PAYX PAYC PYPL PNR PBCT PEP PKI PRGO PFE PM PSX PNW PXD PNC PPG PPL PFG PG PGR PLD PRU PEG PSA PHM PVH QRVO PWR QCOM DGX RL RJF RTX O REG REGN RF RSG RMD RHI ROK ROL ROP ROST RCL SPGI CRM SBAC SLB STX SEE SRE NOW SHW SPG SWKS SLG SNA SO LUV SWK SBUX STT STE SYK SIVB SYF SNPS SYY TMUS TROW TTWO TPR TGT TEL FTI TDY TFX TXN TXT TMO TIF TJX TSCO TT TDG TRV TFC TWTR TYL TSN UDR ULTA USB UAA UA UNP UAL UNH UPS URI UHS UNM VFC VLO VAR VTR VRSN VRSK VZ VRTX VIAC V VNO VMC WRB WAB WMT WBA DIS WM WAT WEC WFC WELL WST WDC WU WRK WY WHR WMB WLTW WYNN XEL XRX XLNX XYL YUM ZBRA ZBH ZION ZTS
2020-09-30,980783480,2020-09-28T12:34:09+00:00,505,MMM ABT ABBV ABMD ACN ATVI ADBE AMD AAP AES AFL A APD AKAM ALK ALB ARE ALXN ALGN ALLE LNT ALL GOOGL GOOG MO AMZN AMCR AEE AAL AEP AXP AIG AMT AWK AMP ABC AME AMGN APH ADI ANSS ANTM AON AOS APA AIV AAPL AMAT APTV ADM ANET AJG AIZ T ATO ADSK ADP AZO AVB AVY BKR BLL BAC BK BAX BDX BRK.B BBY BIO BIIB BLK BA BKNG BWA BXP BSX BMY AVGO BR BF.B CHRW COG CDNS CPB COF CAH KMX CCL CARR CAT CBOE CBRE CDW CE CNC CNP CERN CF SCHW CHTR CVX CMG CB CHD CI CINF CTAS CSCO C CFG CTXS CLX CME CMS KO CTSH CL CMCSA CMA CAG CXO COP ED STZ COO CPRT GLW CTVA COST COTY CCI CSX CMI CVS DHI DHR DRI DVA DE DAL XRAY DVN DXCM FANG DLR DFS DISCA DISCK DISH DG DLTR D DPZ DOV DOW DTE DUK DRE DD DXC ETFC EMN ETN EBAY ECL EIX EW EA EMR ETR EOG EFX EQIX EQR ESS EL EVRG ES RE EXC EXPE EXPD EXR XOM FFIV FB FAST FRT FDX FIS FITB FE FRC FISV FLT FLIR FLS FMC F FTNT FTV FBHS FOXA FOX BEN FCX GPS GRMN IT GD GE GIS GM GPC GILD GL GPN GS GWW HRB HAL HBI HIG HAS HCA PEAK HSIC HSY HES HPE HLT HFC HOLX HD HON HRL HST HWM HPQ HUM HBAN HII IEX IDXX INFO ITW ILMN INCY IR INTC ICE IBM IP IPG IFF INTU ISRG IVZ IPGP IQV IRM JKHY J JBHT SJM JNJ JCI JPM JNPR KSU K KEY KEYS KMB KIM KMI KLAC KSS KHC KR LB LHX LH LRCX LW LVS LEG LDOS LEN LLY LNC LIN LYV LKQ LMT L LOW LUMN LYB MTB MRO MPC MKTX MAR MMC MLM MAS MA MKC MXIM MCD MCK MDT MRK MET MTD MGM MCHP MU MSFT MAA MHK TAP MDLZ MNST MCO MS MOS MSI MSCI MYL NDAQ NOV NTAP NFLX NWL NEM NWSA NWS NEE NLSN NKE NI NBL NSC NTRS NOC NLOK NCLH NRG NUE NVDA NVR ORLY OXY ODFL OMC OKE ORCL OTIS PCAR PKG PH PAYX PAYC PYPL PNR PBCT PEP PKI PRGO PFE PM PSX PNW PXD PNC PPG PPL PFG PG PGR PLD PRU PEG PSA PHM PVH QRVO PWR QCOM DGX RL RJF RTX O REG REGN RF RSG RMD RHI ROK ROL ROP ROST RCL SPGI CRM SBAC SLB STX SEE SRE NOW SHW SPG SWKS SLG SNA SO LUV SWK SBUX STT STE SYK SIVB SYF SNPS SYY TMUS TROW TTWO TPR TGT TEL FTI TDY TFX TXN TXT TMO TIF TJX TSCO TT TDG TRV TFC TWTR TYL TSN UDR ULTA USB UAA UA UNP UAL UNH UPS URI UHS UNM VFC VLO VAR VTR VRSN VRSK VZ VRTX VIAC V VNO VMC WRB WAB WMT WBA DIS WM WAT WEC WFC WELL WST WDC WU WRK WY WHR WMB WLTW WYNN XEL XRX XLNX XYL YUM ZBRA ZBH ZION ZTS
2020-10-31,986445016,2020-10-31T22:25:27+00:00,505,MMM ABT ABBV ABMD ACN ATVI ADBE AMD AAP AES AFL A APD AKAM ALK ALB ARE ALXN ALGN ALLE LNT ALL GOOGL GOOG MO AMZN AMCR AEE AAL AEP AXP AIG AMT AWK AMP ABC AME AMGN APH ADI ANSS ANTM AON AOS APA AIV AAPL AMAT APTV ADM ANET AJG AIZ T ATO ADSK ADP AZO AVB AVY BKR BLL BAC BK BAX BDX BRK.B BBY BIO BIIB BLK BA BKNG BWA BXP BSX BMY AVGO BR BF.B CHRW COG CDNS CPB COF CAH KMX CCL CARR CTLT CAT CBOE CBRE CDW CE CNC CNP CERN CF SCHW CHTR CVX CMG CB CHD CI CINF CTAS CSCO C CFG CTXS CLX CME CMS KO CTSH CL CMCSA CMA CAG CXO COP ED STZ COO CPRT GLW CTVA COST CCI CSX CMI CVS DHI DHR DRI DVA DE DAL XRAY DVN DXCM FANG DLR DFS DISCA DISCK DISH DG DLTR D DPZ DOV DOW DTE DUK DRE DD DXC EMN ETN EBAY ECL EIX EW EA EMR ETR EOG EFX EQIX EQR ESS EL ETSY EVRG ES RE EXC EXPE EXPD EXR XOM FFIV FB FAST FRT FDX FIS FITB FE FRC FISV FLT FLIR FLS FMC F FTNT FTV FBHS FOXA FOX BEN FCX GPS GRMN IT GD GE GIS GM GPC GILD GL GPN GS GWW HAL HBI HIG HAS HCA PEAK HSIC HSY HES HPE HLT HFC HOLX HD HON HRL HST HWM HPQ HUM HBAN HII IEX IDXX INFO ITW ILMN INCY IR INTC ICE IBM IP IPG IFF INTU ISRG IVZ IPGP IQV IRM JKHY J JBHT SJM JNJ JCI JPM JNPR KSU K KEY KEYS KMB KIM KMI KLAC KHC KR LB LHX LH LRCX LW LVS LEG LDOS LEN LLY LNC LIN LYV LKQ LMT L LOW LUMN LYB MTB MRO MPC MKTX MAR MMC MLM MAS MA MKC MXIM MCD MCK MDT MRK MET MTD MGM MCHP MU MSFT MAA MHK TAP MDLZ MNST MCO MS MOS MSI MSCI MYL NDAQ NOV NTAP NFLX NWL NEM NWSA NWS NEE NLSN NKE NI NSC NTRS NOC NLOK NCLH NRG NUE NVDA NVR ORLY OXY ODFL OMC OKE ORCL OTIS PCAR PKG PH PAYX PAYC PYPL PNR PBCT PEP PKI PRGO PFE PM PSX PNW PXD PNC POOL PPG PPL PFG PG PGR PLD PRU PEG PSA PHM PVH QRVO PWR QCOM DGX RL RJF RTX O REG REGN RF RSG RMD RHI ROK ROL ROP ROST RCL SPGI CRM SBAC SLB STX SEE SRE NOW SHW SPG SWKS SLG SNA SO LUV SWK SBUX STT STE SYK SIVB SYF SNPS SYY TMUS TROW TTWO TPR TGT TEL FTI TDY TFX TER TXN TXT TMO TIF TJX TSCO TT TDG TRV TFC TWTR TYL TSN UDR ULTA USB UAA UA UNP UAL UNH UPS URI UHS UNM VFC VLO VAR VTR VRSN VRSK VZ VRTX VIAC V VNT VNO VMC WRB WAB WMT WBA DIS WM WAT WEC WFC WELL WST WDC WU WRK WY WHR WMB WLTW WYNN XEL XRX XLNX XYL YUM ZBRA ZBH ZION ZTS
2020-11-30,991614697,2020-11-30T23:51:44+00:00,505,MMM ABT ABBV ABMD ACN ATVI ADBE AMD AAP AES AFL A APD AKAM ALK ALB ARE ALXN ALGN ALLE LNT ALL GOOGL GOOG MO AMZN AMCR AEE AAL AEP AXP AIG AMT AWK AMP ABC AME AMGN APH ADI ANSS ANTM AON AOS APA AIV AAPL AMAT APTV ADM ANET AJG AIZ T ATO ADSK ADP AZO AVB AVY BKR BLL BAC BK BAX BDX BRK.B BBY BIO BIIB BLK BA BKNG BWA BXP BSX BMY AVGO BR BF.B CHRW COG CDNS CPB COF CAH KMX CCL CARR CTLT CAT CBOE CBRE CDW CE CNC CNP CERN CF SCHW CHTR CVX CMG CB CHD CI CINF CTAS CSCO C CFG CTXS CLX CME CMS KO CTSH CL CMCSA CMA CAG CXO COP ED STZ COO CPRT GLW CTVA COST CCI CSX CMI CVS DHI DHR DRI DVA DE DAL XRAY DVN DXCM FANG DLR DFS DISCA DISCK DISH DG DLTR D DPZ DOV DOW DTE DUK DRE DD DXC EMN ETN EBAY ECL EIX EW EA EMR ETR EOG EFX EQIX EQR ESS EL ETSY EVRG ES RE EXC EXPE EXPD EXR XOM FFIV FB FAST FRT FDX FIS FITB FE FRC FISV FLT FLIR FLS FMC F FTNT FTV FBHS FOXA FOX BEN FCX GPS GRMN IT GD GE GIS GM GPC GILD GL GPN GS GWW HAL HBI HIG HAS HCA PEAK HSIC HSY HES HPE HLT HFC HOLX HD HON HRL HST HWM HPQ HUM HBAN HII IEX IDXX INFO ITW ILMN INCY IR INTC ICE IBM IP IPG IFF INTU ISRG IVZ IPGP IQV IRM JKHY J JBHT SJM JNJ JCI JPM JNPR KSU K KEY KEYS KMB KIM KMI KLAC KHC KR LB LHX LH LRCX LW LVS LEG LDOS LEN LLY LNC LIN LYV LKQ LMT L LOW LUMN LYB MTB MRO MPC MKTX MAR MMC MLM MAS MA MKC MXIM MCD MCK MDT MRK MET MTD MGM MCHP MU MSFT MAA MHK TAP MDLZ MNST MCO MS MOS MSI MSCI NDAQ NOV NTAP NFLX NWL NEM NWSA NWS NEE NLSN NKE NI NSC NTRS NOC NLOK NCLH NRG NUE NVDA NVR ORLY OXY ODFL OMC OKE ORCL OTIS PCAR PKG PH PAYX PAYC PYPL PNR PBCT PEP PKI PRGO PFE PM PSX PNW PXD PNC POOL PPG PPL PFG PG PGR PLD PRU PEG PSA PHM PVH QRVO PWR QCOM DGX RL RJF RTX O REG REGN RF RSG RMD RHI ROK ROL ROP ROST RCL SPGI CRM SBAC SLB STX SEE SRE NOW SHW SPG SWKS SLG SNA SO LUV SWK SBUX STT STE SYK SIVB SYF SNPS SYY TMUS TROW TTWO TPR TGT TEL FTI TDY TFX TER TXN TXT TMO TIF TJX TSCO TT TDG TRV TFC TWTR TYL TSN UDR ULTA USB UAA UA UNP UAL UNH UPS URI UHS UNM VLO VAR VTR VRSN VRSK VZ VRTX VFC VIAC VTRS V VNT VNO VMC WRB WAB WMT WBA DIS WM WAT WEC WFC WELL WST WDC WU WRK WY WHR WMB WLTW WYNN XEL XRX XLNX XYL YUM ZBRA ZBH ZION ZTS
2020-12-31,997494787,2020-12-31T19:55:41+00:00,505,MMM ABT ABBV ABMD ACN ATVI ADBE AMD AAP AES AFL A APD AKAM ALK ALB ARE ALXN ALGN ALLE LNT ALL GOOGL GOOG MO AMZN AMCR AEE AAL AEP AXP AIG AMT AWK AMP ABC AME AMGN APH ADI ANSS ANTM AON AOS APA AAPL AMAT APTV ADM ANET AJG AIZ T ATO ADSK ADP AZO AVB AVY BKR BLL BAC BK BAX BDX BRK.B BBY BIO BIIB BLK BA BKNG BWA BXP BSX BMY AVGO BR BF.B CHRW COG CDNS CPB COF CAH KMX CCL CARR CTLT CAT CBOE CBRE CDW CE CNC CNP CERN CF SCHW CHTR CVX CMG CB CHD CI CINF CTAS CSCO C CFG CTXS CLX CME CMS KO CTSH CL CMCSA CMA CAG CXO COP ED STZ COO CPRT GLW CTVA COST CCI CSX CMI CVS DHI DHR DRI DVA DE DAL XRAY DVN DXCM FANG DLR DFS DISCA DISCK DISH DG DLTR D DPZ DOV DOW DTE DUK DRE DD DXC EMN ETN EBAY ECL EIX EW EA EMR ETR EOG EFX EQIX EQR ESS EL ETSY EVRG ES RE EXC EXPE EXPD EXR XOM FFIV FB FAST FRT FDX FIS FITB FE FRC FISV FLT FLIR FLS FMC F FTNT FTV FBHS FOXA FOX BEN FCX GPS GRMN IT GD GE GIS GM GPC GILD GL GPN GS GWW HAL HBI HIG HAS HCA PEAK HSIC HSY HES HPE HLT HFC HOLX HD HON HRL HST HWM HPQ HUM HBAN HII IEX IDXX INFO ITW ILMN INCY IR INTC ICE IBM IP IPG IFF INTU ISRG IVZ IPGP IQV IRM JKHY J JBHT SJM JNJ JCI JPM JNPR KSU K KEY KEYS KMB KIM KMI KLAC KHC KR LB LHX LH LRCX LW LVS LEG LDOS LEN LLY LNC LIN LYV LKQ LMT L LOW LUMN LYB MTB MRO MPC MKTX MAR MMC MLM MAS MA MKC MXIM MCD MCK MDT MRK MET MTD MGM MCHP MU MSFT MAA MHK TAP MDLZ MNST MCO MS MOS MSI MSCI NDAQ NOV NTAP NFLX NWL NEM NWSA NWS NEE NLSN NKE NI NSC NTRS NOC NLOK NCLH NRG NUE NVDA NVR ORLY OXY ODFL OMC OKE ORCL OTIS PCAR PKG PH PAYX PAYC PYPL PNR PBCT PEP PKI PRGO PFE PM PSX PNW PXD PNC POOL PPG PPL PFG PG PGR PLD PRU PEG PSA PHM PVH QRVO PWR QCOM DGX RL RJF RTX O REG REGN RF RSG RMD RHI ROK ROL ROP ROST RCL SPGI CRM SBAC SLB STX SEE SRE NOW SHW SPG SWKS SLG SNA SO LUV SWK SBUX STT STE SYK SIVB SYF SNPS SYY TMUS TROW TTWO TPR TGT TEL FTI TDY TFX TER TSLA TXN TXT TMO TIF TJX TSCO TT TDG TRV TFC TWTR TYL TSN UDR ULTA USB UAA UA UNP UAL UNH UPS URI UHS UNM VLO VAR VTR VRSN VRSK VZ VRTX VFC VIAC VTRS V VNT VNO VMC WRB WAB WMT WBA DIS WM WAT WEC WFC WELL WST WDC WU WRK WY WHR WMB WLTW WYNN XEL XRX XLNX XYL YUM ZBRA ZBH ZION ZTS
2021-01-31,1003675500,2021-01-30T03:44:00+00:00,505,MMM ABT ABBV ABMD ACN ATVI ADBE AMD AAP AES AFL A APD AKAM ALK ALB ARE ALXN ALGN ALLE LNT ALL GOOGL GOOG MO AMZN AMCR AEE AAL AEP AXP AIG AMT AWK AMP ABC AME AMGN APH ADI ANSS ANTM AON AOS APA AAPL AMAT APTV ADM ANET AJG AIZ T ATO ADSK ADP AZO AVB AVY BKR BLL BAC BK BAX BDX BRK.B BBY BIO BIIB BLK BA BKNG BWA BXP BSX BMY AVGO BR BF.B CHRW COG CDNS CPB COF CAH KMX CCL CARR CTLT CAT CBOE CBRE CDW CE CNC CNP CERN CF SCHW CHTR CVX CMG CB CHD CI CINF CTAS CSCO C CFG CTXS CLX CME CMS KO CTSH CL CMCSA CMA CAG COP ED STZ COO CPRT GLW CTVA COST CCI CSX CMI CVS DHI DHR DRI DVA DE DAL XRAY DVN DXCM FANG DLR DFS DISCA DISCK DISH DG DLTR D DPZ DOV DOW DTE DUK DRE DD DXC EMN ETN EBAY ECL EIX EW EA EMR ENPH ETR EOG EFX EQIX EQR ESS EL ETSY EVRG ES RE EXC EXPE EXPD EXR XOM FFIV FB FAST FRT FDX FIS FITB FE FRC FISV FLT FLIR FLS FMC F FTNT FTV FBHS FOXA FOX BEN FCX GPS GRMN IT GD GE GIS GM GPC GILD GL GPN GS GWW HAL HBI HIG HAS HCA PEAK HSIC HSY HES HPE HLT HFC HOLX HD HON HRL HST HWM HPQ HUM HBAN HII IEX IDXX INFO ITW ILMN INCY IR INTC ICE IBM IP IPG IFF INTU ISRG IVZ IPGP IQV IRM JKHY J JBHT SJM JNJ JCI JPM JNPR KSU K KEY KEYS KMB KIM KMI KLAC KHC KR LB LHX LH LRCX LW LVS LEG LDOS LEN LLY LNC LIN LYV LKQ LMT L LOW LUMN LYB MTB MRO MPC MKTX MAR MMC MLM MAS MA MKC MXIM MCD MCK MDT MRK MET MTD MGM MCHP MU MSFT MAA MHK TAP MDLZ MNST MCO MS MOS MSI MSCI NDAQ NTAP NFLX NWL NEM NWSA NWS NEE NLSN NKE NI NSC NTRS NOC NLOK NCLH NOV NRG NUE NVDA NVR ORLY OXY ODFL OMC OKE ORCL OTIS PCAR PKG PH PAYX PAYC PYPL PNR PBCT PEP PKI PRGO PFE PM PSX PNW PXD PNC POOL PPG PPL PFG PG PGR PLD PRU PEG PSA PHM PVH QRVO PWR QCOM DGX RL RJF RTX O REG REGN RF RSG RMD RHI ROK ROL ROP ROST RCL SPGI CRM SBAC SLB STX SEE SRE NOW SHW SPG SWKS SLG SNA SO LUV SWK SBUX STT STE SYK SIVB SYF SNPS SYY TMUS TROW TTWO TPR TGT TEL FTI TDY TFX TER TSLA TXN TXT TMO TJX TSCO TT TDG TRV TRMB TFC TWTR TYL TSN UDR ULTA USB UAA UA UNP UAL UNH UPS URI UHS UNM VLO VAR VTR VRSN VRSK VZ VRTX VFC VIAC VTRS V VNT VNO VMC WRB WAB WMT WBA DIS WM WAT WEC WFC WELL WST WDC WU WRK WY WHR WMB WLTW WYNN XEL XRX XLNX XYL YUM ZBRA ZBH ZION ZTS
2021-02-28,1009336661,2021-02-28T01:39:30+00:00,505,MMM ABT ABBV ABMD ACN ATVI ADBE AMD AAP AES AFL A APD AKAM ALK ALB ARE ALXN ALGN ALLE LNT ALL GOOGL GOOG MO AMZN AMCR AEE AAL AEP AXP AIG AMT AWK AMP ABC AME AMGN APH ADI ANSS ANTM AON AOS APA AAPL AMAT APTV ADM ANET AJG AIZ T ATO ADSK ADP AZO AVB AVY BKR BLL BAC BK BAX BDX BRK.B BBY BIO BIIB BLK BA BKNG BWA BXP BSX BMY AVGO BR BF.B CHRW COG CDNS CPB COF CAH KMX CCL CARR CTLT CAT CBOE CBRE CDW CE CNC CNP CERN CF SCHW CHTR CVX CMG CB CHD CI CINF CTAS CSCO C CFG CTXS CLX CME CMS KO CTSH CL CMCSA CMA CAG COP ED STZ COO CPRT GLW CTVA COST CCI CSX CMI CVS DHI DHR DRI DVA DE DAL XRAY DVN DXCM FANG DLR DFS DISCA DISCK DISH DG DLTR D DPZ DOV DOW DTE DUK DRE DD DXC EMN ETN EBAY ECL EIX EW EA EMR ENPH ETR EOG EFX EQIX EQR ESS EL ETSY EVRG ES RE EXC EXPE EXPD EXR XOM FFIV FB FAST FRT FDX FIS FITB FE FRC FISV FLT FLIR FLS FMC F FTNT FTV FBHS FOXA FOX BEN FCX GPS GRMN IT GD GE GIS GM GPC GILD GL GPN GS GWW HAL HBI HIG HAS HCA PEAK HSIC HSY HES HPE HLT HFC HOLX HD HON HRL HST HWM HPQ HUM HBAN HII IEX IDXX INFO ITW ILMN INCY IR INTC ICE IBM IP IPG IFF INTU ISRG IVZ IPGP IQV IRM JKHY J JBHT SJM JNJ JCI JPM JNPR KSU K KEY KEYS KMB KIM KMI KLAC KHC KR LB LHX LH LRCX LW LVS LEG LDOS LEN LLY LNC LIN LYV LKQ LMT L LOW LUMN LYB MTB MRO MPC MKTX MAR MMC MLM MAS MA MKC MXIM MCD MCK MDT MRK MET MTD MGM MCHP MU MSFT MAA MHK TAP MDLZ MPWR MNST MCO MS MOS MSI MSCI NDAQ NTAP NFLX NWL NEM NWSA NWS NEE NLSN NKE NI NSC NTRS NOC NLOK NCLH NOV NRG NUE NVDA NVR ORLY OXY ODFL OMC OKE ORCL OTIS PCAR PKG PH PAYX PAYC PYPL PNR PBCT PEP PKI PRGO PFE PM PSX PNW PXD PNC POOL PPG PPL PFG PG PGR PLD PRU PEG PSA PHM PVH QRVO PWR QCOM DGX RL RJF RTX O REG REGN RF RSG RMD RHI ROK ROL ROP ROST RCL SPGI CRM SBAC SLB STX SEE SRE NOW SHW SPG SWKS SLG SNA SO LUV SWK SBUX STT STE SYK SIVB SYF SNPS SYY TMUS TROW TTWO TPR TGT TEL TDY TFX TER TSLA TXN TXT TMO TJX TSCO TT TDG TRV TRMB TFC TWTR TYL TSN UDR ULTA USB UAA UA UNP UAL UNH UPS URI UHS UNM VLO VAR VTR VRSN VRSK VZ VRTX VFC VIAC VTRS V VNT VNO VMC WRB WAB WMT WBA DIS WM WAT WEC WFC WELL WST WDC WU WRK WY WHR WMB WLTW WYNN XEL XRX XLNX XYL YUM ZBRA ZBH ZION ZTS
2021-03-31,1014924736,2021-03-29T19:48:21+00:00,505,MMM ABT ABBV ABMD ACN ATVI ADBE AMD AAP AES AFL A APD AKAM ALK ALB ARE ALXN ALGN ALLE LNT ALL GOOGL GOOG MO AMZN AMCR AEE AAL AEP AXP AIG AMT AWK AMP ABC AME AMGN APH ADI ANSS ANTM AON AOS APA AAPL AMAT APTV ADM ANET AJG AIZ T ATO ADSK ADP AZO AVB AVY BKR BLL BAC BK BAX BDX BRK.B BBY BIO BIIB BLK BA BKNG BWA BXP BSX BMY AVGO BR BF.B CHRW COG CDNS CZR CPB COF CAH KMX CCL CARR CTLT CAT CBOE CBRE CDW CE CNC CNP CERN CF SCHW CHTR CVX CMG CB CHD CI CINF CTAS CSCO C CFG CTXS CLX CME CMS KO CTSH CL CMCSA CMA CAG COP ED STZ COO CPRT GLW CTVA COST CCI CSX CMI CVS DHI DHR DRI DVA DE DAL XRAY DVN DXCM FANG DLR DFS DISCA DISCK DISH DG DLTR D DPZ DOV DOW DTE DUK DRE DD DXC EMN ETN EBAY ECL EIX EW EA EMR ENPH ETR EOG EFX EQIX EQR ESS EL ETSY EVRG ES RE EXC EXPE EXPD EXR XOM FFIV FB FAST FRT FDX FIS FITB FE FRC FISV FLT FLIR FMC F FTNT FTV FBHS FOXA FOX BEN FCX GPS GRMN IT GNRC GD GE GIS GM GPC GILD GL GPN GS GWW HAL HBI HIG HAS HCA PEAK HSIC HSY HES HPE HLT HFC HOLX HD HON HRL HST HWM HPQ HUM HBAN HII IEX IDXX INFO ITW ILMN INCY IR INTC ICE IBM IP IPG IFF INTU ISRG IVZ IPGP IQV IRM JKHY J JBHT SJM JNJ JCI JPM JNPR KSU K KEY KEYS KMB KIM KMI KLAC KHC KR LB LHX LH LRCX LW LVS LEG LDOS LEN LLY LNC LIN LYV LKQ LMT L LOW LUMN LYB MTB MRO MPC MKTX MAR MMC MLM MAS MA MKC MXIM MCD MCK MDT MRK MET MTD MGM MCHP MU MSFT MAA MHK TAP MDLZ MPWR MNST MCO MS MOS MSI MSCI NDAQ NTAP NFLX NWL NEM NWSA NWS NEE NLSN NKE NI NSC NTRS NOC NLOK NCLH NOV NRG NUE NVDA NVR NXPI ORLY OXY ODFL OMC OKE ORCL OTIS PCAR PKG PH PAYX PAYC PYPL PENN PNR PBCT PEP PKI PRGO PFE PM PSX PNW PXD PNC POOL PPG PPL PFG PG PGR PLD PRU PEG PSA PHM PVH QRVO PWR QCOM DGX RL RJF RTX O REG REGN RF RSG RMD RHI ROK ROL ROP ROST RCL SPGI CRM SBAC SLB STX SEE SRE NOW SHW SPG SWKS SNA SO LUV SWK SBUX STT STE SYK SIVB SYF SNPS SYY TMUS TROW TTWO TPR TGT TEL TDY TFX TER TSLA TXN TXT TMO TJX TSCO TT TDG TRV TRMB TFC TWTR TYL TSN UDR ULTA USB UAA UA UNP UAL UNH UPS URI UHS UNM VLO VAR VTR VRSN VRSK VZ VRTX VFC VIAC VTRS V VNO VMC WRB WAB WMT WBA DIS WM WAT WEC WFC WELL WST WDC WU WRK WY WHR WMB WLTW WYNN XEL XLNX XYL YUM ZBRA ZBH ZION ZTS
2021-04-30,1019447802,2021-04-23T11:42:25+00:00,505,MMM ABT ABBV ABMD ACN ATVI ADBE AMD AAP AES AFL A APD AKAM ALK ALB ARE ALXN ALGN ALLE LNT ALL GOOGL GOOG MO AMZN AMCR AEE AAL AEP AXP AIG AMT AWK AMP ABC AME AMGN APH ADI ANSS ANTM AON AOS APA AAPL AMAT APTV ADM ANET AJG AIZ T ATO ADSK ADP AZO AVB AVY BKR BLL BAC BK BAX BDX BRK.B BBY BIO BIIB BLK BA BKNG BWA BXP BSX BMY AVGO BR BF.B CHRW COG CDNS CZR CPB COF CAH KMX CCL CARR CTLT CAT CBOE CBRE CDW CE CNC CNP CERN CF SCHW CHTR CVX CMG CB CHD CI CINF CTAS CSCO C CFG CTXS CLX CME CMS KO CTSH CL CMCSA CMA CAG COP ED STZ COO CPRT GLW CTVA COST CCI CSX CMI CVS DHI DHR DRI DVA DE DAL XRAY DVN DXCM FANG DLR DFS DISCA DISCK DISH DG DLTR D DPZ DOV DOW DTE DUK DRE DD DXC EMN ETN EBAY ECL EIX EW EA EMR ENPH ETR EOG EFX EQIX EQR ESS EL ETSY EVRG ES RE EXC EXPE EXPD EXR XOM FFIV FB FAST FRT FDX FIS FITB FE FRC FISV FLT FLIR FMC F FTNT FTV FBHS FOXA FOX BEN FCX GPS GRMN IT GNRC GD GE GIS GM GPC GILD GL GPN GS GWW HAL HBI HIG HAS HCA PEAK HSIC HSY HES HPE HLT HFC HOLX HD HON HRL HST HWM HPQ HUM HBAN HII IEX IDXX INFO ITW ILMN INCY IR INTC ICE IBM IP IPG IFF INTU ISRG IVZ IPGP IQV IRM JKHY J JBHT SJM JNJ JCI JPM JNPR KSU K KEY KEYS KMB KIM KMI KLAC KHC KR LB LHX LH LRCX LW LVS LEG LDOS LEN LLY LNC LIN LYV LKQ LMT L LOW LUMN LYB MTB MRO MPC MKTX MAR MMC MLM MAS MA MKC MXIM MCD MCK MDT MRK MET MTD MGM MCHP MU MSFT MAA MHK TAP MDLZ MPWR MNST MCO MS MOS MSI MSCI NDAQ NTAP NFLX NWL NEM NWSA NWS NEE NLSN NKE NI NSC NTRS NOC NLOK NCLH NOV NRG NUE NVDA NVR NXPI ORLY OXY ODFL OMC OKE ORCL OTIS PCAR PKG PH PAYX PAYC PYPL PENN PNR PBCT PEP PKI PRGO PFE PM PSX PNW PXD PNC POOL PPG PPL PFG PG PGR PLD PRU PTC PEG PSA PHM PVH QRVO PWR QCOM DGX RL RJF RTX O REG REGN RF RSG RMD RHI ROK ROL ROP ROST RCL SPGI CRM SBAC SLB STX SEE SRE NOW SHW SPG SWKS SNA SO LUV SWK SBUX STT STE SYK SIVB SYF SNPS SYY TMUS TROW TTWO TPR TGT TEL TDY TFX TER TSLA TXN TXT TMO TJX TSCO TT TDG TRV TRMB TFC TWTR TYL TSN UDR ULTA USB UAA UA UNP UAL UNH UPS URI UHS UNM VLO VTR VRSN VRSK VZ VRTX VFC VIAC VTRS V VNO VMC WRB WAB WMT WBA DIS WM WAT WEC WFC WELL WST WDC WU WRK WY WHR WMB WLTW WYNN XEL XLNX XYL YUM ZBRA ZBH ZION ZTS
2021-05-31,1025307873,2021-05-26T21:33:15+00:00,505,MMM ABT ABBV ABMD ACN ATVI ADBE AMD AAP AES AFL A APD AKAM ALK ALB ARE ALXN ALGN ALLE LNT ALL GOOGL GOOG MO AMZN AMCR AEE AAL AEP AXP AIG AMT AWK AMP ABC AME AMGN APH ADI ANSS ANTM AON AOS APA AAPL AMAT APTV ADM ANET AJG AIZ T ATO ADSK ADP AZO AVB AVY BKR BLL BAC BK BAX BDX BRK.B BBY BIO BIIB BLK BA BKNG BWA BXP BSX BMY AVGO BR BF.B CHRW COG CDNS CZR CPB COF CAH KMX CCL CARR CTLT CAT CBOE CBRE CDW CE CNC CNP CERN CF CRL SCHW CHTR CVX CMG CB CHD CI CINF CTAS CSCO C CFG CTXS CLX CME CMS KO CTSH CL CMCSA CMA CAG COP ED STZ COO CPRT GLW CTVA COST CCI CSX CMI CVS DHI DHR DRI DVA DE DAL XRAY DVN DXCM FANG DLR DFS DISCA DISCK DISH DG DLTR D DPZ DOV DOW DTE DUK DRE DD DXC EMN ETN EBAY ECL EIX EW EA EMR ENPH ETR EOG EFX EQIX EQR ESS EL ETSY EVRG ES RE EXC EXPE EXPD EXR XOM FFIV FB FAST FRT FDX FIS FITB FE FRC FISV FLT FMC F FTNT FTV FBHS FOXA FOX BEN FCX GPS GRMN IT GNRC GD GE GIS GM GPC GILD GL GPN GS GWW HAL HBI HIG HAS HCA PEAK HSIC HSY HES HPE HLT HFC HOLX HD HON HRL HST HWM HPQ HUM HBAN HII IEX IDXX INFO ITW ILMN INCY IR INTC ICE IBM IP IPG IFF INTU ISRG IVZ IPGP IQV IRM JKHY J JBHT SJM JNJ JCI JPM JNPR KSU K KEY KEYS KMB KIM KMI KLAC KHC KR LB LHX LH LRCX LW LVS LEG LDOS LEN LLY LNC LIN LYV LKQ LMT L LOW LUMN LYB MTB MRO MPC MKTX MAR MMC MLM MAS MA MKC MXIM MCD MCK MDT MRK MET MTD MGM MCHP MU MSFT MAA MHK TAP MDLZ MPWR MNST MCO MS MOS MSI MSCI NDAQ NTAP NFLX NWL NEM NWSA NWS NEE NLSN NKE NI NSC NTRS NOC NLOK NCLH NOV NRG NUE NVDA NVR NXPI ORLY OXY ODFL OMC OKE ORCL OTIS PCAR PKG PH PAYX PAYC PYPL PENN PNR PBCT PEP PKI PRGO PFE PM PSX PNW PXD PNC POOL PPG PPL PFG PG PGR PLD PRU PTC PEG PSA PHM PVH QRVO PWR QCOM DGX RL RJF RTX O REG REGN RF RSG RMD RHI ROK ROL ROP ROST RCL SPGI CRM SBAC SLB STX SEE SRE NOW SHW SPG SWKS SNA SO LUV SWK SBUX STT STE SYK SIVB SYF SNPS SYY TMUS TROW TTWO TPR TGT TEL TDY TFX TER TSLA TXN TXT TMO TJX TSCO TT TDG TRV TRMB TFC TWTR TYL TSN UDR ULTA USB UAA UA UNP UAL UNH UPS URI UHS UNM VLO VTR VRSN VRSK VZ VRTX VFC VIAC VTRS V VNO VMC WRB WAB WMT WBA DIS WM WAT WEC WFC WELL WST WDC WU WRK WY WHR WMB WLTW WYNN XEL XLNX XYL YUM ZBRA ZBH ZION ZTS
2021-06-30,1030573330,2021-06-26T19:47:51+00:00,505,MMM ABT ABBV ABMD ACN ATVI ADBE AMD AAP AES AFL A APD AKAM ALK ALB ARE ALXN ALGN ALLE LNT ALL GOOGL GOOG MO AMZN AMCR AEE AAL AEP AXP AIG AMT AWK AMP ABC AME AMGN APH ADI ANSS ANTM AON AOS APA AAPL AMAT APTV ADM ANET AJG AIZ T ATO ADSK ADP AZO AVB AVY BKR BLL BAC BK BAX BDX BRK.B BBY BIO BIIB BLK BA BKNG BWA BXP BSX BMY AVGO BR BF.B CHRW COG CDNS CZR CPB COF CAH KMX CCL CARR CTLT CAT CBOE CBRE CDW CE CNC CNP CERN CF CRL SCHW CHTR CVX CMG CB CHD CI CINF CTAS CSCO C CFG CTXS CLX CME CMS KO CTSH CL CMCSA CMA CAG COP ED STZ COO CPRT GLW CTVA COST CCI CSX CMI CVS DHI DHR DRI DVA DE DAL XRAY DVN DXCM FANG DLR DFS DISCA DISCK DISH DG DLTR D DPZ DOV DOW DTE DUK DRE DD DXC EMN ETN EBAY ECL EIX EW EA EMR ENPH ETR EOG EFX EQIX EQR ESS EL ETSY EVRG ES RE EXC EXPE EXPD EXR XOM FFIV FB FAST FRT FDX FIS FITB FE FRC FISV FLT FMC F FTNT FTV FBHS FOXA FOX BEN FCX GPS GRMN IT GNRC GD GE GIS GM GPC GILD GL GPN GS GWW HAL HBI HIG HAS HCA PEAK HSIC HSY HES HPE HLT HOLX HD HON HRL HST HWM HPQ HUM HBAN HII IEX IDXX INFO ITW ILMN INCY IR INTC ICE IBM IP IPG IFF INTU ISRG IVZ IPGP IQV IRM JKHY J JBHT SJM JNJ JCI JPM JNPR KSU K KEY KEYS KMB KIM KMI KLAC KHC KR LB LHX LH LRCX LW LVS LEG LDOS LEN LLY LNC LIN LYV LKQ LMT L LOW LUMN LYB MTB MRO MPC MKTX MAR MMC MLM MAS MA MKC MXIM MCD MCK MDT MRK MET MTD MGM MCHP MU MSFT MAA MHK TAP MDLZ MPWR MNST MCO MS MOS MSI MSCI NDAQ NTAP NFLX NWL NEM NWSA NWS NEE NLSN NKE NI NSC NTRS NOC NLOK NCLH NOV NRG NUE NVDA NVR NXPI ORLY OXY ODFL OMC OKE ORCL OGN OTIS PCAR PKG PH PAYX PAYC PYPL PENN PNR PBCT PEP PKI PRGO PFE PM PSX PNW PXD PNC POOL PPG PPL PFG PG PGR PLD PRU PTC PEG PSA PHM PVH QRVO PWR QCOM DGX RL RJF RTX O REG REGN RF RSG RMD RHI ROK ROL ROP ROST RCL SPGI CRM SBAC SLB STX SEE SRE NOW SHW SPG SWKS SNA SO LUV SWK SBUX STT STE SYK SIVB SYF SNPS SYY TMUS TROW TTWO TPR TGT TEL TDY TFX TER TSLA TXN TXT TMO TJX TSCO TT TDG TRV TRMB TFC TWTR TYL TSN UDR ULTA USB UAA UA UNP UAL UNH UPS URI UHS UNM VLO VTR VRSN VRSK VZ VRTX VFC VIAC VTRS V VNO VMC WRB WAB WMT WBA DIS WM WAT WEC WFC WELL WST WDC WU WRK WY WHR WMB WLTW WYNN XEL XLNX XYL YUM ZBRA ZBH ZION ZTS
2021-07-31,1034925865,2021-07-22T16:10:28+00:00,505,MMM ABT ABBV ABMD ACN ATVI ADBE AMD AAP AES AFL A APD AKAM ALK ALB ARE ALGN ALLE LNT ALL GOOGL GOOG MO AMZN AMCR AEE AAL AEP AXP AIG AMT AWK AMP ABC AME AMGN APH ADI ANSS ANTM AON AOS APA AAPL AMAT APTV ADM ANET AJG AIZ T ATO ADSK ADP AZO AVB AVY BKR BLL BAC BK BAX BDX BRK.B BBY BIO BIIB BLK BA BKNG BWA BXP BSX BMY AVGO BR BF.B CHRW COG CDNS CZR CPB COF CAH KMX CCL CARR CTLT CAT CBOE CBRE CDW CE CNC CNP CERN CF CRL SCHW CHTR CVX CMG CB CHD CI CINF CTAS CSCO C CFG CTXS CLX CME CMS KO CTSH CL CMCSA CMA CAG COP ED STZ COO CPRT GLW CTVA COST CCI CSX CMI CVS DHI DHR DRI DVA DE DAL XRAY DVN DXCM FANG DLR DFS DISCA DISCK DISH DG DLTR D DPZ DOV DOW DTE DUK DRE DD DXC EMN ETN EBAY ECL EIX EW EA EMR ENPH ETR EOG EFX EQIX EQR ESS EL ETSY EVRG ES RE EXC EXPE EXPD EXR XOM FFIV FB FAST FRT FDX FIS FITB FE FRC FISV FLT FMC F FTNT FTV FBHS FOXA FOX BEN FCX GPS GRMN IT GNRC GD GE GIS GM GPC GILD GL GPN GS GWW HAL HBI HIG HAS HCA PEAK HSIC HSY HES HPE HLT HOLX HD HON HRL HST HWM HPQ HUM HBAN HII IEX IDXX INFO ITW ILMN INCY IR INTC ICE IBM IP IPG IFF INTU ISRG IVZ IPGP IQV IRM JKHY J JBHT SJM JNJ JCI JPM JNPR KSU K KEY KEYS KMB KIM KMI KLAC KHC KR LB LHX LH LRCX LW LVS LEG LDOS LEN LLY LNC LIN LYV LKQ LMT L LOW LUMN LYB MTB MRO MPC MKTX MAR MMC MLM MAS MA MKC MXIM MCD MCK MDT MRK MET MTD MGM MCHP MU MSFT MAA MRNA MHK TAP MDLZ MPWR MNST MCO MS MOS MSI MSCI NDAQ NTAP NFLX NWL NEM NWSA NWS NEE NLSN NKE NI NSC NTRS NOC NLOK NCLH NOV NRG NUE NVDA NVR NXPI ORLY OXY ODFL OMC OKE ORCL OGN OTIS PCAR PKG PH PAYX PAYC PYPL PENN PNR PBCT PEP PKI PRGO PFE PM PSX PNW PXD PNC POOL PPG PPL PFG PG PGR PLD PRU PTC PEG PSA PHM PVH QRVO PWR QCOM DGX RL RJF RTX O REG REGN RF RSG RMD RHI ROK ROL ROP ROST RCL SPGI CRM SBAC SLB STX SEE SRE NOW SHW SPG SWKS SNA SO LUV SWK SBUX STT STE SYK SIVB SYF SNPS SYY TMUS TROW TTWO TPR TGT TEL TDY TFX TER TSLA TXN TXT TMO TJX TSCO TT TDG TRV TRMB TFC TWTR TYL TSN UDR ULTA USB UAA UA UNP UAL UNH UPS URI UHS UNM VLO VTR VRSN VRSK VZ VRTX VFC VIAC VTRS V VNO VMC WRB WAB WMT WBA DIS WM WAT WEC WFC WELL WST WDC WU WRK WY WHR WMB WLTW WYNN XEL XLNX XYL YUM ZBRA ZBH ZION ZTS
2021-08-31,1041124731,2021-08-28T18:25:49+00:00,505,MMM ABT ABBV ABMD ACN ATVI ADBE AMD AAP AES AFL A APD AKAM ALK ALB ARE ALGN ALLE LNT ALL GOOGL GOOG MO AMZN AMCR AEE AAL AEP AXP AIG AMT AWK AMP ABC AME AMGN APH ADI ANSS ANTM AON AOS APA AAPL AMAT APTV ADM ANET AJG AIZ T ATO ADSK ADP AZO AVB AVY BKR BLL BAC BBWI BAX BDX BRK.B BBY BIO TECH BIIB BLK BK BA BKNG BWA BXP BSX BMY AVGO BR BF.B CHRW COG CDNS CZR CPB COF CAH KMX CCL CARR CTLT CAT CBOE CBRE CDW CE CNC CNP CERN CF CRL SCHW CHTR CVX CMG CB CHD CI CINF CTAS CSCO C CFG CTXS CLX CME CMS KO CTSH CL CMCSA CMA CAG COP ED STZ COO CPRT GLW CTVA COST CCI CSX CMI CVS DHI DHR DRI DVA DE DAL XRAY DVN DXCM FANG DLR DFS DISCA DISCK DISH DG DLTR D DPZ DOV DOW DTE DUK DRE DD DXC EMN ETN EBAY ECL EIX EW EA EMR ENPH ETR EOG EFX EQIX EQR ESS EL ETSY EVRG ES RE EXC EXPE EXPD EXR XOM FFIV FB FAST FRT FDX FIS FITB FE FRC FISV FLT FMC F FTNT FTV FBHS FOXA FOX BEN FCX GPS GRMN IT GNRC GD GE GIS GM GPC GILD GL GPN GS GWW HAL HBI HIG HAS HCA PEAK HSIC HSY HES HPE HLT HOLX HD HON HRL HST HWM HPQ HUM HBAN HII IEX IDXX INFO ITW ILMN INCY IR INTC ICE IBM IP IPG IFF INTU ISRG IVZ IPGP IQV IRM JKHY J JBHT SJM JNJ JCI JPM JNPR KSU K KEY KEYS KMB KIM KMI KLAC KHC KR LHX LH LRCX LW LVS LEG LDOS LEN LLY LNC LIN LYV LKQ LMT L LOW LUMN LYB MTB MRO MPC MKTX MAR MMC MLM MAS MA MKC MCD MCK MDT MRK MET MTD MGM MCHP MU MSFT MAA MRNA MHK TAP MDLZ MPWR MNST MCO MS MOS MSI MSCI NDAQ NTAP NFLX NWL NEM NWSA NWS NEE NLSN NKE NI NSC NTRS NOC NLOK NCLH NOV NRG NUE NVDA NVR NXPI ORLY OXY ODFL OMC OKE ORCL OGN OTIS PCAR PKG PH PAYX PAYC PYPL PENN PNR PBCT PEP PKI PRGO PFE PM PSX PNW PXD PNC POOL PPG PPL PFG PG PGR PLD PRU PTC PEG PSA PHM PVH QRVO PWR QCOM DGX RL RJF RTX O REG REGN RF RSG RMD RHI ROK ROL ROP ROST RCL SPGI CRM SBAC SLB STX SEE SRE NOW SHW SPG SWKS SNA SO LUV SWK SBUX STT STE SYK SIVB SYF SNPS SYY TMUS TROW TTWO TPR TGT TEL TDY TFX TER TSLA TXN TXT TMO TJX TSCO TT TDG TRV TRMB TFC TWTR TYL TSN UDR ULTA USB UAA UA UNP UAL UNH UPS URI UHS UNM VLO VTR VRSN VRSK VZ VRTX VFC VIAC VTRS V VNO VMC WRB WAB WMT WBA DIS WM WAT WEC WFC WELL WST WDC WU WRK WY WHR WMB WLTW WYNN XEL XLNX XYL YUM ZBRA ZBH ZION ZTS
2021-09-30,1046858083,2021-09-27T19:26:07+00:00,505,MMM ABT ABBV ABMD ACN ATVI ADBE AMD AAP AES AFL A APD AKAM ALK ALB ARE ALGN ALLE LNT ALL GOOGL GOOG MO AMZN AMCR AEE AAL AEP AXP AIG AMT AWK AMP ABC AME AMGN APH ADI ANSS ANTM AON AOS APA AAPL AMAT APTV ADM ANET AJG AIZ T ATO ADSK ADP AZO AVB AVY BKR BLL BAC BBWI BAX BDX BRK.B BBY BIO TECH BIIB BLK BK BA BKNG BWA BXP BSX BMY AVGO BR BRO BF.B CHRW COG CDNS CZR CPB COF CAH KMX CCL CARR CTLT CAT CBOE CBRE CDW CE CNC CNP CDAY CERN CF CRL SCHW CHTR CVX CMG CB CHD CI CINF CTAS CSCO C CFG CTXS CLX CME CMS KO CTSH CL CMCSA CMA CAG COP ED STZ COO CPRT GLW CTVA COST CCI CSX CMI CVS DHI DHR DRI DVA DE DAL XRAY DVN DXCM FANG DLR DFS DISCA DISCK DISH DG DLTR D DPZ DOV DOW DTE DUK DRE DD DXC EMN ETN EBAY ECL EIX EW EA EMR ENPH ETR EOG EFX EQIX EQR ESS EL ETSY EVRG ES RE EXC EXPE EXPD EXR XOM FFIV FB FAST FRT FDX FIS FITB FE FRC FISV FLT FMC F FTNT FTV FBHS FOXA FOX BEN FCX GPS GRMN IT GNRC GD GE GIS GM GPC GILD GL GPN GS GWW HAL HBI HIG HAS HCA PEAK HSIC HSY HES HPE HLT HOLX HD HON HRL HST HWM HPQ HUM HBAN HII IEX IDXX INFO ITW ILMN INCY IR INTC ICE IBM IP IPG IFF INTU ISRG IVZ IPGP IQV IRM JKHY J JBHT SJM JNJ JCI JPM JNPR KSU K KEY KEYS KMB KIM KMI KLAC KHC KR LHX LH LRCX LW LVS LEG LDOS LEN LLY LNC LIN LYV LKQ LMT L LOW LUMN LYB MTB MRO MPC MKTX MAR MMC MLM MAS MA MTCH MKC MCD MCK MDT MRK MET MTD MGM MCHP MU MSFT MAA MRNA MHK TAP MDLZ MPWR MNST MCO MS MOS MSI MSCI NDAQ NTAP NFLX NWL NEM NWSA NWS NEE NLSN NKE NI NSC NTRS NOC NLOK NCLH NRG NUE NVDA NVR NXPI ORLY OXY ODFL OMC OKE ORCL OGN OTIS PCAR PKG PH PAYX PAYC PYPL PENN PNR PBCT PEP PKI PFE PM PSX PNW PXD PNC POOL PPG PPL PFG PG PGR PLD PRU PTC PEG PSA PHM PVH QRVO PWR QCOM DGX RL RJF RTX O REG REGN RF RSG RMD RHI ROK ROL ROP ROST RCL SPGI CRM SBAC SLB STX SEE SRE NOW SHW SPG SWKS SNA SO LUV SWK SBUX STT STE SYK SIVB SYF SNPS SYY TMUS TROW TTWO TPR TGT TEL TDY TFX TER TSLA TXN TXT TMO TJX TSCO TT TDG TRV TRMB TFC TWTR TYL TSN UDR ULTA USB UAA UA UNP UAL UNH UPS URI UHS VLO VTR VRSN VRSK VZ VRTX VFC VIAC VTRS V VNO VMC WRB WAB WMT WBA DIS WM WAT WEC WFC WELL WST WDC WU WRK WY WHR WMB WLTW WYNN XEL XLNX XYL YUM ZBRA ZBH ZION ZTS
2021-10-31,1052601537,2021-10-30T02:53:07+00:00,505,MMM ABT ABBV ABMD ACN ATVI ADBE AMD AAP AES AFL A APD AKAM ALK ALB ARE ALGN ALLE LNT ALL GOOGL GOOG MO AMZN AMCR AEE AAL AEP AXP AIG AMT AWK AMP ABC AME AMGN APH ADI ANSS ANTM AON AOS APA AAPL AMAT APTV ADM ANET AJG AIZ T ATO ADSK ADP AZO AVB AVY BKR BLL BAC BBWI BAX BDX BRK.B BBY BIO TECH BIIB BLK BK BA BKNG BWA BXP BSX BMY AVGO BR BRO BF.B CHRW CDNS CZR CPB COF CAH KMX CCL CARR CTLT CAT CBOE CBRE CDW CE CNC CNP CDAY CERN CF CRL SCHW CHTR CVX CMG CB CHD CI CINF CTAS CSCO C CFG CTXS CLX CME CMS KO CTSH CL CMCSA CMA CAG COP ED STZ COO CPRT GLW CTVA COST CTRA CCI CSX CMI CVS DHI DHR DRI DVA DE DAL XRAY DVN DXCM FANG DLR DFS DISCA DISCK DISH DG DLTR D DPZ DOV DOW DTE DUK DRE DD DXC EMN ETN EBAY ECL EIX EW EA EMR ENPH ETR EOG EFX EQIX EQR ESS EL ETSY EVRG ES RE EXC EXPE EXPD EXR XOM FFIV FB FAST FRT FDX FIS FITB FE FRC FISV FLT FMC F FTNT FTV FBHS FOXA FOX BEN FCX GPS GRMN IT GNRC GD GE GIS GM GPC GILD GL GPN GS GWW HAL HBI HIG HAS HCA PEAK HSIC HSY HES HPE HLT HOLX HD HON HRL HST HWM HPQ HUM HBAN HII IEX IDXX INFO ITW ILMN INCY IR INTC ICE IBM IP IPG IFF INTU ISRG IVZ IPGP IQV IRM JKHY J JBHT SJM JNJ JCI JPM JNPR KSU K KEY KEYS KMB KIM KMI KLAC KHC KR LHX LH LRCX LW LVS LEG LDOS LEN LLY LNC LIN LYV LKQ LMT L LOW LUMN LYB MTB MRO MPC MKTX MAR MMC MLM MAS MA MTCH MKC MCD MCK MDT MRK MET MTD MGM MCHP MU MSFT MAA MRNA MHK TAP MDLZ MPWR MNST MCO MS MOS MSI MSCI NDAQ NTAP NFLX NWL NEM NWSA NWS NEE NLSN NKE NI NSC NTRS NOC NLOK NCLH NRG NUE NVDA NVR NXPI ORLY OXY ODFL OMC OKE ORCL OGN OTIS PCAR PKG PH PAYX PAYC PYPL PENN PNR PBCT PEP PKI PFE PM PSX PNW PXD PNC POOL PPG PPL PFG PG PGR PLD PRU PTC PEG PSA PHM PVH QRVO PWR QCOM DGX RL RJF RTX O REG REGN RF RSG RMD RHI ROK ROL ROP ROST RCL SPGI CRM SBAC SLB STX SEE SRE NOW SHW SPG SWKS SNA SO LUV SWK SBUX STT STE SYK SIVB SYF SNPS SYY TMUS TROW TTWO TPR TGT TEL TDY TFX TER TSLA TXN TXT TMO TJX TSCO TT TDG TRV TRMB TFC TWTR TYL TSN UDR ULTA USB UAA UA UNP UAL UNH UPS URI UHS VLO VTR VRSN VRSK VZ VRTX VFC VIAC VTRS V VNO VMC WRB WAB WMT WBA DIS WM WAT WEC WFC WELL WST WDC WU WRK WY WHR WMB WLTW WYNN XEL XLNX XYL YUM ZBRA ZBH ZION ZTS
2021-11-30,1057954438,2021-11-30T16:42:06+00:00,505,MMM ABT ABBV ABMD ACN ATVI ADBE AMD AAP AES AFL A APD AKAM ALK ALB ARE ALGN ALLE LNT ALL GOOGL GOOG MO AMZN AMCR AEE AAL AEP AXP AIG AMT AWK AMP ABC AME AMGN APH ADI ANSS ANTM AON AOS APA AAPL AMAT APTV ADM ANET AJG AIZ T ATO ADSK ADP AZO AVB AVY BKR BLL BAC BBWI BAX BDX BRK.B BBY BIO TECH BIIB BLK BK BA BKNG BWA BXP BSX BMY AVGO BR BRO BF.B CHRW CDNS CZR CPB COF CAH KMX CCL CARR CTLT CAT CBOE CBRE CDW CE CNC CNP CDAY CERN CF CRL SCHW CHTR CVX CMG CB CHD CI CINF CTAS CSCO C CFG CTXS CLX CME CMS KO CTSH CL CMCSA CMA CAG COP ED STZ COO CPRT GLW CTVA COST CTRA CCI CSX CMI CVS DHI DHR DRI DVA DE DAL XRAY DVN DXCM FANG DLR DFS DISCA DISCK DISH DG DLTR D DPZ DOV DOW DTE DUK DRE DD DXC EMN ETN EBAY ECL EIX EW EA EMR ENPH ETR EOG EFX EQIX EQR ESS EL ETSY EVRG ES RE EXC EXPE EXPD EXR XOM FFIV FAST FRT FDX FIS FITB FE FRC FISV FLT FMC F FTNT FTV FBHS FOXA FOX BEN FCX GPS GRMN IT GNRC GD GE GIS GM GPC GILD GL GPN GS GWW HAL HBI HIG HAS HCA PEAK HSIC HSY HES HPE HLT HOLX HD HON HRL HST HWM HPQ HUM HBAN HII IEX IDXX INFO ITW ILMN INCY IR INTC ICE IBM IP IPG IFF INTU ISRG IVZ IPGP IQV IRM JKHY J JBHT SJM JNJ JCI JPM JNPR KSU K KEY KEYS KMB KIM KMI KLAC KHC KR LHX LH LRCX LW LVS LEG LDOS LEN LLY LNC LIN LYV LKQ LMT L LOW LUMN LYB MTB MRO MPC MKTX MAR MMC MLM MAS MA MTCH MKC MCD MCK MDT MRK FB MET MTD MGM MCHP MU MSFT MAA MRNA MHK TAP MDLZ MPWR MNST MCO MS MOS MSI MSCI NDAQ NTAP NFLX NWL NEM NWSA NWS NEE NLSN NKE NI NSC NTRS NOC NLOK NCLH NRG NUE NVDA NVR NXPI ORLY OXY ODFL OMC OKE ORCL OGN OTIS PCAR PKG PH PAYX PAYC PYPL PENN PNR PBCT PEP PKI PFE PM PSX PNW PXD PNC POOL PPG PPL PFG PG PGR PLD PRU PTC PEG PSA PHM PVH QRVO PWR QCOM DGX RL RJF RTX O REG REGN RF RSG RMD RHI ROK ROL ROP ROST RCL SPGI CRM SBAC SLB STX SEE SRE NOW SHW SPG SWKS SNA SO LUV SWK SBUX STT STE SYK SIVB SYF SNPS SYY TMUS TROW TTWO TPR TGT TEL TDY TFX TER TSLA TXN TXT TMO TJX TSCO TT TDG TRV TRMB TFC TWTR TYL TSN UDR ULTA USB UAA UA UNP UAL UNH UPS URI UHS VLO VTR VRSN VRSK VZ VRTX VFC VIAC VTRS V VNO VMC WRB WAB WMT WBA DIS WM WAT WEC WFC WELL WST WDC WU WRK WY WHR WMB WLTW WYNN XEL XLNX XYL YUM ZBRA ZBH ZION ZTS
2021-12-31,1062834329,2021-12-30T20:37:08+00:00,505,MMM ABT ABBV ABMD ACN ATVI ADBE AMD AAP AES AFL A APD AKAM ALK ALB ARE ALGN ALLE LNT ALL GOOGL GOOG MO AMZN AMCR AEE AAL AEP AXP AIG AMT AWK AMP ABC AME AMGN APH ADI ANSS ANTM AON AOS APA AAPL AMAT APTV ADM ANET AJG AIZ T ATO ADSK ADP AZO AVB AVY BKR BLL BAC BBWI BAX BDX BRK.B BBY BIO TECH BIIB BLK BK BA BKNG BWA BXP BSX BMY AVGO BR BRO BF.B CHRW CDNS CZR CPB COF CAH KMX CCL CARR CTLT CAT CBOE CBRE CDW CE CNC CNP CDAY CERN CF CRL SCHW CHTR CVX CMG CB CHD CI CINF CTAS CSCO C CFG CTXS CLX CME CMS KO CTSH CL CMCSA CMA CAG COP ED STZ COO CPRT GLW CTVA COST CTRA CCI CSX CMI CVS DHI DHR DRI DVA DE DAL XRAY DVN DXCM FANG DLR DFS DISCA DISCK DISH DG DLTR D DPZ DOV DOW DTE DUK DRE DD DXC EMN ETN EBAY ECL EIX EW EA EMR ENPH ETR EOG EPAM EFX EQIX EQR ESS EL ETSY EVRG ES RE EXC EXPE EXPD EXR XOM FFIV FDS FAST FRT FDX FIS FITB FE FRC FISV FLT FMC F FTNT FTV FBHS FOXA FOX BEN FCX GPS GRMN IT GNRC GD GE GIS GM GPC GILD GL GPN GS GWW HAL HIG HAS HCA PEAK HSIC HSY HES HPE HLT HOLX HD HON HRL HST HWM HPQ HUM HBAN HII IEX IDXX INFO ITW ILMN INCY IR INTC ICE IBM IP IPG IFF INTU ISRG IVZ IPGP IQV IRM JKHY J JBHT SJM JNJ JCI JPM JNPR K KEY KEYS KMB KIM KMI KLAC KHC KR LHX LH LRCX LW LVS LDOS LEN LLY LNC LIN LYV LKQ LMT L LOW LUMN LYB MTB MRO MPC MKTX MAR MMC MLM MAS MA MTCH MKC MCD MCK MDT MRK FB MET MTD MGM MCHP MU MSFT MAA MRNA MHK TAP MDLZ MPWR MNST MCO MS MOS MSI MSCI NDAQ NTAP NFLX NWL NEM NWSA NWS NEE NLSN NKE NI NSC NTRS NOC NLOK NCLH NRG NUE NVDA NVR NXPI ORLY OXY ODFL OMC OKE ORCL OGN OTIS PCAR PKG PH PAYX PAYC PYPL PENN PNR PBCT PEP PKI PFE PM PSX PNW PXD PNC POOL PPG PPL PFG PG PGR PLD PRU PTC PEG PSA PHM PVH QRVO PWR QCOM DGX RL RJF RTX O REG REGN RF RSG RMD RHI ROK ROL ROP ROST RCL SPGI CRM SBAC SLB STX SEE SRE NOW SHW SBNY SPG SWKS SNA SEDG SO LUV SWK SBUX STT STE SYK SIVB SYF SNPS SYY TMUS TROW TTWO TPR TGT TEL TDY TFX TER TSLA TXN TXT TMO TJX TSCO TT TDG TRV TRMB TFC TWTR TYL TSN UDR ULTA USB UAA UA UNP UAL UNH UPS URI UHS VLO VTR VRSN VRSK VZ VRTX VFC VIAC VTRS V VNO VMC WRB WAB WMT WBA DIS WM WAT WEC WFC WELL WST WDC WRK WY WHR WMB WLTW WYNN XEL XLNX XYL YUM ZBRA ZBH ZION ZTS
2022-01-31,1068687285,2022-01-29T20:25:35+00:00,505,MMM AOS ABT ABBV ABMD ACN ATVI ADM ADBE ADP AAP AES AFL A AIG APD AKAM ALK ALB ARE ALGN ALLE LNT ALL GOOGL GOOG MO AMZN AMCR AMD AEE AAL AEP AXP AMT AWK AMP ABC AME AMGN APH ADI ANSS ANTM AON APA AAPL AMAT APTV ANET AJG AIZ T ATO ADSK AZO AVB AVY BKR BLL BAC BBWI BAX BDX BRK.B BBY BIO TECH BIIB BLK BK BA BKNG BWA BXP BSX BMY AVGO BR BRO BF.B CHRW CDNS CZR CPB COF CAH KMX CCL CARR CTLT CAT CBOE CBRE CDW CE CNC CNP CDAY CERN CF CRL SCHW CHTR CVX CMG CB CHD CI CINF CTAS CSCO C CFG CTXS CLX CME CMS KO CTSH CL CMCSA CMA CAG COP ED STZ COO CPRT GLW CTVA COST CTRA CCI CSX CMI CVS DHI DHR DRI DVA DE DAL XRAY DVN DXCM FANG DLR DFS DISCA DISCK DISH DG DLTR D DPZ DOV DOW DTE DUK DRE DD DXC EMN ETN EBAY ECL EIX EW EA EMR ENPH ETR EOG EPAM EFX EQIX EQR ESS EL ETSY RE EVRG ES EXC EXPE EXPD EXR XOM FFIV FDS FAST FRT FDX FITB FRC FE FIS FISV FLT FMC F FTNT FTV FBHS FOXA FOX BEN FCX GPS GRMN IT GE GNRC GD GIS GPC GILD GL GPN GM GS GWW HAL HIG HAS HCA PEAK HSIC HSY HES HPE HLT HOLX HD HON HRL HST HWM HPQ HUM HBAN HII IEX IDXX INFO ITW ILMN INCY IR INTC ICE IBM IP IPG IFF INTU ISRG IVZ IPGP IQV IRM JKHY J JBHT SJM JNJ JCI JPM JNPR K KEY KEYS KMB KIM KMI KLAC KHC KR LHX LH LRCX LW LVS LDOS LEN LLY LNC LIN LYV LKQ LMT L LOW LUMN LYB MTB MRO MPC MKTX MAR MMC MLM MAS MA MTCH MKC MCD MCK MDT MRK FB MET MTD MGM MCHP MU MSFT MAA MRNA MHK TAP MDLZ MPWR MNST MCO MS MOS MSI MSCI NDAQ NTAP NFLX NWL NEM NWSA NWS NEE NLSN NKE NI NSC NTRS NOC NLOK NCLH NRG NUE NVDA NVR NXPI ORLY OXY ODFL OMC OKE ORCL OGN OTIS PCAR PKG PH PAYX PAYC PYPL PENN PNR PBCT PEP PKI PFE PM PSX PNW PXD PNC POOL PPG PPL PFG PG PGR PLD PRU PEG PTC PSA PHM PVH QRVO PWR QCOM DGX RL RJF RTX O REG REGN RF RSG RMD RHI ROK ROL ROP ROST RCL SPGI CRM SBAC SLB STX SEE SRE NOW SHW SBNY SPG SWKS SNA SEDG SO LUV SWK SBUX STT STE SYK SIVB SYF SNPS SYY TMUS TROW TTWO TPR TGT TEL TDY TFX TER TSLA TXN TXT TMO TJX TSCO TT TDG TRV TRMB TFC TWTR TYL TSN UDR ULTA USB UAA UA UNP UAL UNH UPS URI UHS VLO VTR VRSN VRSK VZ VRTX VFC VIAC VTRS V VNO VMC WRB WAB WMT WBA DIS WM WAT WEC WFC WELL WST WDC WRK WY WHR WMB WTW WYNN XEL XLNX XYL YUM ZBRA ZBH ZION ZTS
2022-02-28,1074046438,2022-02-26T03:46:20+00:00,505,MMM AOS ABT ABBV ABMD ACN ATVI ADM ADBE ADP AAP AES AFL A AIG APD AKAM ALK ALB ARE ALGN ALLE LNT ALL GOOGL GOOG MO AMZN AMCR AMD AEE AAL AEP AXP AMT AWK AMP ABC AME AMGN APH ADI ANSS ANTM AON APA AAPL AMAT APTV ANET AIZ T ATO ADSK AZO AVB AVY BKR BLL BAC BBWI BAX BDX WRB BRK.B BBY BIO TECH BIIB BLK BK BA BKNG BWA BXP BSX BMY AVGO BR BRO BF.B CHRW CDNS CZR CPB COF CAH KMX CCL CARR CTLT CAT CBOE CBRE CDW CE CNC CNP CDAY CERN CF CRL SCHW CHTR CVX CMG CB CHD CI CINF CTAS CSCO C CFG CTXS CLX CME CMS KO CTSH CL CMCSA CMA CAG COP ED STZ CEG COO CPRT GLW CTVA COST CTRA CCI CSX CMI CVS DHI DHR DRI DVA DE DAL XRAY DVN DXCM FANG DLR DFS DISCA DISCK DISH DIS DG DLTR D DPZ DOV DOW DTE DUK DRE DD DXC EMN ETN EBAY ECL EIX EW EA EMR ENPH ETR EOG EPAM EFX EQIX EQR ESS EL ETSY RE EVRG ES EXC EXPE EXPD EXR XOM FFIV FDS FAST FRT FDX FITB FRC FE FIS FISV FLT FMC F FTNT FTV FBHS FOXA FOX BEN FCX AJG GRMN IT GE GNRC GD GIS GPC GILD GL GPN GM GS GWW HAL HIG HAS HCA PEAK HSIC HSY HES HPE HLT HOLX HD HON HRL HST HWM HPQ HUM HII HBAN IEX IDXX INFO ITW ILMN INCY IR INTC ICE IBM IP IPG IFF INTU ISRG IVZ IPGP IQV IRM JBHT JKHY J JNJ JCI JPM JNPR K KEY KEYS KMB KIM KMI KLAC KHC KR LHX LH LRCX LW LVS LDOS LEN LLY LNC LIN LYV LKQ LMT L LOW LUMN LYB MTB MRO MPC MKTX MAR MMC MLM MAS MA MTCH MKC MCD MCK MDT MRK FB MET MTD MGM MCHP MU MSFT MAA MRNA MHK TAP MDLZ MPWR MNST MCO MS MOS MSI MSCI NDAQ NTAP NFLX NWL NEM NWSA NWS NEE NLSN NKE NI NDSN NSC NTRS NOC NLOK NCLH NRG NUE NVDA NVR NXPI ORLY OXY ODFL OMC OKE ORCL OGN OTIS PCAR PKG PARA PH PAYX PAYC PYPL PENN PNR PBCT PEP PKI PFE PM PSX PNW PXD PNC POOL PPG PPL PFG PG PGR PLD PRU PEG PTC PSA PHM PVH QRVO PWR QCOM DGX RL RJF RTX O REG REGN RF RSG RMD RHI ROK ROL ROP ROST RCL SPGI CRM SBAC SLB STX SEE SRE NOW SHW SBNY SPG SWKS SJM SNA SEDG SO LUV SWK SBUX STT STE SYK SIVB SYF SNPS SYY TMUS TROW TTWO TPR TGT TEL TDY TFX TER TSLA TXN TXT TMO TJX TSCO TT TDG TRV TRMB TFC TWTR TYL TSN USB UDR ULTA UAA UA UNP UAL UNH UPS URI UHS VLO VTR VRSN VRSK VZ VRTX VFC VTRS V VNO VMC WAB WMT WBA WM WAT WEC WFC WELL WST WDC WRK WY WHR WMB WTW WYNN XEL XYL YUM ZBRA ZBH ZION ZTS
2022-03-31,1078861896,2022-03-23T18:46:32+00:00,505,MMM AOS ABT ABBV ABMD ACN ATVI ADM ADBE ADP AAP AES AFL A AIG APD AKAM ALK ALB ARE ALGN ALLE LNT ALL GOOGL GOOG MO AMZN AMCR AMD AEE AAL AEP AXP AMT AWK AMP ABC AME AMGN APH ADI ANSS ANTM AON APA AAPL AMAT APTV ANET AIZ T ATO ADSK AZO AVB AVY BKR BLL BAC BBWI BAX BDX WRB BRK.B BBY BIO TECH BIIB BLK BK BA BKNG BWA BXP BSX BMY AVGO BR BRO BF.B CHRW CDNS CZR CPB COF CAH KMX CCL CARR CTLT CAT CBOE CBRE CDW CE CNC CNP CDAY CERN CF CRL SCHW CHTR CVX CMG CB CHD CI CINF CTAS CSCO C CFG CTXS CLX CME CMS KO CTSH CL CMCSA CMA CAG COP ED STZ CEG COO CPRT GLW CTVA COST CTRA CCI CSX CMI CVS DHI DHR DRI DVA DE DAL XRAY DVN DXCM FANG DLR DFS DISCA DISCK DISH DIS DG DLTR D DPZ DOV DOW DTE DUK DRE DD DXC EMN ETN EBAY ECL EIX EW EA EMR ENPH ETR EOG EPAM EFX EQIX EQR ESS EL ETSY RE EVRG ES EXC EXPE EXPD EXR XOM FFIV FDS FAST FRT FDX FITB FRC FE FIS FISV FLT FMC F FTNT FTV FBHS FOXA FOX BEN FCX AJG GRMN IT GE GNRC GD GIS GPC GILD GL GPN GM GS GWW HAL HIG HAS HCA PEAK HSIC HSY HES HPE HLT HOLX HD HON HRL HST HWM HPQ HUM HII HBAN IEX IDXX ITW ILMN INCY IR INTC ICE IBM IP IPG IFF INTU ISRG IVZ IPGP IQV IRM JBHT JKHY J JNJ JCI JPM JNPR K KEY KEYS KMB KIM KMI KLAC KHC KR LHX LH LRCX LW LVS LDOS LEN LLY LNC LIN LYV LKQ LMT L LOW LUMN LYB MTB MRO MPC MKTX MAR MMC MLM MAS MA MTCH MKC MCD MCK MDT MRK FB MET MTD MGM MCHP MU MSFT MAA MRNA MHK MOH TAP MDLZ MPWR MNST MCO MS MOS MSI MSCI NDAQ NTAP NFLX NWL NEM NWSA NWS NEE NLSN NKE NI NDSN NSC NTRS NOC NLOK NCLH NRG NUE NVDA NVR NXPI ORLY OXY ODFL OMC OKE ORCL OGN OTIS PCAR PKG PARA PH PAYX PAYC PYPL PENN PNR PBCT PEP PKI PFE PM PSX PNW PXD PNC POOL PPG PPL PFG PG PGR PLD PRU PEG PTC PSA PHM PVH QRVO PWR QCOM DGX RL RJF RTX O REG REGN RF RSG RMD RHI ROK ROL ROP ROST RCL SPGI CRM SBAC SLB STX SEE SRE NOW SHW SBNY SPG SWKS SJM SNA SEDG SO LUV SWK SBUX STT STE SYK SIVB SYF SNPS SYY TMUS TROW TTWO TPR TGT TEL TDY TFX TER TSLA TXN TXT TMO TJX TSCO TT TDG TRV TRMB TFC TWTR TYL TSN USB UDR ULTA UAA UA UNP UAL UNH UPS URI UHS VLO VTR VRSN VRSK VZ VRTX VFC VTRS V VNO VMC WAB WMT WBA WM WAT WEC WFC WELL WST WDC WRK WY WHR WMB WTW WYNN XEL XYL YUM ZBRA ZBH ZION ZTS
2022-04-30,1084651745,2022-04-25T19:29:53+00:00,504,MMM AOS ABT ABBV ABMD ACN ATVI ADM ADBE ADP AAP AES AFL A AIG APD AKAM ALK ALB ARE ALGN ALLE LNT ALL GOOGL GOOG MO AMZN AMCR AMD AEE AAL AEP AXP AMT AWK AMP ABC AME AMGN APH ADI ANSS ANTM AON APA AAPL AMAT APTV ANET AIZ T ATO ADSK AZO AVB AVY BKR BLL BAC BBWI BAX BDX WRB BRK.B BBY BIO TECH BIIB BLK BK BA BKNG BWA BXP BSX BMY AVGO BR BRO BF.B CHRW CDNS CZR CPT CPB COF CAH KMX CCL CARR CTLT CAT CBOE CBRE CDW CE CNC CNP CDAY CERN CF CRL SCHW CHTR CVX CMG CB CHD CI CINF CTAS CSCO C CFG CTXS CLX CME CMS KO CTSH CL CMCSA CMA CAG COP ED STZ CEG COO CPRT GLW CTVA COST CTRA CCI CSX CMI CVS DHI DHR DRI DVA DE DAL XRAY DVN DXCM FANG DLR DFS DISH DIS DG DLTR D DPZ DOV DOW DTE DUK DRE DD DXC EMN ETN EBAY ECL EIX EW EA EMR ENPH ETR EOG EPAM EFX EQIX EQR ESS EL ETSY RE EVRG ES EXC EXPE EXPD EXR XOM FFIV FDS FAST FRT FDX FITB FRC FE FIS FISV FLT FMC F FTNT FTV FBHS FOXA FOX BEN FCX AJG GRMN IT GE GNRC GD GIS GPC GILD GL GPN GM GS GWW HAL HIG HAS HCA PEAK HSIC HSY HES HPE HLT HOLX HD HON HRL HST HWM HPQ HUM HII HBAN IEX IDXX ITW ILMN INCY IR INTC ICE IBM IP IPG IFF INTU ISRG IVZ IPGP IQV IRM JBHT JKHY J JNJ JCI JPM JNPR K KEY KEYS KMB KIM KMI KLAC KHC KR LHX LH LRCX LW LVS LDOS LEN LLY LNC LIN LYV LKQ LMT L LOW LUMN LYB MTB MRO MPC MKTX MAR MMC MLM MAS MA MTCH MKC MCD MCK MDT MRK FB MET MTD MGM MCHP MU MSFT MAA MRNA MHK MOH TAP MDLZ MPWR MNST MCO MS MOS MSI MSCI NDAQ NTAP NFLX NWL NEM NWSA NWS NEE NLSN NKE NI NDSN NSC NTRS NOC NLOK NCLH NRG NUE NVDA NVR NXPI ORLY OXY ODFL OMC OKE ORCL OGN OTIS PCAR PKG PARA PH PAYX PAYC PYPL PENN PNR PEP PKI PFE PM PSX PNW PXD PNC POOL PPG PPL PFG PG PGR PLD PRU PEG PTC PSA PHM PVH QRVO PWR QCOM DGX RL RJF RTX O REG REGN RF RSG RMD RHI ROK ROL ROP ROST RCL SPGI CRM SBAC SLB STX SEE SRE NOW SHW SBNY SPG SWKS SJM SNA SEDG SO LUV SWK SBUX STT STE SYK SIVB SYF SNPS SYY TMUS TROW TTWO TPR TGT TEL TDY TFX TER TSLA TXN TXT TMO TJX TSCO TT TDG TRV TRMB TFC TWTR TYL TSN USB UDR ULTA UAA UA UNP UAL UNH UPS URI UHS VLO VTR VRSN VRSK VZ VRTX VFC VTRS V VNO VMC WAB WMT WBA WBD WM WAT WEC WFC WELL WST WDC WRK WY WHR WMB WTW WYNN XEL XYL YUM ZBRA ZBH ZION ZTS
2022-05-31,1088943114,2022-05-20T23:55:38+00:00,504,MMM AOS ABT ABBV ABMD ACN ATVI ADM ADBE ADP AAP AES AFL A AIG APD AKAM ALK ALB ARE ALGN ALLE LNT ALL GOOGL GOOG MO AMZN AMCR AMD AEE AAL AEP AXP AMT AWK AMP ABC AME AMGN APH ADI ANSS ANTM AON APA AAPL AMAT APTV ANET AIZ T ATO ADSK AZO AVB AVY BKR BALL BAC BBWI BAX BDX WRB BRK.B BBY BIO TECH BIIB BLK BK BA BKNG BWA BXP BSX BMY AVGO BR BRO BF.B CHRW CDNS CZR CPT CPB COF CAH KMX CCL CARR CTLT CAT CBOE CBRE CDW CE CNC CNP CDAY CERN CF CRL SCHW CHTR CVX CMG CB CHD CI CINF CTAS CSCO C CFG CTXS CLX CME CMS KO CTSH CL CMCSA CMA CAG COP ED STZ CEG COO CPRT GLW CTVA COST CTRA CCI CSX CMI CVS DHI DHR DRI DVA DE DAL XRAY DVN DXCM FANG DLR DFS DISH DIS DG DLTR D DPZ DOV DOW DTE DUK DRE DD DXC EMN ETN EBAY ECL EIX EW EA EMR ENPH ETR EOG EPAM EFX EQIX EQR ESS EL ETSY RE EVRG ES EXC EXPE EXPD EXR XOM FFIV FDS FAST FRT FDX FITB FRC FE FIS FISV FLT FMC F FTNT FTV FBHS FOXA FOX BEN FCX AJG GRMN IT GE GNRC GD GIS GPC GILD GL GPN GM GS GWW HAL HIG HAS HCA PEAK HSIC HSY HES HPE HLT HOLX HD HON HRL HST HWM HPQ HUM HII HBAN IEX IDXX ITW ILMN INCY IR INTC ICE IBM IP IPG IFF INTU ISRG IVZ IPGP IQV IRM JBHT JKHY J JNJ JCI JPM JNPR K KEY KEYS KMB KIM KMI KLAC KHC KR LHX LH LRCX LW LVS LDOS LEN LLY LNC LIN LYV LKQ LMT L LOW LUMN LYB MTB MRO MPC MKTX MAR MMC MLM MAS MA MTCH MKC MCD MCK MDT MRK FB MET MTD MGM MCHP MU MSFT MAA MRNA MHK MOH TAP MDLZ MPWR MNST MCO MS MOS MSI MSCI NDAQ NTAP NFLX NWL NEM NWSA NWS NEE NLSN NKE NI NDSN NSC NTRS NOC NLOK NCLH NRG NUE NVDA NVR NXPI ORLY OXY ODFL OMC OKE ORCL OGN OTIS PCAR PKG PARA PH PAYX PAYC PYPL PENN PNR PEP PKI PFE PM PSX PNW PXD PNC POOL PPG PPL PFG PG PGR PLD PRU PEG PTC PSA PHM PVH QRVO PWR QCOM DGX RL RJF RTX O REG REGN RF RSG RMD RHI ROK ROL ROP ROST RCL SPGI CRM SBAC SLB STX SEE SRE NOW SHW SBNY SPG SWKS SJM SNA SEDG SO LUV SWK SBUX STT STE SYK SIVB SYF SNPS SYY TMUS TROW TTWO TPR TGT TEL TDY TFX TER TSLA TXN TXT TMO TJX TSCO TT TDG TRV TRMB TFC TWTR TYL TSN USB UDR ULTA UAA UA UNP UAL UNH UPS URI UHS VLO VTR VRSN VRSK VZ VRTX VFC VTRS V VNO VMC WAB WMT WBA WBD WM WAT WEC WFC WELL WST WDC WRK WY WHR WMB WTW WYNN XEL XYL YUM ZBRA ZBH ZION ZTS
2022-06-30,1095558369,2022-06-29T02:08:14+00:00,503,MMM AOS ABT ABBV ABMD ACN ATVI ADM ADBE ADP AAP AES AFL A APD AKAM ALK ALB ARE ALGN ALLE LNT ALL GOOGL GOOG MO AMZN AMCR AMD AEE AAL AEP AXP AIG AMT AWK AMP ABC AME AMGN APH ADI ANSS AON APA AAPL AMAT APTV ANET AJG AIZ T ATO ADSK AZO AVB AVY BKR BALL BAC BBWI BAX BDX WRB BRK.B BBY BIO TECH BIIB BLK BK BA BKNG BWA BXP BSX BMY AVGO BR BRO BF.B CHRW CDNS CZR CPT CPB COF CAH KMX CCL CARR CTLT CAT CBOE CBRE CDW CE CNC CNP CDAY CF CRL SCHW CHTR CVX CMG CB CHD CI CINF CTAS CSCO C CFG CTXS CLX CME CMS KO CTSH CL CMCSA CMA CAG COP ED STZ CEG COO CPRT GLW CTVA COST CTRA CCI CSX CMI CVS DHI DHR DRI DVA DE DAL XRAY DVN DXCM FANG DLR DFS DISH DIS DG DLTR D DPZ DOV DOW DTE DUK DRE DD DXC EMN ETN EBAY ECL EIX EW EA ELV LLY EMR ENPH ETR EOG EPAM EFX EQIX EQR ESS EL ETSY RE EVRG ES EXC EXPE EXPD EXR XOM FFIV FDS FAST FRT FDX FITB FRC FE FIS FISV FLT FMC F FTNT FTV FBHS FOXA FOX BEN FCX GRMN IT GNRC GD GE GIS GM GPC GILD GL GPN GS HAL HIG HAS HCA PEAK HSIC HSY HES HPE HLT HOLX HD HON HRL HST HWM HPQ HUM HBAN HII IBM IEX IDXX ITW ILMN INCY IR INTC ICE IP IPG IFF INTU ISRG IVZ IQV IRM JBHT JKHY J JNJ JCI JPM JNPR K KDP KEY KEYS KMB KIM KMI KLAC KHC KR LHX LH LRCX LW LVS LDOS LEN LNC LIN LYV LKQ LMT L LOW LUMN LYB MTB MRO MPC MKTX MAR MMC MLM MAS MA MTCH MKC MCD MCK MDT MRK META MET MTD MGM MCHP MU MSFT MAA MRNA MHK MOH TAP MDLZ MPWR MNST MCO MS MOS MSI MSCI NDAQ NTAP NFLX NWL NEM NWSA NWS NEE NLSN NKE NI NDSN NSC NTRS NOC NLOK NCLH NRG NUE NVDA NVR NXPI ORLY OXY ODFL OMC ON OKE ORCL OGN OTIS PCAR PKG PARA PH PAYX PAYC PYPL PENN PNR PEP PKI PFE PM PSX PNW PXD PNC POOL PPG PPL PFG PG PGR PLD PRU PEG PTC PSA PHM PVH QRVO PWR QCOM DGX RL RJF RTX O REG REGN RF RSG RMD RHI ROK ROL ROP ROST RCL SPGI CRM SBAC SLB STX SEE SRE NOW SHW SBNY SPG SWKS SJM SNA SEDG SO LUV SWK SBUX STT STE SYK SIVB SYF SNPS SYY TMUS TROW TTWO TPR TGT TEL TDY TFX TER TSLA TXN TXT TMO TJX TSCO TT TDG TRV TRMB TFC TWTR TYL TSN USB UDR ULTA UNP UAL UPS URI UNH UHS VLO VTR VRSN VRSK VZ VRTX VFC VTRS VICI V VNO VMC WAB WBA WMT WBD WM WAT WEC WFC WELL WST WDC WRK WY WHR WMB WTW GWW WYNN XEL XYL YUM ZBRA ZBH ZION ZTS
2022-07-31,1101270019,2022-07-30T04:38:00+00:00,503,MMM AOS ABT ABBV ABMD ACN ATVI ADM ADBE ADP AAP AES AFL A APD AKAM ALK ALB ARE ALGN ALLE LNT ALL GOOGL GOOG MO AMZN AMCR AMD AEE AAL AEP AXP AIG AMT AWK AMP ABC AME AMGN APH ADI ANSS AON APA AAPL AMAT APTV ANET AJG AIZ T ATO ADSK AZO AVB AVY BKR BALL BAC BBWI BAX BDX WRB BRK.B BBY BIO TECH BIIB BLK BK BA BKNG BWA BXP BSX BMY AVGO BR BRO BF.B CHRW CDNS CZR CPT CPB COF CAH KMX CCL CARR CTLT CAT CBOE CBRE CDW CE CNC CNP CDAY CF CRL SCHW CHTR CVX CMG CB CHD CI CINF CTAS CSCO C CFG CTXS CLX CME CMS KO CTSH CL CMCSA CMA CAG COP ED STZ CEG COO CPRT GLW CTVA COST CTRA CCI CSX CMI CVS DHI DHR DRI DVA DE DAL XRAY DVN DXCM FANG DLR DFS DISH DIS DG DLTR D DPZ DOV DOW DTE DUK DRE DD DXC EMN ETN EBAY ECL EIX EW EA ELV LLY EMR ENPH ETR EOG EPAM EFX EQIX EQR ESS EL ETSY RE EVRG ES EXC EXPE EXPD EXR XOM FFIV FDS FAST FRT FDX FITB FRC FE FIS FISV FLT FMC F FTNT FTV FBHS FOXA FOX BEN FCX GRMN IT GNRC GD GE GIS GM GPC GILD GL GPN GS HAL HIG HAS HCA PEAK HSIC HSY HES HPE HLT HOLX HD HON HRL HST HWM HPQ HUM HBAN HII IBM IEX IDXX ITW ILMN INCY IR INTC ICE IP IPG IFF INTU ISRG IVZ IQV IRM JBHT JKHY J JNJ JCI JPM JNPR K KDP KEY KEYS KMB KIM KMI KLAC KHC KR LHX LH LRCX LW LVS LDOS LEN LNC LIN LYV LKQ LMT L LOW LUMN LYB MTB MRO MPC MKTX MAR MMC MLM MAS MA MTCH MKC MCD MCK MDT MRK META MET MTD MGM MCHP MU MSFT MAA MRNA MHK MOH TAP MDLZ MPWR MNST MCO MS MOS MSI MSCI NDAQ NTAP NFLX NWL NEM NWSA NWS NEE NLSN NKE NI NDSN NSC NTRS NOC NLOK NCLH NRG NUE NVDA NVR NXPI ORLY OXY ODFL OMC ON OKE ORCL OGN OTIS PCAR PKG PARA PH PAYX PAYC PYPL PENN PNR PEP PKI PFE PM PSX PNW PXD PNC POOL PPG PPL PFG PG PGR PLD PRU PEG PTC PSA PHM PVH QRVO PWR QCOM DGX RL RJF RTX O REG REGN RF RSG RMD RHI ROK ROL ROP ROST RCL SPGI CRM SBAC SLB STX SEE SRE NOW SHW SBNY SPG SWKS SJM SNA SEDG SO LUV SWK SBUX STT STE SYK SIVB SYF SNPS SYY TMUS TROW TTWO TPR TGT TEL TDY TFX TER TSLA TXN TXT TMO TJX TSCO TT TDG TRV TRMB TFC TWTR TYL TSN USB UDR ULTA UNP UAL UPS URI UNH UHS VLO VTR VRSN VRSK VZ VRTX VFC VTRS VICI V VNO VMC WAB WBA WMT WBD WM WAT WEC WFC WELL WST WDC WRK WY WHR WMB WTW GWW WYNN XEL XYL YUM ZBRA ZBH ZION ZTS
2022-08-31,1107350164,2022-08-29T14:53:54+00:00,503,MMM AOS ABT ABBV ABMD ACN ATVI ADM ADBE ADP AAP AES AFL A APD AKAM ALK ALB ARE ALGN ALLE LNT ALL GOOGL GOOG MO AMZN AMCR AMD AEE AAL AEP AXP AIG AMT AWK AMP ABC AME AMGN APH ADI ANSS AON APA AAPL AMAT APTV ANET AJG AIZ T ATO ADSK AZO AVB AVY BKR BALL BAC BBWI BAX BDX WRB BRK.B BBY BIO TECH BIIB BLK BK BA BKNG BWA BXP BSX BMY AVGO BR BRO BF.B CHRW CDNS CZR CPT CPB COF CAH KMX CCL CARR CTLT CAT CBOE CBRE CDW CE CNC CNP CDAY CF CRL SCHW CHTR CVX CMG CB CHD CI CINF CTAS CSCO C CFG CTXS CLX CME CMS KO CTSH CL CMCSA CMA CAG COP ED STZ CEG COO CPRT GLW CTVA COST CTRA CCI CSX CMI CVS DHI DHR DRI DVA DE DAL XRAY DVN DXCM FANG DLR DFS DISH DIS DG DLTR D DPZ DOV DOW DTE DUK DRE DD DXC EMN ETN EBAY ECL EIX EW EA ELV LLY EMR ENPH ETR EOG EPAM EFX EQIX EQR ESS EL ETSY RE EVRG ES EXC EXPE EXPD EXR XOM FFIV FDS FAST FRT FDX FITB FRC FE FIS FISV FLT FMC F FTNT FTV FBHS FOXA FOX BEN FCX GRMN IT GNRC GD GE GIS GM GPC GILD GL GPN GS HAL HIG HAS HCA PEAK HSIC HSY HES HPE HLT HOLX HD HON HRL HST HWM HPQ HUM HBAN HII IBM IEX IDXX ITW ILMN INCY IR INTC ICE IP IPG IFF INTU ISRG IVZ IQV IRM JBHT JKHY J JNJ JCI JPM JNPR K KDP KEY KEYS KMB KIM KMI KLAC KHC KR LHX LH LRCX LW LVS LDOS LEN LNC LIN LYV LKQ LMT L LOW LUMN LYB MTB MRO MPC MKTX MAR MMC MLM MAS MA MTCH MKC MCD MCK MDT MRK META MET MTD MGM MCHP MU MSFT MAA MRNA MHK MOH TAP MDLZ MPWR MNST MCO MS MOS MSI MSCI NDAQ NTAP NFLX NWL NEM NWSA NWS NEE NLSN NKE NI NDSN NSC NTRS NOC NLOK NCLH NRG NUE NVDA NVR NXPI ORLY OXY ODFL OMC ON OKE ORCL OGN OTIS PCAR PKG PARA PH PAYX PAYC PYPL PENN PNR PEP PKI PFE PM PSX PNW PXD PNC POOL PPG PPL PFG PG PGR PLD PRU PEG PTC PSA PHM PVH QRVO PWR QCOM DGX RL RJF RTX O REG REGN RF RSG RMD RHI ROK ROL ROP ROST RCL SPGI CRM SBAC SLB STX SEE SRE NOW SHW SBNY SPG SWKS SJM SNA SEDG SO LUV SWK SBUX STT STE SYK SIVB SYF SNPS SYY TMUS TROW TTWO TPR TGT TEL TDY TFX TER TSLA TXN TXT TMO TJX TSCO TT TDG TRV TRMB TFC TWTR TYL TSN USB UDR ULTA UNP UAL UPS URI UNH UHS VLO VTR VRSN VRSK VZ VRTX VFC VTRS VICI V VNO VMC WAB WBA WMT WBD WM WAT WEC WFC WELL WST WDC WRK WY WHR WMB WTW GWW WYNN XEL XYL YUM ZBRA ZBH ZION ZTS
2022-09-30,1113035208,2022-09-29T11:20:05+00:00,503,MMM AOS ABT ABBV ABMD ACN ATVI ADM ADBE ADP AAP AES AFL A APD AKAM ALK ALB ARE ALGN ALLE LNT ALL GOOGL GOOG MO AMZN AMCR AMD AEE AAL AEP AXP AIG AMT AWK AMP ABC AME AMGN APH ADI ANSS AON APA AAPL AMAT APTV ANET AJG AIZ T ATO ADSK AZO AVB AVY BKR BALL BAC BBWI BAX BDX WRB BRK.B BBY BIO TECH BIIB BLK BK BA BKNG BWA BXP BSX BMY AVGO BR BRO BF.B CHRW CDNS CZR CPT CPB COF CAH KMX CCL CARR CTLT CAT CBOE CBRE CDW CE CNC CNP CDAY CF CRL SCHW CHTR CVX CMG CB CHD CI CINF CTAS CSCO C CFG CTXS CLX CME CMS KO CTSH CL CMCSA CMA CAG COP ED STZ CEG COO CPRT GLW CTVA CSGP COST CTRA CCI CSX CMI CVS DHI DHR DRI DVA DE DAL XRAY DVN DXCM FANG DLR DFS DISH DIS DG DLTR D DPZ DOV DOW DTE DUK DRE DD DXC EMN ETN EBAY ECL EIX EW EA ELV LLY EMR ENPH ETR EOG EPAM EFX EQIX EQR ESS EL ETSY RE EVRG ES EXC EXPE EXPD EXR XOM FFIV FDS FAST FRT FDX FITB FRC FE FIS FISV FLT FMC F FTNT FTV FBHS FOXA FOX BEN FCX GRMN IT GNRC GD GE GIS GM GPC GILD GL GPN GS HAL HIG HAS HCA PEAK HSIC HSY HES HPE HLT HOLX HD HON HRL HST HWM HPQ HUM HBAN HII IBM IEX IDXX ITW ILMN INCY IR INTC ICE IP IPG IFF INTU ISRG IVZ INVH IQV IRM JBHT JKHY J JNJ JCI JPM JNPR K KDP KEY KEYS KMB KIM KMI KLAC KHC KR LHX LH LRCX LW LVS LDOS LEN LNC LIN LYV LKQ LMT L LOW LUMN LYB MTB MRO MPC MKTX MAR MMC MLM MAS MA MTCH MKC MCD MCK MDT MRK META MET MTD MGM MCHP MU MSFT MAA MRNA MHK MOH TAP MDLZ MPWR MNST MCO MS MOS MSI MSCI NDAQ NTAP NFLX NWL NEM NWSA NWS NEE NLSN NKE NI NDSN NSC NTRS NOC NLOK NCLH NRG NUE NVDA NVR NXPI ORLY OXY ODFL OMC ON OKE ORCL OGN OTIS PCAR PKG PARA PH PAYX PAYC PYPL PNR PEP PKI PFE PM PSX PNW PXD PNC POOL PPG PPL PFG PG PGR PLD PRU PEG PTC PSA PHM QRVO PWR QCOM DGX RL RJF RTX O REG REGN RF RSG RMD RHI ROK ROL ROP ROST RCL SPGI CRM SBAC SLB STX SEE SRE NOW SHW SBNY SPG SWKS SJM SNA SEDG SO LUV SWK SBUX STT STE SYK SIVB SYF SNPS SYY TMUS TROW TTWO TPR TGT TEL TDY TFX TER TSLA TXN TXT TMO TJX TSCO TT TDG TRV TRMB TFC TWTR TYL TSN USB UDR ULTA UNP UAL UPS URI UNH UHS VLO VTR VRSN VRSK VZ VRTX VFC VTRS VICI V VNO VMC WAB WBA WMT WBD WM WAT WEC WFC WELL WST WDC WRK WY WHR WMB WTW GWW WYNN XEL XYL YUM ZBRA ZBH ZION ZTS
2022-10-31,1118820590,2022-10-29T03:02:31+00:00,502,MMM AOS ABT ABBV ABMD ACN ATVI ADM ADBE ADP AAP AES AFL A APD AKAM ALK ALB ARE ALGN ALLE LNT ALL GOOGL GOOG MO AMZN AMCR AMD AEE AAL AEP AXP AIG AMT AWK AMP ABC AME AMGN APH ADI ANSS AON APA AAPL AMAT APTV ANET AJG AIZ T ATO ADSK AZO AVB AVY BKR BALL BAC BBWI BAX BDX WRB BRK.B BBY BIO TECH BIIB BLK BK BA BKNG BWA BXP BSX BMY AVGO BR BRO BF.B CHRW CDNS CZR CPT CPB COF CAH KMX CCL CARR CTLT CAT CBOE CBRE CDW CE CNC CNP CDAY CF CRL SCHW CHTR CVX CMG CB CHD CI CINF CTAS CSCO C CFG CLX CME CMS KO CTSH CL CMCSA CMA CAG COP ED STZ CEG COO CPRT GLW CTVA CSGP COST CTRA CCI CSX CMI CVS DHI DHR DRI DVA DE DAL XRAY DVN DXCM FANG DLR DFS DISH DIS DG DLTR D DPZ DOV DOW DTE DUK DD DXC EMN ETN EBAY ECL EIX EW EA ELV LLY EMR ENPH ETR EOG EPAM EQT EFX EQIX EQR ESS EL ETSY RE EVRG ES EXC EXPE EXPD EXR XOM FFIV FDS FAST FRT FDX FITB FRC FE FIS FISV FLT FMC F FTNT FTV FBHS FOXA FOX BEN FCX GRMN IT GNRC GD GE GIS GM GPC GILD GL GPN GS HAL HIG HAS HCA PEAK HSIC HSY HES HPE HLT HOLX HD HON HRL HST HWM HPQ HUM HBAN HII IBM IEX IDXX ITW ILMN INCY IR INTC ICE IP IPG IFF INTU ISRG IVZ INVH IQV IRM JBHT JKHY J JNJ JCI JPM JNPR K KDP KEY KEYS KMB KIM KMI KLAC KHC KR LHX LH LRCX LW LVS LDOS LEN LNC LIN LYV LKQ LMT L LOW LUMN LYB MTB MRO MPC MKTX MAR MMC MLM MAS MA MTCH MKC MCD MCK MDT MRK META MET MTD MGM MCHP MU MSFT MAA MRNA MHK MOH TAP MDLZ MPWR MNST MCO MS MOS MSI MSCI NDAQ NTAP NFLX NWL NEM NWSA NWS NEE NKE NI NDSN NSC NTRS NOC NLOK NCLH NRG NUE NVDA NVR NXPI ORLY OXY ODFL OMC ON OKE ORCL OGN OTIS PCAR PKG PARA PH PAYX PAYC PYPL PNR PEP PKI PFE PCG PM PSX PNW PXD PNC POOL PPG PPL PFG PG PGR PLD PRU PEG PTC PSA PHM QRVO PWR QCOM DGX RL RJF RTX O REG REGN RF RSG RMD RHI ROK ROL ROP ROST RCL SPGI CRM SBAC SLB STX SEE SRE NOW SHW SBNY SPG SWKS SJM SNA SEDG SO LUV SWK SBUX STT STE SYK SIVB SYF SNPS SYY TMUS TROW TTWO TPR TRGP TGT TEL TDY TFX TER TSLA TXN TXT TMO TJX TSCO TT TDG TRV TRMB TFC TYL TSN USB UDR ULTA UNP UAL UPS URI UNH UHS VLO VTR VRSN VRSK VZ VRTX VFC VTRS VICI V VNO VMC WAB WBA WMT WBD WM WAT WEC WFC WELL WST WDC WRK WY WHR WMB WTW GWW WYNN XEL XYL YUM ZBRA ZBH ZION ZTS
2022-11-30,1123392420,2022-11-23T13:50:03+00:00,503,MMM AOS ABT ABBV ABMD ACN ATVI ADM ADBE ADP AAP AES AFL A APD AKAM ALK ALB ARE ALGN ALLE LNT ALL GOOGL GOOG MO AMZN AMCR AMD AEE AAL AEP AXP AIG AMT AWK AMP ABC AME AMGN APH ADI ANSS AON APA AAPL AMAT APTV ACGL ANET AJG AIZ T ATO ADSK AZO AVB AVY BKR BALL BAC BBWI BAX BDX WRB BRK.B BBY BIO TECH BIIB BLK BK BA BKNG BWA BXP BSX BMY AVGO BR BRO BF.B CHRW CDNS CZR CPT CPB COF CAH KMX CCL CARR CTLT CAT CBOE CBRE CDW CE CNC CNP CDAY CF CRL SCHW CHTR CVX CMG CB CHD CI CINF CTAS CSCO C CFG CLX CME CMS KO CTSH CL CMCSA CMA CAG COP ED STZ CEG COO CPRT GLW CTVA CSGP COST CTRA CCI CSX CMI CVS DHI DHR DRI DVA DE DAL XRAY DVN DXCM FANG DLR DFS DISH DIS DG DLTR D DPZ DOV DOW DTE DUK DD DXC EMN ETN EBAY ECL EIX EW EA ELV LLY EMR ENPH ETR EOG EPAM EQT EFX EQIX EQR ESS EL ETSY RE EVRG ES EXC EXPE EXPD EXR XOM FFIV FDS FAST FRT FDX FITB FRC FE FIS FISV FLT FMC F FTNT FTV FBHS FOXA FOX BEN FCX GRMN IT GEN GNRC GD GE GIS GM GPC GILD GL GPN GS HAL HIG HAS HCA PEAK HSIC HSY HES HPE HLT HOLX HD HON HRL HST HWM HPQ HUM HBAN HII IBM IEX IDXX ITW ILMN INCY IR INTC ICE IP IPG IFF INTU ISRG IVZ INVH IQV IRM JBHT JKHY J JNJ JCI JPM JNPR K KDP KEY KEYS KMB KIM KMI KLAC KHC KR LHX LH LRCX LW LVS LDOS LEN LNC LIN LYV LKQ LMT L LOW LUMN LYB MTB MRO MPC MKTX MAR MMC MLM MAS MA MTCH MKC MCD MCK MDT MRK META MET MTD MGM MCHP MU MSFT MAA MRNA MHK MOH TAP MDLZ MPWR MNST MCO MS MOS MSI MSCI NDAQ NTAP NFLX NWL NEM NWSA NWS NEE NKE NI NDSN NSC NTRS NOC NCLH NRG NUE NVDA NVR NXPI ORLY OXY ODFL OMC ON OKE ORCL OGN OTIS PCAR PKG PARA PH PAYX PAYC PYPL PNR PEP PKI PFE PCG PM PSX PNW PXD PNC POOL PPG PPL PFG PG PGR PLD PRU PEG PTC PSA PHM QRVO PWR QCOM DGX RL RJF RTX O REG REGN RF RSG RMD RHI ROK ROL ROP ROST RCL SPGI CRM SBAC SLB STX SEE SRE NOW SHW SBNY SPG SWKS SJM SNA SEDG SO LUV SWK SBUX STT STE SYK SIVB SYF SNPS SYY TMUS TROW TTWO TPR TRGP TGT TEL TDY TFX TER TSLA TXN TXT TMO TJX TSCO TT TDG TRV TRMB TFC TYL TSN USB UDR ULTA UNP UAL UPS URI UNH UHS VLO VTR VRSN VRSK VZ VRTX VFC VTRS VICI V VNO VMC WAB WBA WMT WBD WM WAT WEC WFC WELL WST WDC WRK WY WHR WMB WTW GWW WYNN XEL XYL YUM ZBRA ZBH ZION ZTS
2022-12-31,1130173030,2022-12-28T23:23:50+00:00,503,MMM AOS ABT ABBV ACN ATVI ADM ADBE ADP AAP AES AFL A APD AKAM ALK ALB ARE ALGN ALLE LNT ALL GOOGL GOOG MO AMZN AMCR AMD AEE AAL AEP AXP AIG AMT AWK AMP ABC AME AMGN APH ADI ANSS AON APA AAPL AMAT APTV ACGL ANET AJG AIZ T ATO ADSK AZO AVB AVY BKR BALL BAC BBWI BAX BDX WRB BRK.B BBY BIO TECH BIIB BLK BK BA BKNG BWA BXP BSX BMY AVGO BR BRO BF.B CHRW CDNS CZR CPT CPB COF CAH KMX CCL CARR CTLT CAT CBOE CBRE CDW CE CNC CNP CDAY CF CRL SCHW CHTR CVX CMG CB CHD CI CINF CTAS CSCO C CFG CLX CME CMS KO CTSH CL CMCSA CMA CAG COP ED STZ CEG COO CPRT GLW CTVA CSGP COST CTRA CCI CSX CMI CVS DHI DHR DRI DVA DE DAL XRAY DVN DXCM FANG DLR DFS DISH DIS DG DLTR D DPZ DOV DOW DTE DUK DD DXC EMN ETN EBAY ECL EIX EW EA ELV LLY EMR ENPH ETR EOG EPAM EQT EFX EQIX EQR ESS EL ETSY RE EVRG ES EXC EXPE EXPD EXR XOM FFIV FDS FAST FRT FDX FITB FRC FSLR FE FIS FISV FLT FMC F FTNT FTV FOXA FOX BEN FCX GRMN IT GEN GNRC GD GE GIS GM GPC GILD GL GPN GS HAL HIG HAS HCA PEAK HSIC HSY HES HPE HLT HOLX HD HON HRL HST HWM HPQ HUM HBAN HII IBM IEX IDXX ITW ILMN INCY IR INTC ICE IP IPG IFF INTU ISRG IVZ INVH IQV IRM JBHT JKHY J JNJ JCI JPM JNPR K KDP KEY KEYS KMB KIM KMI KLAC KHC KR LHX LH LRCX LW LVS LDOS LEN LNC LIN LYV LKQ LMT L LOW LUMN LYB MTB MRO MPC MKTX MAR MMC MLM MAS MA MTCH MKC MCD MCK MDT MRK META MET MTD MGM MCHP MU MSFT MAA MRNA MHK MOH TAP MDLZ MPWR MNST MCO MS MOS MSI MSCI NDAQ NTAP NFLX NWL NEM NWSA NWS NEE NKE NI NDSN NSC NTRS NOC NCLH NRG NUE NVDA NVR NXPI ORLY OXY ODFL OMC ON OKE ORCL OGN OTIS PCAR PKG PARA PH PAYX PAYC PYPL PNR PEP PKI PFE PCG PM PSX PNW PXD PNC POOL PPG PPL PFG PG PGR PLD PRU PEG PTC PSA PHM QRVO PWR QCOM DGX RL RJF RTX O REG REGN RF RSG RMD RHI ROK ROL ROP ROST RCL SPGI CRM SBAC SLB STX SEE SRE NOW SHW SBNY SPG SWKS SJM SNA SEDG SO LUV SWK SBUX STT STLD STE SYK SIVB SYF SNPS SYY TMUS TROW TTWO TPR TRGP TGT TEL TDY TFX TER TSLA TXN TXT TMO TJX TSCO TT TDG TRV TRMB TFC TYL TSN USB UDR ULTA UNP UAL UPS URI UNH UHS VLO VTR VRSN VRSK VZ VRTX VFC VTRS VICI V VNO VMC WAB WBA WMT WBD WM WAT WEC WFC WELL WST WDC WRK WY WHR WMB WTW GWW WYNN XEL XYL YUM ZBRA ZBH ZION ZTS
2023-01-31,1133913867,2023-01-16T03:05:01+00:00,503,MMM AOS ABT ABBV ACN ATVI ADM ADBE ADP AAP AES AFL A APD AKAM ALK ALB ARE ALGN ALLE LNT ALL GOOGL GOOG MO AMZN AMCR AMD AEE AAL AEP AXP AIG AMT AWK AMP ABC AME AMGN APH ADI ANSS AON APA AAPL AMAT APTV ACGL ANET AJG AIZ T ATO ADSK AZO AVB AVY BKR BALL BAC BBWI BAX BDX WRB BRK.B BBY BIO TECH BIIB BLK BK BA BKNG BWA BXP BSX BMY AVGO BR BRO BF.B CHRW CDNS CZR CPT CPB COF CAH KMX CCL CARR CTLT CAT CBOE CBRE CDW CE CNC CNP CDAY CF CRL SCHW CHTR CVX CMG CB CHD CI CINF CTAS CSCO C CFG CLX CME CMS KO CTSH CL CMCSA CMA CAG COP ED STZ CEG COO CPRT GLW CTVA CSGP COST CTRA CCI CSX CMI CVS DHI DHR DRI DVA DE DAL XRAY DVN DXCM FANG DLR DFS DISH DIS DG DLTR D DPZ DOV DOW DTE DUK DD DXC EMN ETN EBAY ECL EIX EW EA ELV LLY EMR ENPH ETR EOG EPAM EQT EFX EQIX EQR ESS EL ETSY RE EVRG ES EXC EXPE EXPD EXR XOM FFIV FDS FAST FRT FDX FITB FRC FSLR FE FIS FISV FLT FMC F FTNT FTV FOXA FOX BEN FCX GRMN IT GEHC GEN GNRC GD GE GIS GM GPC GILD GL GPN GS HAL HIG HAS HCA PEAK HSIC HSY HES HPE HLT HOLX HD HON HRL HST HWM HPQ HUM HBAN HII IBM IEX IDXX ITW ILMN INCY IR INTC ICE IP IPG IFF INTU ISRG IVZ INVH IQV IRM JBHT JKHY J JNJ JCI JPM JNPR K KDP KEY KEYS KMB KIM KMI KLAC KHC KR LHX LH LRCX LW LVS LDOS LEN LNC LIN LYV LKQ LMT L LOW LUMN LYB MTB MRO MPC MKTX MAR MMC MLM MAS MA MTCH MKC MCD MCK MDT MRK META MET MTD MGM MCHP MU MSFT MAA MRNA MHK MOH TAP MDLZ MPWR MNST MCO MS MOS MSI MSCI NDAQ NTAP NFLX NWL NEM NWSA NWS NEE NKE NI NDSN NSC NTRS NOC NCLH NRG NUE NVDA NVR NXPI ORLY OXY ODFL OMC ON OKE ORCL OGN OTIS PCAR PKG PARA PH PAYX PAYC PYPL PNR PEP PKI PFE PCG PM PSX PNW PXD PNC POOL PPG PPL PFG PG PGR PLD PRU PEG PTC PSA PHM QRVO PWR QCOM DGX RL RJF RTX O REG REGN RF RSG RMD RHI ROK ROL ROP ROST RCL SPGI CRM SBAC SLB STX SEE SRE NOW SHW SBNY SPG SWKS SJM SNA SEDG SO LUV SWK SBUX STT STLD STE SYK SIVB SYF SNPS SYY TMUS TROW TTWO TPR TRGP TGT TEL TDY TFX TER TSLA TXN TXT TMO TJX TSCO TT TDG TRV TRMB TFC TYL TSN USB UDR ULTA UNP UAL UPS URI UNH UHS VLO VTR VRSN VRSK VZ VRTX VFC VTRS VICI V VMC WAB WBA WMT WBD WM WAT WEC WFC WELL WST WDC WRK WY WHR WMB WTW GWW WYNN XEL XYL YUM ZBRA ZBH ZION ZTS
2023-02-28,1142160472,2023-02-28T21:10:53+00:00,503,MMM AOS ABT ABBV ACN ATVI ADM ADBE ADP AAP AES AFL A APD AKAM ALK ALB ARE ALGN ALLE LNT ALL GOOGL GOOG MO AMZN AMCR AMD AEE AAL AEP AXP AIG AMT AWK AMP ABC AME AMGN APH ADI ANSS AON APA AAPL AMAT APTV ACGL ANET AJG AIZ T ATO ADSK AZO AVB AVY BKR BALL BAC BBWI BAX BDX WRB BRK.B BBY BIO TECH BIIB BLK BK BA BKNG BWA BXP BSX BMY AVGO BR BRO BF.B CHRW CDNS CZR CPT CPB COF CAH KMX CCL CARR CTLT CAT CBOE CBRE CDW CE CNC CNP CDAY CF CRL SCHW CHTR CVX CMG CB CHD CI CINF CTAS CSCO C CFG CLX CME CMS KO CTSH CL CMCSA CMA CAG COP ED STZ CEG COO CPRT GLW CTVA CSGP COST CTRA CCI CSX CMI CVS DHI DHR DRI DVA DE DAL XRAY DVN DXCM FANG DLR DFS DISH DIS DG DLTR D DPZ DOV DOW DTE DUK DD DXC EMN ETN EBAY ECL EIX EW EA ELV LLY EMR ENPH ETR EOG EPAM EQT EFX EQIX EQR ESS EL ETSY RE EVRG ES EXC EXPE EXPD EXR XOM FFIV FDS FAST FRT FDX FITB FRC FSLR FE FIS FISV FLT FMC F FTNT FTV FOXA FOX BEN FCX GRMN IT GEHC GEN GNRC GD GE GIS GM GPC GILD GL GPN GS HAL HIG HAS HCA PEAK HSIC HSY HES HPE HLT HOLX HD HON HRL HST HWM HPQ HUM HBAN HII IBM IEX IDXX ITW ILMN INCY IR INTC ICE IFF IP IPG INTU ISRG IVZ INVH IQV IRM JBHT JKHY J JNJ JCI JPM JNPR K KDP KEY KEYS KMB KIM KMI KLAC KHC KR LHX LH LRCX LW LVS LDOS LEN LNC LIN LYV LKQ LMT L LOW LUMN LYB MTB MRO MPC MKTX MAR MMC MLM MAS MA MTCH MKC MCD MCK MDT MRK META MET MTD MGM MCHP MU MSFT MAA MRNA MHK MOH TAP MDLZ MPWR MNST MCO MS MOS MSI MSCI NDAQ NTAP NFLX NWL NEM NWSA NWS NEE NKE NI NDSN NSC NTRS NOC NCLH NRG NUE NVDA NVR NXPI ORLY OXY ODFL OMC ON OKE ORCL OGN OTIS PCAR PKG PARA PH PAYX PAYC PYPL PNR PEP PKI PFE PCG PM PSX PNW PXD PNC POOL PPG PPL PFG PG PGR PLD PRU PEG PTC PSA PHM QRVO PWR QCOM DGX RL RJF RTX O REG REGN RF RSG RMD RHI ROK ROL ROP ROST RCL SPGI CRM SBAC SLB STX SEE SRE NOW SHW SBNY SPG SWKS SJM SNA SEDG SO LUV SWK SBUX STT STLD STE SYK SIVB SYF SNPS SYY TMUS TROW TTWO TPR TRGP TGT TEL TDY TFX TER TSLA TXN TXT TMO TJX TSCO TT TDG TRV TRMB TFC TYL TSN USB UDR ULTA UNP UAL UPS URI UNH UHS VLO VTR VRSN VRSK VZ VRTX VFC VTRS VICI V VMC WAB WBA WMT WBD WM WAT WEC WFC WELL WST WDC WRK WY WHR WMB WTW GWW WYNN XEL XYL YUM ZBRA ZBH ZION ZTS
2023-03-31,1146429089,2023-03-24T20:44:59+00:00,503,MMM AOS ABT ABBV ACN ATVI ADM ADBE ADP AAP AES AFL A APD AKAM ALK ALB ARE ALGN ALLE LNT ALL GOOGL GOOG MO AMZN AMCR AMD AEE AAL AEP AXP AIG AMT AWK AMP ABC AME AMGN APH ADI ANSS AON APA AAPL AMAT APTV ACGL ANET AJG AIZ T ATO ADSK AZO AVB AVY BKR BALL BAC BBWI BAX BDX WRB BRK.B BBY BIO TECH BIIB BLK BK BA BKNG BWA BXP BSX BMY AVGO BR BRO BF.B BG CHRW CDNS CZR CPT CPB COF CAH KMX CCL CARR CTLT CAT CBOE CBRE CDW CE CNC CNP CDAY CF CRL SCHW CHTR CVX CMG CB CHD CI CINF CTAS CSCO C CFG CLX CME CMS KO CTSH CL CMCSA CMA CAG COP ED STZ CEG COO CPRT GLW CTVA CSGP COST CTRA CCI CSX CMI CVS DHI DHR DRI DVA DE DAL XRAY DVN DXCM FANG DLR DFS DISH DIS DG DLTR D DPZ DOV DOW DTE DUK DD DXC EMN ETN EBAY ECL EIX EW EA ELV LLY EMR ENPH ETR EOG EPAM EQT EFX EQIX EQR ESS EL ETSY RE EVRG ES EXC EXPE EXPD EXR XOM FFIV FDS FICO FAST FRT FDX FITB FRC FSLR FE FIS FISV FLT FMC F FTNT FTV FOXA FOX BEN FCX GRMN IT GEHC GEN GNRC GD GE GIS GM GPC GILD GL GPN GS HAL HIG HAS HCA PEAK HSIC HSY HES HPE HLT HOLX HD HON HRL HST HWM HPQ HUM HBAN HII IBM IEX IDXX ITW ILMN INCY IR PODD INTC ICE IFF IP IPG INTU ISRG IVZ INVH IQV IRM JBHT JKHY J JNJ JCI JPM JNPR K KDP KEY KEYS KMB KIM KMI KLAC KHC KR LHX LH LRCX LW LVS LDOS LEN LNC LIN LYV LKQ LMT L LOW LYB MTB MRO MPC MKTX MAR MMC MLM MAS MA MTCH MKC MCD MCK MDT MRK META MET MTD MGM MCHP MU MSFT MAA MRNA MHK MOH TAP MDLZ MPWR MNST MCO MS MOS MSI MSCI NDAQ NTAP NFLX NWL NEM NWSA NWS NEE NKE NI NDSN NSC NTRS NOC NCLH NRG NUE NVDA NVR NXPI ORLY OXY ODFL OMC ON OKE ORCL OGN OTIS PCAR PKG PARA PH PAYX PAYC PYPL PNR PEP PKI PFE PCG PM PSX PNW PXD PNC POOL PPG PPL PFG PG PGR PLD PRU PEG PTC PSA PHM QRVO PWR QCOM DGX RL RJF RTX O REG REGN RF RSG RMD RHI ROK ROL ROP ROST RCL SPGI CRM SBAC SLB STX SEE SRE NOW SHW SPG SWKS SJM SNA SEDG SO LUV SWK SBUX STT STLD STE SYK SYF SNPS SYY TMUS TROW TTWO TPR TRGP TGT TEL TDY TFX TER TSLA TXN TXT TMO TJX TSCO TT TDG TRV TRMB TFC TYL TSN USB UDR ULTA UNP UAL UPS URI UNH UHS VLO VTR VRSN VRSK VZ VRTX VFC VTRS VICI V VMC WAB WBA WMT WBD WM WAT WEC WFC WELL WST WDC WRK WY WHR WMB WTW GWW WYNN XEL XYL YUM ZBRA ZBH ZION ZTS
2023-04-30,1147947704,2023-04-03T05:34:17+00:00,503,MMM AOS ABT ABBV ACN ATVI ADM ADBE ADP AAP AES AFL A APD AKAM ALK ALB ARE ALGN ALLE LNT ALL GOOGL GOOG MO AMZN AMCR AMD AEE AAL AEP AXP AIG AMT AWK AMP ABC AME AMGN APH ADI ANSS AON APA AAPL AMAT APTV ACGL ANET AJG AIZ T ATO ADSK AZO AVB AVY BKR BALL BAC BBWI BAX BDX WRB BRK.B BBY BIO TECH BIIB BLK BK BA BKNG BWA BXP BSX BMY AVGO BR BRO BF.B BG CHRW CDNS CZR CPT CPB COF CAH KMX CCL CARR CTLT CAT CBOE CBRE CDW CE CNC CNP CDAY CF CRL SCHW CHTR CVX CMG CB CHD CI CINF CTAS CSCO C CFG CLX CME CMS KO CTSH CL CMCSA CMA CAG COP ED STZ CEG COO CPRT GLW CTVA CSGP COST CTRA CCI CSX CMI CVS DHI DHR DRI DVA DE DAL XRAY DVN DXCM FANG DLR DFS DISH DIS DG DLTR D DPZ DOV DOW DTE DUK DD DXC EMN ETN EBAY ECL EIX EW EA ELV LLY EMR ENPH ETR EOG EPAM EQT EFX EQIX EQR ESS EL ETSY RE EVRG ES EXC EXPE EXPD EXR XOM FFIV FDS FICO FAST FRT FDX FITB FRC FSLR FE FIS FISV FLT FMC F FTNT FTV FOXA FOX BEN FCX GRMN IT GEHC GEN GNRC GD GE GIS GM GPC GILD GL GPN GS HAL HIG HAS HCA PEAK HSIC HSY HES HPE HLT HOLX HD HON HRL HST HWM HPQ HUM HBAN HII IBM IEX IDXX ITW ILMN INCY IR PODD INTC ICE IFF IP IPG INTU ISRG IVZ INVH IQV IRM JBHT JKHY J JNJ JCI JPM JNPR K KDP KEY KEYS KMB KIM KMI KLAC KHC KR LHX LH LRCX LW LVS LDOS LEN LNC LIN LYV LKQ LMT L LOW LYB MTB MRO MPC MKTX MAR MMC MLM MAS MA MTCH MKC MCD MCK MDT MRK META MET MTD MGM MCHP MU MSFT MAA MRNA MHK MOH TAP MDLZ MPWR MNST MCO MS MOS MSI MSCI NDAQ NTAP NFLX NWL NEM NWSA NWS NEE NKE NI NDSN NSC NTRS NOC NCLH NRG NUE NVDA NVR NXPI ORLY OXY ODFL OMC ON OKE ORCL OGN OTIS PCAR PKG PARA PH PAYX PAYC PYPL PNR PEP PKI PFE PCG PM PSX PNW PXD PNC POOL PPG PPL PFG PG PGR PLD PRU PEG PTC PSA PHM QRVO PWR QCOM DGX RL RJF RTX O REG REGN RF RSG RMD RHI ROK ROL ROP ROST RCL SPGI CRM SBAC SLB STX SEE SRE NOW SHW SPG SWKS SJM SNA SEDG SO LUV SWK SBUX STT STLD STE SYK SYF SNPS SYY TMUS TROW TTWO TPR TRGP TGT TEL TDY TFX TER TSLA TXN TXT TMO TJX TSCO TT TDG TRV TRMB TFC TYL TSN USB UDR ULTA UNP UAL UPS URI UNH UHS VLO VTR VRSN VRSK VZ VRTX VFC VTRS VICI V VMC WAB WBA WMT WBD WM WAT WEC WFC WELL WST WDC WRK WY WHR WMB WTW GWW WYNN XEL XYL YUM ZBRA ZBH ZION ZTS
2023-05-31,1156097513,2023-05-21T05:34:43+00:00,503,MMM AOS ABT ABBV ACN ATVI ADM ADBE ADP AAP AES AFL A APD AKAM ALK ALB ARE ALGN ALLE LNT ALL GOOGL GOOG MO AMZN AMCR AMD AEE AAL AEP AXP AIG AMT AWK AMP ABC AME AMGN APH ADI ANSS AON APA AAPL AMAT APTV ACGL ANET AJG AIZ T ATO ADSK AZO AVB AVY AXON BKR BALL BAC BBWI BAX BDX WRB BRK.B BBY BIO TECH BIIB BLK BK BA BKNG BWA BXP BSX BMY AVGO BR BRO BF.B BG CHRW CDNS CZR CPT CPB COF CAH KMX CCL CARR CTLT CAT CBOE CBRE CDW CE CNC CNP CDAY CF CRL SCHW CHTR CVX CMG CB CHD CI CINF CTAS CSCO C CFG CLX CME CMS KO CTSH CL CMCSA CMA CAG COP ED STZ CEG COO CPRT GLW CTVA CSGP COST CTRA CCI CSX CMI CVS DHI DHR DRI DVA DE DAL XRAY DVN DXCM FANG DLR DFS DISH DIS DG DLTR D DPZ DOV DOW DTE DUK DD DXC EMN ETN EBAY ECL EIX EW EA ELV LLY EMR ENPH ETR EOG EPAM EQT EFX EQIX EQR ESS EL ETSY RE EVRG ES EXC EXPE EXPD EXR XOM FFIV FDS FICO FAST FRT FDX FITB FSLR FE FIS FISV FLT FMC F FTNT FTV FOXA FOX BEN FCX GRMN IT GEHC GEN GNRC GD GE GIS GM GPC GILD GL GPN GS HAL HIG HAS HCA PEAK HSIC HSY HES HPE HLT HOLX HD HON HRL HST HWM HPQ HUM HBAN HII IBM IEX IDXX ITW ILMN INCY IR PODD INTC ICE IFF IP IPG INTU ISRG IVZ INVH IQV IRM JBHT JKHY J JNJ JCI JPM JNPR K KDP KEY KEYS KMB KIM KMI KLAC KHC KR LHX LH LRCX LW LVS LDOS LEN LNC LIN LYV LKQ LMT L LOW LYB MTB MRO MPC MKTX MAR MMC MLM MAS MA MTCH MKC MCD MCK MDT MRK META MET MTD MGM MCHP MU MSFT MAA MRNA MHK MOH TAP MDLZ MPWR MNST MCO MS MOS MSI MSCI NDAQ NTAP NFLX NWL NEM NWSA NWS NEE NKE NI NDSN NSC NTRS NOC NCLH NRG NUE NVDA NVR NXPI ORLY OXY ODFL OMC ON OKE ORCL OGN OTIS PCAR PKG PARA PH PAYX PAYC PYPL PNR PEP PFE PCG PM PSX PNW PXD PNC POOL PPG PPL PFG PG PGR PLD PRU PEG PTC PSA PHM QRVO PWR QCOM DGX RL RJF RTX O REG REGN RF RSG RMD RVTY RHI ROK ROL ROP ROST RCL SPGI CRM SBAC SLB STX SEE SRE NOW SHW SPG SWKS SJM SNA SEDG SO LUV SWK SBUX STT STLD STE SYK SYF SNPS SYY TMUS TROW TTWO TPR TRGP TGT TEL TDY TFX TER TSLA TXN TXT TMO TJX TSCO TT TDG TRV TRMB TFC TYL TSN USB UDR ULTA UNP UAL UPS URI UNH UHS VLO VTR VRSN VRSK VZ VRTX VFC VTRS VICI V VMC WAB WBA WMT WBD WM WAT WEC WFC WELL WST WDC WRK WY WHR WMB WTW GWW WYNN XEL XYL YUM ZBRA ZBH ZION ZTS
2023-06-30,1160956732,2023-06-19T19:04:15+00:00,503,MMM AOS ABT ABBV ACN ATVI ADM ADBE ADP AAP AES AFL A APD AKAM ALK ALB ARE ALGN ALLE LNT ALL GOOGL GOOG MO AMZN AMCR AMD AEE AAL AEP AXP AIG AMT AWK AMP ABC AME AMGN APH ADI ANSS AON APA AAPL AMAT APTV ACGL ANET AJG AIZ T ATO ADSK AZO AVB AVY AXON BKR BALL BAC BBWI BAX BDX WRB BRK.B BBY BIO TECH BIIB BLK BK BA BKNG BWA BXP BSX BMY AVGO BR BRO BF.B BG CHRW CDNS CZR CPT CPB COF CAH KMX CCL CARR CTLT CAT CBOE CBRE CDW CE CNC CNP CDAY CF CRL SCHW CHTR CVX CMG CB CHD CI CINF CTAS CSCO C CFG CLX CME CMS KO CTSH CL CMCSA CMA CAG COP ED STZ CEG COO CPRT GLW CTVA CSGP COST CTRA CCI CSX CMI CVS DHI DHR DRI DVA DE DAL XRAY DVN DXCM FANG DLR DFS DIS DG DLTR D DPZ DOV DOW DTE DUK DD DXC EMN ETN EBAY ECL EIX EW EA ELV LLY EMR ENPH ETR EOG EPAM EQT EFX EQIX EQR ESS EL ETSY RE EVRG ES EXC EXPE EXPD EXR XOM FFIV FDS FICO FAST FRT FDX FITB FSLR FE FIS FI FLT FMC F FTNT FTV FOXA FOX BEN FCX GRMN IT GEHC GEN GNRC GD GE GIS GM GPC GILD GL GPN GS HAL HIG HAS HCA PEAK HSIC HSY HES HPE HLT HOLX HD HON HRL HST HWM HPQ HUM HBAN HII IBM IEX IDXX ITW ILMN INCY IR PODD INTC ICE IFF IP IPG INTU ISRG IVZ INVH IQV IRM JBHT JKHY J JNJ JCI JPM JNPR K KDP KEY KEYS KMB KIM KMI KLAC KHC KR LHX LH LRCX LW LVS LDOS LEN LNC LIN LYV LKQ LMT L LOW LYB MTB MRO MPC MKTX MAR MMC MLM MAS MA MTCH MKC MCD MCK MDT MRK META MET MTD MGM MCHP MU MSFT MAA MRNA MHK MOH TAP MDLZ MPWR MNST MCO MS MOS MSI MSCI NDAQ NTAP NFLX NWL NEM NWSA NWS NEE NKE NI NDSN NSC NTRS NOC NCLH NRG NUE NVDA NVR NXPI ORLY OXY ODFL OMC ON OKE ORCL OGN OTIS PCAR PKG PANW PARA PH PAYX PAYC PYPL PNR PEP PFE PCG PM PSX PNW PXD PNC POOL PPG PPL PFG PG PGR PLD PRU PEG PTC PSA PHM QRVO PWR QCOM DGX RL RJF RTX O REG REGN RF RSG RMD RVTY RHI ROK ROL ROP ROST RCL SPGI CRM SBAC SLB STX SEE SRE NOW SHW SPG SWKS SJM SNA SEDG SO LUV SWK SBUX STT STLD STE SYK SYF SNPS SYY TMUS TROW TTWO TPR TRGP TGT TEL TDY TFX TER TSLA TXN TXT TMO TJX TSCO TT TDG TRV TRMB TFC TYL TSN USB UDR ULTA UNP UAL UPS URI UNH UHS VLO VTR VRSN VRSK VZ VRTX VFC VTRS VICI V VMC WAB WBA WMT WBD WM WAT WEC WFC WELL WST WDC WRK WY WHR WMB WTW GWW WYNN XEL XYL YUM ZBRA ZBH ZION ZTS
2023-07-31,1168074456,2023-07-31T16:46:13+00:00,503,MMM AOS ABT ABBV ACN ATVI ADM ADBE ADP AAP AES AFL A APD AKAM ALK ALB ARE ALGN ALLE LNT ALL GOOGL GOOG MO AMZN AMCR AMD AEE AAL AEP AXP AIG AMT AWK AMP ABC AME AMGN APH ADI ANSS AON APA AAPL AMAT APTV ACGL ANET AJG AIZ T ATO ADSK AZO AVB AVY AXON BKR BALL BAC BBWI BAX BDX WRB BRK.B BBY BIO TECH BIIB BLK BK BA BKNG BWA BXP BSX BMY AVGO BR BRO BF.B BG CHRW CDNS CZR CPT CPB COF CAH KMX CCL CARR CTLT CAT CBOE CBRE CDW CE CNC CNP CDAY CF CRL SCHW CHTR CVX CMG CB CHD CI CINF CTAS CSCO C CFG CLX CME CMS KO CTSH CL CMCSA CMA CAG COP ED STZ CEG COO CPRT GLW CTVA CSGP COST CTRA CCI CSX CMI CVS DHI DHR DRI DVA DE DAL XRAY DVN DXCM FANG DLR DFS DIS DG DLTR D DPZ DOV DOW DTE DUK DD DXC EMN ETN EBAY ECL EIX EW EA ELV LLY EMR ENPH ETR EOG EPAM EQT EFX EQIX EQR ESS EL ETSY EG EVRG ES EXC EXPE EXPD EXR XOM FFIV FDS FICO FAST FRT FDX FITB FSLR FE FIS FI FLT FMC F FTNT FTV FOXA FOX BEN FCX GRMN IT GEHC GEN GNRC GD GE GIS GM GPC GILD GL GPN GS HAL HIG HAS HCA PEAK HSIC HSY HES HPE HLT HOLX HD HON HRL HST HWM HPQ HUM HBAN HII IBM IEX IDXX ITW ILMN INCY IR PODD INTC ICE IFF IP IPG INTU ISRG IVZ INVH IQV IRM JBHT JKHY J JNJ JCI JPM JNPR K KDP KEY KEYS KMB KIM KMI KLAC KHC KR LHX LH LRCX LW LVS LDOS LEN LNC LIN LYV LKQ LMT L LOW LYB MTB MRO MPC MKTX MAR MMC MLM MAS MA MTCH MKC MCD MCK MDT MRK META MET MTD MGM MCHP MU MSFT MAA MRNA MHK MOH TAP MDLZ MPWR MNST MCO MS MOS MSI MSCI NDAQ NTAP NFLX NWL NEM NWSA NWS NEE NKE NI NDSN NSC NTRS NOC NCLH NRG NUE NVDA NVR NXPI ORLY OXY ODFL OMC ON OKE ORCL OGN OTIS PCAR PKG PANW PARA PH PAYX PAYC PYPL PNR PEP PFE PCG PM PSX PNW PXD PNC POOL PPG PPL PFG PG PGR PLD PRU PEG PTC PSA PHM QRVO PWR QCOM DGX RL RJF RTX O REG REGN RF RSG RMD RVTY RHI ROK ROL ROP ROST RCL SPGI CRM SBAC SLB STX SEE SRE NOW SHW SPG SWKS SJM SNA SEDG SO LUV SWK SBUX STT STLD STE SYK SYF SNPS SYY TMUS TROW TTWO TPR TRGP TGT TEL TDY TFX TER TSLA TXN TXT TMO TJX TSCO TT TDG TRV TRMB TFC TYL TSN USB UDR ULTA UNP UAL UPS URI UNH UHS VLO VTR VRSN VRSK VZ VRTX VFC VTRS VICI V VMC WAB WBA WMT WBD WM WAT WEC WFC WELL WST WDC WRK WY WHR WMB WTW GWW WYNN XEL XYL YUM ZBRA ZBH ZION ZTS
2023-08-31,1173149676,2023-08-31T15:54:21+00:00,503,MMM AOS ABT ABBV ACN ATVI ADM ADBE ADP AES AFL A APD AKAM ALK ALB ARE ALGN ALLE LNT ALL GOOGL GOOG MO AMZN AMCR AMD AEE AAL AEP AXP AIG AMT AWK AMP ABC AME AMGN APH ADI ANSS AON APA AAPL AMAT APTV ACGL ANET AJG AIZ T ATO ADSK AZO AVB AVY AXON BKR BALL BAC BBWI BAX BDX WRB BRK.B BBY BIO TECH BIIB BLK BK BA BKNG BWA BXP BSX BMY AVGO BR BRO BF.B BG CHRW CDNS CZR CPT CPB COF CAH KMX CCL CARR CTLT CAT CBOE CBRE CDW CE CNC CNP CDAY CF CRL SCHW CHTR CVX CMG CB CHD CI CINF CTAS CSCO C CFG CLX CME CMS KO CTSH CL CMCSA CMA CAG COP ED STZ CEG COO CPRT GLW CTVA CSGP COST CTRA CCI CSX CMI CVS DHI DHR DRI DVA DE DAL XRAY DVN DXCM FANG DLR DFS DIS DG DLTR D DPZ DOV DOW DTE DUK DD DXC EMN ETN EBAY ECL EIX EW EA ELV LLY EMR ENPH ETR EOG EPAM EQT EFX EQIX EQR ESS EL ETSY EG EVRG ES EXC EXPE EXPD EXR XOM FFIV FDS FICO FAST FRT FDX FITB FSLR FE FIS FI FLT FMC F FTNT FTV FOXA FOX BEN FCX GRMN IT GEHC GEN GNRC GD GE GIS GM GPC GILD GL GPN GS HAL HIG HAS HCA PEAK HSIC HSY HES HPE HLT HOLX HD HON HRL HST HWM HPQ HUM HBAN HII IBM IEX IDXX ITW ILMN INCY IR PODD INTC ICE IFF IP IPG INTU ISRG IVZ INVH IQV IRM JBHT JKHY J JNJ JCI JPM JNPR K KVUE KDP KEY KEYS KMB KIM KMI KLAC KHC KR LHX LH LRCX LW LVS LDOS LEN LNC LIN LYV LKQ LMT L LOW LYB MTB MRO MPC MKTX MAR MMC MLM MAS MA MTCH MKC MCD MCK MDT MRK META MET MTD MGM MCHP MU MSFT MAA MRNA MHK MOH TAP MDLZ MPWR MNST MCO MS MOS MSI MSCI NDAQ NTAP NFLX NWL NEM NWSA NWS NEE NKE NI NDSN NSC NTRS NOC NCLH NRG NUE NVDA NVR NXPI ORLY OXY ODFL OMC ON OKE ORCL OGN OTIS PCAR PKG PANW PARA PH PAYX PAYC PYPL PNR PEP PFE PCG PM PSX PNW PXD PNC POOL PPG PPL PFG PG PGR PLD PRU PEG PTC PSA PHM QRVO PWR QCOM DGX RL RJF RTX O REG REGN RF RSG RMD RVTY RHI ROK ROL ROP ROST RCL SPGI CRM SBAC SLB STX SEE SRE NOW SHW SPG SWKS SJM SNA SEDG SO LUV SWK SBUX STT STLD STE SYK SYF SNPS SYY TMUS TROW TTWO TPR TRGP TGT TEL TDY TFX TER TSLA TXN TXT TMO TJX TSCO TT TDG TRV TRMB TFC TYL TSN USB UDR ULTA UNP UAL UPS URI UNH UHS VLO VTR VRSN VRSK VZ VRTX VFC VTRS VICI V VMC WAB WBA WMT WBD WM WAT WEC WFC WELL WST WDC WRK WY WHR WMB WTW GWW WYNN XEL XYL YUM ZBRA ZBH ZION ZTS
2023-09-30,1177710839,2023-09-29T02:55:17+00:00,503,MMM AOS ABT ABBV ACN ATVI ADM ADBE ADP AES AFL A ABNB APD AKAM ALK ALB ARE ALGN ALLE LNT ALL GOOGL GOOG MO AMZN AMCR AMD AEE AAL AEP AXP AIG AMT AWK AMP AME AMGN APH ADI ANSS AON APA AAPL AMAT APTV ACGL ANET AJG AIZ T ATO ADSK AZO AVB AVY AXON BKR BALL BAC BBWI BAX BDX WRB BRK.B BBY BIO TECH BIIB BLK BX BK BA BKNG BWA BXP BSX BMY AVGO BR BRO BF.B BG CHRW CDNS CZR CPT CPB COF CAH KMX CCL CARR CTLT CAT CBOE CBRE CDW CE COR CNC CNP CDAY CF CRL SCHW CHTR CVX CMG CB CHD CI CINF CTAS CSCO C CFG CLX CME CMS KO CTSH CL CMCSA CMA CAG COP ED STZ CEG COO CPRT GLW CTVA CSGP COST CTRA CCI CSX CMI CVS DHI DHR DRI DVA DE DAL XRAY DVN DXCM FANG DLR DFS DIS DG DLTR D DPZ DOV DOW DTE DUK DD DXC EMN ETN EBAY ECL EIX EW EA ELV LLY EMR ENPH ETR EOG EPAM EQT EFX EQIX EQR ESS EL ETSY EG EVRG ES EXC EXPE EXPD EXR XOM FFIV FDS FICO FAST FRT FDX FITB FSLR FE FIS FI FLT FMC F FTNT FTV FOXA FOX BEN FCX GRMN IT GEHC GEN GNRC GD GE GIS GM GPC GILD GL GPN GS HAL HIG HAS HCA PEAK HSIC HSY HES HPE HLT HOLX HD HON HRL HST HWM HPQ HUM HBAN HII IBM IEX IDXX ITW ILMN INCY IR PODD INTC ICE IFF IP IPG INTU ISRG IVZ INVH IQV IRM JBHT JKHY J JNJ JCI JPM JNPR K KVUE KDP KEY KEYS KMB KIM KMI KLAC KHC KR LHX LH LRCX LW LVS LDOS LEN LIN LYV LKQ LMT L LOW LYB MTB MRO MPC MKTX MAR MMC MLM MAS MA MTCH MKC MCD MCK MDT MRK META MET MTD MGM MCHP MU MSFT MAA MRNA MHK MOH TAP MDLZ MPWR MNST MCO MS MOS MSI MSCI NDAQ NTAP NFLX NEM NWSA NWS NEE NKE NI NDSN NSC NTRS NOC NCLH NRG NUE NVDA NVR NXPI ORLY OXY ODFL OMC ON OKE ORCL OGN OTIS PCAR PKG PANW PARA PH PAYX PAYC PYPL PNR PEP PFE PCG PM PSX PNW PXD PNC POOL PPG PPL PFG PG PGR PLD PRU PEG PTC PSA PHM QRVO PWR QCOM DGX RL RJF RTX O REG REGN RF RSG RMD RVTY RHI ROK ROL ROP ROST RCL SPGI CRM SBAC SLB STX SEE SRE NOW SHW SPG SWKS SJM SNA SEDG SO LUV SWK SBUX STT STLD STE SYK SYF SNPS SYY TMUS TROW TTWO TPR TRGP TGT TEL TDY TFX TER TSLA TXN TXT TMO TJX TSCO TT TDG TRV TRMB TFC TYL TSN USB UDR ULTA UNP UAL UPS URI UNH UHS VLO VTR VRSN VRSK VZ VRTX VFC VTRS VICI V VMC WAB WBA WMT WBD WM WAT WEC WFC WELL WST WDC WRK WY WHR WMB WTW GWW WYNN XEL XYL YUM ZBRA ZBH ZION ZTS
2023-10-31,1181754381,2023-10-25T00:45:20+00:00,503,MMM AOS ABT ABBV ACN ADM ADBE ADP AES AFL A ABNB APD AKAM ALK ALB ARE ALGN ALLE LNT ALL GOOGL GOOG MO AMZN AMCR AMD AEE AAL AEP AXP AIG AMT AWK AMP AME AMGN APH ADI ANSS AON APA AAPL AMAT APTV ACGL ANET AJG AIZ T ATO ADSK AZO AVB AVY AXON BKR BALL BAC BBWI BAX BDX WRB BRK.B BBY BIO TECH BIIB BLK BX BK BA BKNG BWA BXP BSX BMY AVGO BR BRO BF.B BG CHRW CDNS CZR CPT CPB COF CAH KMX CCL CARR CTLT CAT CBOE CBRE CDW CE COR CNC CNP CDAY CF CRL SCHW CHTR CVX CMG CB CHD CI CINF CTAS CSCO C CFG CLX CME CMS KO CTSH CL CMCSA CMA CAG COP ED STZ CEG COO CPRT GLW CTVA CSGP COST CTRA CCI CSX CMI CVS DHI DHR DRI DVA DE DAL XRAY DVN DXCM FANG DLR DFS DIS DG DLTR D DPZ DOV DOW DTE DUK DD EMN ETN EBAY ECL EIX EW EA ELV LLY EMR ENPH ETR EOG EPAM EQT EFX EQIX EQR ESS EL ETSY EG EVRG ES EXC EXPE EXPD EXR XOM FFIV FDS FICO FAST FRT FDX FITB FSLR FE FIS FI FLT FMC F FTNT FTV FOXA FOX BEN FCX GRMN IT GEHC GEN GNRC GD GE GIS GM GPC GILD GL GPN GS HAL HIG HAS HCA PEAK HSIC HSY HES HPE HLT HOLX HD HON HRL HST HWM HPQ HUBB HUM HBAN HII IBM IEX IDXX ITW ILMN INCY IR PODD INTC ICE IFF IP IPG INTU ISRG IVZ INVH IQV IRM JBHT JKHY J JNJ JCI JPM JNPR K KVUE KDP KEY KEYS KMB KIM KMI KLAC KHC KR LHX LH LRCX LW LVS LDOS LEN LIN LYV LKQ LMT L LOW LULU LYB MTB MRO MPC MKTX MAR MMC MLM MAS MA MTCH MKC MCD MCK MDT MRK META MET MTD MGM MCHP MU MSFT MAA MRNA MHK MOH TAP MDLZ MPWR MNST MCO MS MOS MSI MSCI NDAQ NTAP NFLX NEM NWSA NWS NEE NKE NI NDSN NSC NTRS NOC NCLH NRG NUE NVDA NVR NXPI ORLY OXY ODFL OMC ON OKE ORCL OTIS PCAR PKG PANW PARA PH PAYX PAYC PYPL PNR PEP PFE PCG PM PSX PNW PXD PNC POOL PPG PPL PFG PG PGR PLD PRU PEG PTC PSA PHM QRVO PWR QCOM DGX RL RJF RTX O REG REGN RF RSG RMD RVTY RHI ROK ROL ROP ROST RCL SPGI CRM SBAC SLB STX SEE SRE NOW SHW SPG SWKS SJM SNA SEDG SO LUV SWK SBUX STT STLD STE SYK SYF SNPS SYY TMUS TROW TTWO TPR TRGP TGT TEL TDY TFX TER TSLA TXN TXT TMO TJX TSCO TT TDG TRV TRMB TFC TYL TSN USB UDR ULTA UNP UAL UPS URI UNH UHS VLO VTR VLTO VRSN VRSK VZ VRTX VFC VTRS VICI V VMC WAB WBA WMT WBD WM WAT WEC WFC WELL WST WDC WRK WY WHR WMB WTW GWW WYNN XEL XYL YUM ZBRA ZBH ZION ZTS
2023-11-30,1186077809,2023-11-20T20:02:31+00:00,503,MMM AOS ABT ABBV ACN ADM ADBE ADP AES AFL A ABNB APD AKAM ALK ALB ARE ALGN ALLE LNT ALL GOOGL GOOG MO AMZN AMCR AMD AEE AAL AEP AXP AIG AMT AWK AMP AME AMGN APH ADI ANSS AON APA AAPL AMAT APTV ACGL ANET AJG AIZ T ATO ADSK AZO AVB AVY AXON BKR BALL BAC BBWI BAX BDX WRB BRK.B BBY BIO TECH BIIB BLK BX BK BA BKNG BWA BXP BSX BMY AVGO BR BRO BF.B BG CHRW CDNS CZR CPT CPB COF CAH KMX CCL CARR CTLT CAT CBOE CBRE CDW CE COR CNC CNP CDAY CF CRL SCHW CHTR CVX CMG CB CHD CI CINF CTAS CSCO C CFG CLX CME CMS KO CTSH CL CMCSA CMA CAG COP ED STZ CEG COO CPRT GLW CTVA CSGP COST CTRA CCI CSX CMI CVS DHI DHR DRI DVA DE DAL XRAY DVN DXCM FANG DLR DFS DIS DG DLTR D DPZ DOV DOW DTE DUK DD EMN ETN EBAY ECL EIX EW EA ELV LLY EMR ENPH ETR EOG EPAM EQT EFX EQIX EQR ESS EL ETSY EG EVRG ES EXC EXPE EXPD EXR XOM FFIV FDS FICO FAST FRT FDX FITB FSLR FE FIS FI FLT FMC F FTNT FTV FOXA FOX BEN FCX GRMN IT GEHC GEN GNRC GD GE GIS GM GPC GILD GL GPN GS HAL HIG HAS HCA PEAK HSIC HSY HES HPE HLT HOLX HD HON HRL HST HWM HPQ HUBB HUM HBAN HII IBM IEX IDXX ITW ILMN INCY IR PODD INTC ICE IFF IP IPG INTU ISRG IVZ INVH IQV IRM JBHT JKHY J JNJ JCI JPM JNPR K KVUE KDP KEY KEYS KMB KIM KMI KLAC KHC KR LHX LH LRCX LW LVS LDOS LEN LIN LYV LKQ LMT L LOW LULU LYB MTB MRO MPC MKTX MAR MMC MLM MAS MA MTCH MKC MCD MCK MDT MRK META MET MTD MGM MCHP MU MSFT MAA MRNA MHK MOH TAP MDLZ MPWR MNST MCO MS MOS MSI MSCI NDAQ NTAP NFLX NEM NWSA NWS NEE NKE NI NDSN NSC NTRS NOC NCLH NRG NUE NVDA NVR NXPI ORLY OXY ODFL OMC ON OKE ORCL OTIS PCAR PKG PANW PARA PH PAYX PAYC PYPL PNR PEP PFE PCG PM PSX PNW PXD PNC POOL PPG PPL PFG PG PGR PLD PRU PEG PTC PSA PHM QRVO PWR QCOM DGX RL RJF RTX O REG REGN RF RSG RMD RVTY RHI ROK ROL ROP ROST RCL SPGI CRM SBAC SLB STX SEE SRE NOW SHW SPG SWKS SJM SNA SEDG SO LUV SWK SBUX STT STLD STE SYK SYF SNPS SYY TMUS TROW TTWO TPR TRGP TGT TEL TDY TFX TER TSLA TXN TXT TMO TJX TSCO TT TDG TRV TRMB TFC TYL TSN USB UDR ULTA UNP UAL UPS URI UNH UHS VLO VTR VLTO VRSN VRSK VZ VRTX VFC VTRS VICI V VMC WAB WBA WMT WBD WM WAT WEC WFC WELL WST WDC WRK WY WHR WMB WTW GWW WYNN XEL XYL YUM ZBRA ZBH ZION ZTS
2023-12-31,1192789360,2023-12-31T09:32:39+00:00,503,MMM AOS ABT ABBV ACN ADBE AMD AES AFL A APD ABNB AKAM ALB ARE ALGN ALLE LNT ALL GOOGL GOOG MO AMZN AMCR AEE AAL AEP AXP AIG AMT AWK AMP AME AMGN APH ADI ANSS AON APA AAPL AMAT APTV ACGL ADM ANET AJG AIZ T ATO ADSK ADP AZO AVB AVY AXON BKR BALL BAC BK BBWI BAX BDX BRK.B BBY BIO TECH BIIB BLK BX BA BKNG BWA BXP BSX BMY AVGO BR BRO BF.B BLDR BG CDNS CZR CPT CPB COF CAH KMX CCL CARR CTLT CAT CBOE CBRE CDW CE COR CNC CNP CDAY CF CHRW CRL SCHW CHTR CVX CMG CB CHD CI CINF CTAS CSCO C CFG CLX CME CMS KO CTSH CL CMCSA CMA CAG COP ED STZ CEG COO CPRT GLW CTVA CSGP COST CTRA CCI CSX CMI CVS DHR DRI DVA DE DAL XRAY DVN DXCM FANG DLR DFS DG DLTR D DPZ DOV DOW DHI DTE DUK DD EMN ETN EBAY ECL EIX EW EA ELV LLY EMR ENPH ETR EOG EPAM EQT EFX EQIX EQR ESS EL ETSY EG EVRG ES EXC EXPE EXPD EXR XOM FFIV FDS FICO FAST FRT FDX FIS FITB FSLR FE FI FLT FMC F FTNT FTV FOXA FOX BEN FCX GRMN IT GEHC GEN GNRC GD GE GIS GM GPC GILD GPN GL GS HAL HIG HAS HCA PEAK HSIC HSY HES HPE HLT HOLX HD HON HRL HST HWM HPQ HUBB HUM HBAN HII IBM IEX IDXX ITW ILMN INCY IR PODD INTC ICE IFF IP IPG INTU ISRG IVZ INVH IQV IRM JBHT JBL JKHY J JNJ JCI JPM JNPR K KVUE KDP KEY KEYS KMB KIM KMI KLAC KHC KR LHX LH LRCX LW LVS LDOS LEN LIN LYV LKQ LMT L LOW LULU LYB MTB MRO MPC MKTX MAR MMC MLM MAS MA MTCH MKC MCD MCK MDT MRK META MET MTD MGM MCHP MU MSFT MAA MRNA MHK MOH TAP MDLZ MPWR MNST MCO MS MOS MSI MSCI NDAQ NTAP NFLX NEM NWSA NWS NEE NKE NI NDSN NSC NTRS NOC NCLH NRG NUE NVDA NVR NXPI ORLY OXY ODFL OMC ON OKE ORCL OTIS PCAR PKG PANW PARA PH PAYX PAYC PYPL PNR PEP PFE PCG PM PSX PNW PXD PNC POOL PPG PPL PFG PG PGR PLD PRU PEG PTC PSA PHM QRVO PWR QCOM DGX RL RJF RTX O REG REGN RF RSG RMD RVTY RHI ROK ROL ROP ROST RCL SPGI CRM SBAC SLB STX SRE NOW SHW SPG SWKS SJM SNA SO LUV SWK SBUX STT STLD STE SYK SYF SNPS SYY TMUS TROW TTWO TPR TRGP TGT TEL TDY TFX TER TSLA TXN TXT TMO TJX TSCO TT TDG TRV TRMB TFC TYL TSN USB UBER UDR ULTA UNP UAL UPS URI UNH UHS VLO VTR VLTO VRSN VRSK VZ VRTX VFC VTRS VICI V VMC WRB WAB WBA WMT DIS WBD WM WAT WEC WFC WELL WST WDC WRK WY WHR WMB WTW GWW WYNN XEL XYL YUM ZBRA ZBH ZION ZTS
2024-01-31,1197645693,2024-01-21T10:48:32+00:00,503,MMM AOS ABT ABBV ACN ADBE AMD AES AFL A APD ABNB AKAM ALB ARE ALGN ALLE LNT ALL GOOGL GOOG MO AMZN AMCR AEE AAL AEP AXP AIG AMT AWK AMP AME AMGN APH ADI ANSS AON APA AAPL AMAT APTV ACGL ADM ANET AJG AIZ T ATO ADSK ADP AZO AVB AVY AXON BKR BALL BAC BK BBWI BAX BDX BRK.B BBY BIO TECH BIIB BLK BX BA BKNG BWA BXP BSX BMY AVGO BR BRO BF.B BLDR BG CDNS CZR CPT CPB COF CAH KMX CCL CARR CTLT CAT CBOE CBRE CDW CE COR CNC CNP CDAY CF CHRW CRL SCHW CHTR CVX CMG CB CHD CI CINF CTAS CSCO C CFG CLX CME CMS KO CTSH CL CMCSA CMA CAG COP ED STZ CEG COO CPRT GLW CTVA CSGP COST CTRA CCI CSX CMI CVS DHR DRI DVA DE DAL XRAY DVN DXCM FANG DLR DFS DG DLTR D DPZ DOV DOW DHI DTE DUK DD EMN ETN EBAY ECL EIX EW EA ELV LLY EMR ENPH ETR EOG EPAM EQT EFX EQIX EQR ESS EL ETSY EG EVRG ES EXC EXPE EXPD EXR XOM FFIV FDS FICO FAST FRT FDX FIS FITB FSLR FE FI FLT FMC F FTNT FTV FOXA FOX BEN FCX GRMN IT GEHC GEN GNRC GD GE GIS GM GPC GILD GPN GL GS HAL HIG HAS HCA PEAK HSIC HSY HES HPE HLT HOLX HD HON HRL HST HWM HPQ HUBB HUM HBAN HII IBM IEX IDXX ITW ILMN INCY IR PODD INTC ICE IFF IP IPG INTU ISRG IVZ INVH IQV IRM JBHT JBL JKHY J JNJ JCI JPM JNPR K KVUE KDP KEY KEYS KMB KIM KMI KLAC KHC KR LHX LH LRCX LW LVS LDOS LEN LIN LYV LKQ LMT L LOW LULU LYB MTB MRO MPC MKTX MAR MMC MLM MAS MA MTCH MKC MCD MCK MDT MRK META MET MTD MGM MCHP MU MSFT MAA MRNA MHK MOH TAP MDLZ MPWR MNST MCO MS MOS MSI MSCI NDAQ NTAP NFLX NEM NWSA NWS NEE NKE NI NDSN NSC NTRS NOC NCLH NRG NUE NVDA NVR NXPI ORLY OXY ODFL OMC ON OKE ORCL OTIS PCAR PKG PANW PARA PH PAYX PAYC PYPL PNR PEP PFE PCG PM PSX PNW PXD PNC POOL PPG PPL PFG PG PGR PLD PRU PEG PTC PSA PHM QRVO PWR QCOM DGX RL RJF RTX O REG REGN RF RSG RMD RVTY RHI ROK ROL ROP ROST RCL SPGI CRM SBAC SLB STX SRE NOW SHW SPG SWKS SJM SNA SO LUV SWK SBUX STT STLD STE SYK SYF SNPS SYY TMUS TROW TTWO TPR TRGP TGT TEL TDY TFX TER TSLA TXN TXT TMO TJX TSCO TT TDG TRV TRMB TFC TYL TSN USB UBER UDR ULTA UNP UAL UPS URI UNH UHS VLO VTR VLTO VRSN VRSK VZ VRTX VFC VTRS VICI V VMC WRB WAB WBA WMT DIS WBD WM WAT WEC WFC WELL WST WDC WRK WY WHR WMB WTW GWW WYNN XEL XYL YUM ZBRA ZBH ZION ZTS
2024-02-29,1205523539,2024-02-09T21:24:15+00:00,503,MMM AOS ABT ABBV ACN ADBE AMD AES AFL A APD ABNB AKAM ALB ARE ALGN ALLE LNT ALL GOOGL GOOG MO AMZN AMCR AEE AAL AEP AXP AIG AMT AWK AMP AME AMGN APH ADI ANSS AON APA AAPL AMAT APTV ACGL ADM ANET AJG AIZ T ATO ADSK ADP AZO AVB AVY AXON BKR BALL BAC BK BBWI BAX BDX BRK.B BBY BIO TECH BIIB BLK BX BA BKNG BWA BXP BSX BMY AVGO BR BRO BF.B BLDR BG CDNS CZR CPT CPB COF CAH KMX CCL CARR CTLT CAT CBOE CBRE CDW CE COR CNC CNP CF CHRW CRL SCHW CHTR CVX CMG CB CHD CI CINF CTAS CSCO C CFG CLX CME CMS KO CTSH CL CMCSA CMA CAG COP ED STZ CEG COO CPRT GLW CTVA CSGP COST CTRA CCI CSX CMI CVS DHR DRI DVA DAY DE DAL XRAY DVN DXCM FANG DLR DFS DG DLTR D DPZ DOV DOW DHI DTE DUK DD EMN ETN EBAY ECL EIX EW EA ELV LLY EMR ENPH ETR EOG EPAM EQT EFX EQIX EQR ESS EL ETSY EG EVRG ES EXC EXPE EXPD EXR XOM FFIV FDS FICO FAST FRT FDX FIS FITB FSLR FE FI FLT FMC F FTNT FTV FOXA FOX BEN FCX GRMN IT GEHC GEN GNRC GD GE GIS GM GPC GILD GPN GL GS HAL HIG HAS HCA PEAK HSIC HSY HES HPE HLT HOLX HD HON HRL HST HWM HPQ HUBB HUM HBAN HII IBM IEX IDXX ITW ILMN INCY IR PODD INTC ICE IFF IP IPG INTU ISRG IVZ INVH IQV IRM JBHT JBL JKHY J JNJ JCI JPM JNPR K KVUE KDP KEY KEYS KMB KIM KMI KLAC KHC KR LHX LH LRCX LW LVS LDOS LEN LIN LYV LKQ LMT L LOW LULU LYB MTB MRO MPC MKTX MAR MMC MLM MAS MA MTCH MKC MCD MCK MDT MRK META MET MTD MGM MCHP MU MSFT MAA MRNA MHK MOH TAP MDLZ MPWR MNST MCO MS MOS MSI MSCI NDAQ NTAP NFLX NEM NWSA NWS NEE NKE NI NDSN NSC NTRS NOC NCLH NRG NUE NVDA NVR NXPI ORLY OXY ODFL OMC ON OKE ORCL OTIS PCAR PKG PANW PARA PH PAYX PAYC PYPL PNR PEP PFE PCG PM PSX PNW PXD PNC POOL PPG PPL PFG PG PGR PLD PRU PEG PTC PSA PHM QRVO PWR QCOM DGX RL RJF RTX O REG REGN RF RSG RMD RVTY RHI ROK ROL ROP ROST RCL SPGI CRM SBAC SLB STX SRE NOW SHW SPG SWKS SJM SNA SO LUV SWK SBUX STT STLD STE SYK SYF SNPS SYY TMUS TROW TTWO TPR TRGP TGT TEL TDY TFX TER TSLA TXN TXT TMO TJX TSCO TT TDG TRV TRMB TFC TYL TSN USB UBER UDR ULTA UNP UAL UPS URI UNH UHS VLO VTR VLTO VRSN VRSK VZ VRTX VFC VTRS VICI V VMC WRB WAB WBA WMT DIS WBD WM WAT WEC WFC WELL WST WDC WRK WY WHR WMB WTW GWW WYNN XEL XYL YUM ZBRA ZBH ZION ZTS
2024-03-31,1216084649,2024-03-28T23:14:51+00:00,503,MMM AOS ABT ABBV ACN ADBE AMD AES AFL A APD ABNB AKAM ALB ARE ALGN ALLE LNT ALL GOOGL GOOG MO AMZN AMCR AEE AAL AEP AXP AIG AMT AWK AMP AME AMGN APH ADI ANSS AON APA AAPL AMAT APTV ACGL ADM ANET AJG AIZ T ATO ADSK ADP AZO AVB AVY AXON BKR BALL BAC BK BBWI BAX BDX BRK.B BBY BIO TECH BIIB BLK BX BA BKNG BWA BXP BSX BMY AVGO BR BRO BF.B BLDR BG CDNS CZR CPT CPB COF CAH KMX CCL CARR CTLT CAT CBOE CBRE CDW CE COR CNC CNP CF CHRW CRL SCHW CHTR CVX CMG CB CHD CI CINF CTAS CSCO C CFG CLX CME CMS KO CTSH CL CMCSA CMA CAG COP ED STZ CEG COO CPRT GLW CPAY CTVA CSGP COST CTRA CCI CSX CMI CVS DHR DRI DVA DAY DECK DE DAL XRAY DVN DXCM FANG DLR DFS DG DLTR D DPZ DOV DOW DHI DTE DUK DD EMN ETN EBAY ECL EIX EW EA ELV LLY EMR ENPH ETR EOG EPAM EQT EFX EQIX EQR ESS EL ETSY EG EVRG ES EXC EXPE EXPD EXR XOM FFIV FDS FICO FAST FRT FDX FIS FITB FSLR FE FI FMC F FTNT FTV FOXA FOX BEN FCX GRMN IT GEHC GEN GNRC GD GE GIS GM GPC GILD GPN GL GS HAL HIG HAS HCA DOC HSIC HSY HES HPE HLT HOLX HD HON HRL HST HWM HPQ HUBB HUM HBAN HII IBM IEX IDXX ITW ILMN INCY IR PODD INTC ICE IFF IP IPG INTU ISRG IVZ INVH IQV IRM JBHT JBL JKHY J JNJ JCI JPM JNPR K KVUE KDP KEY KEYS KMB KIM KMI KLAC KHC KR LHX LH LRCX LW LVS LDOS LEN LIN LYV LKQ LMT L LOW LULU LYB MTB MRO MPC MKTX MAR MMC MLM MAS MA MTCH MKC MCD MCK MDT MRK META MET MTD MGM MCHP MU MSFT MAA MRNA MHK MOH TAP MDLZ MPWR MNST MCO MS MOS MSI MSCI NDAQ NTAP NFLX NEM NWSA NWS NEE NKE NI NDSN NSC NTRS NOC NCLH NRG NUE NVDA NVR NXPI ORLY OXY ODFL OMC ON OKE ORCL OTIS PCAR PKG PANW PARA PH PAYX PAYC PYPL PNR PEP PFE PCG PM PSX PNW PXD PNC POOL PPG PPL PFG PG PGR PLD PRU PEG PTC PSA PHM QRVO PWR QCOM DGX RL RJF RTX O REG REGN RF RSG RMD RVTY RHI ROK ROL ROP ROST RCL SPGI CRM SBAC SLB STX SRE NOW SHW SPG SWKS SJM SNA SO LUV SWK SBUX STT STLD STE SYK SMCI SYF SNPS SYY TMUS TROW TTWO TPR TRGP TGT TEL TDY TFX TER TSLA TXN TXT TMO TJX TSCO TT TDG TRV TRMB TFC TYL TSN USB UBER UDR ULTA UNP UAL UPS URI UNH UHS VLO VTR VLTO VRSN VRSK VZ VRTX VFC VTRS VICI V VMC WRB WAB WBA WMT DIS WBD WM WAT WEC WFC WELL WST WDC WRK WY WMB WTW GWW WYNN XEL XYL YUM ZBRA ZBH ZTS
2024-04-30,1219339331,2024-04-17T04:39:54+00:00,503,MMM AOS ABT ABBV ACN ADBE AMD AES AFL A APD ABNB AKAM ALB ARE ALGN ALLE LNT ALL GOOGL GOOG MO AMZN AMCR AEE AAL AEP AXP AIG AMT AWK AMP AME AMGN APH ADI ANSS AON APA AAPL AMAT APTV ACGL ADM ANET AJG AIZ T ATO ADSK ADP AZO AVB AVY AXON BKR BALL BAC BK BBWI BAX BDX BRK.B BBY BIO TECH BIIB BLK BX BA BKNG BWA BXP BSX BMY AVGO BR BRO BF.B BLDR BG CDNS CZR CPT CPB COF CAH KMX CCL CARR CTLT CAT CBOE CBRE CDW CE COR CNC CNP CF CHRW CRL SCHW CHTR CVX CMG CB CHD CI CINF CTAS CSCO C CFG CLX CME CMS KO CTSH CL CMCSA CMA CAG COP ED STZ CEG COO CPRT GLW CPAY CTVA CSGP COST CTRA CCI CSX CMI CVS DHR DRI DVA DAY DECK DE DAL DVN DXCM FANG DLR DFS DG DLTR D DPZ DOV DOW DHI DTE DUK DD EMN ETN EBAY ECL EIX EW EA ELV LLY EMR ENPH ETR EOG EPAM EQT EFX EQIX EQR ESS EL ETSY EG EVRG ES EXC EXPE EXPD EXR XOM FFIV FDS FICO FAST FRT FDX FIS FITB FSLR FE FI FMC F FTNT FTV FOXA FOX BEN FCX GRMN IT GE GEHC GEV GEN GNRC GD GIS GM GPC GILD GPN GL GS HAL HIG HAS HCA DOC HSIC HSY HES HPE HLT HOLX HD HON HRL HST HWM HPQ HUBB HUM HBAN HII IBM IEX IDXX ITW ILMN INCY IR PODD INTC ICE IFF IP IPG INTU ISRG IVZ INVH IQV IRM JBHT JBL JKHY J JNJ JCI JPM JNPR K KVUE KDP KEY KEYS KMB KIM KMI KLAC KHC KR LHX LH LRCX LW LVS LDOS LEN LIN LYV LKQ LMT L LOW LULU LYB MTB MRO MPC MKTX MAR MMC MLM MAS MA MTCH MKC MCD MCK MDT MRK META MET MTD MGM MCHP MU MSFT MAA MRNA MHK MOH TAP MDLZ MPWR MNST MCO MS MOS MSI MSCI NDAQ NTAP NFLX NEM NWSA NWS NEE NKE NI NDSN NSC NTRS NOC NCLH NRG NUE NVDA NVR NXPI ORLY OXY ODFL OMC ON OKE ORCL OTIS PCAR PKG PANW PARA PH PAYX PAYC PYPL PNR PEP PFE PCG PM PSX PNW PXD PNC POOL PPG PPL PFG PG PGR PLD PRU PEG PTC PSA PHM QRVO PWR QCOM DGX RL RJF RTX O REG REGN RF RSG RMD RVTY RHI ROK ROL ROP ROST RCL SPGI CRM SBAC SLB STX SRE NOW SHW SPG SWKS SJM SNA SOLV SO LUV SWK SBUX STT STLD STE SYK SMCI SYF SNPS SYY TMUS TROW TTWO TPR TRGP TGT TEL TDY TFX TER TSLA TXN TXT TMO TJX TSCO TT TDG TRV TRMB TFC TYL TSN USB UBER UDR ULTA UNP UAL UPS URI UNH UHS VLO VTR VLTO VRSN VRSK VZ VRTX VTRS VICI V VMC WRB WAB WBA WMT DIS WBD WM WAT WEC WFC WELL WST WDC WRK WY WMB WTW GWW WYNN XEL XYL YUM ZBRA ZBH ZTS
2024-05-31,1225357006,2024-05-23T22:43:30+00:00,503,MMM AOS ABT ABBV ACN ADBE AMD AES AFL A APD ABNB AKAM ALB ARE ALGN ALLE LNT ALL GOOGL GOOG MO AMZN AMCR AEE AAL AEP AXP AIG AMT AWK AMP AME AMGN APH ADI ANSS AON APA AAPL AMAT APTV ACGL ADM ANET AJG AIZ T ATO ADSK ADP AZO AVB AVY AXON BKR BALL BAC BK BBWI BAX BDX BRK.B BBY BIO TECH BIIB BLK BX BA BKNG BWA BXP BSX BMY AVGO BR BRO BF.B BLDR BG CDNS CZR CPT CPB COF CAH KMX CCL CARR CTLT CAT CBOE CBRE CDW CE COR CNC CNP CF CHRW CRL SCHW CHTR CVX CMG CB CHD CI CINF CTAS CSCO C CFG CLX CME CMS KO CTSH CL CMCSA CMA CAG COP ED STZ CEG COO CPRT GLW CPAY CTVA CSGP COST CTRA CCI CSX CMI CVS DHR DRI DVA DAY DECK DE DAL DVN DXCM FANG DLR DFS DG DLTR D DPZ DOV DOW DHI DTE DUK DD EMN ETN EBAY ECL EIX EW EA ELV LLY EMR ENPH ETR EOG EPAM EQT EFX EQIX EQR ESS EL ETSY EG EVRG ES EXC EXPE EXPD EXR XOM FFIV FDS FICO FAST FRT FDX FIS FITB FSLR FE FI FMC F FTNT FTV FOXA FOX BEN FCX GRMN IT GE GEHC GEV GEN GNRC GD GIS GM GPC GILD GPN GL GS HAL HIG HAS HCA DOC HSIC HSY HES HPE HLT HOLX HD HON HRL HST HWM HPQ HUBB HUM HBAN HII IBM IEX IDXX ITW ILMN INCY IR PODD INTC ICE IFF IP IPG INTU ISRG IVZ INVH IQV IRM JBHT JBL JKHY J JNJ JCI JPM JNPR K KVUE KDP KEY KEYS KMB KIM KMI KLAC KHC KR LHX LH LRCX LW LVS LDOS LEN LIN LYV LKQ LMT L LOW LULU LYB MTB MRO MPC MKTX MAR MMC MLM MAS MA MTCH MKC MCD MCK MDT MRK META MET MTD MGM MCHP MU MSFT MAA MRNA MHK MOH TAP MDLZ MPWR MNST MCO MS MOS MSI MSCI NDAQ NTAP NFLX NEM NWSA NWS NEE NKE NI NDSN NSC NTRS NOC NCLH NRG NUE NVDA NVR NXPI ORLY OXY ODFL OMC ON OKE ORCL OTIS PCAR PKG PANW PARA PH PAYX PAYC PYPL PNR PEP PFE PCG PM PSX PNW PNC POOL PPG PPL PFG PG PGR PLD PRU PEG PTC PSA PHM QRVO PWR QCOM DGX RL RJF RTX O REG REGN RF RSG RMD RVTY RHI ROK ROL ROP ROST RCL SPGI CRM SBAC SLB STX SRE NOW SHW SPG SWKS SJM SNA SOLV SO LUV SWK SBUX STT STLD STE SYK SMCI SYF SNPS SYY TMUS TROW TTWO TPR TRGP TGT TEL TDY TFX TER TSLA TXN TXT TMO TJX TSCO TT TDG TRV TRMB TFC TYL TSN USB UBER UDR ULTA UNP UAL UPS URI UNH UHS VLO VTR VLTO VRSN VRSK VZ VRTX VTRS VICI V VST VMC WRB GWW WAB WBA WMT DIS WBD WM WAT WEC WFC WELL WST WDC WRK WY WMB WTW WYNN XEL XYL YUM ZBRA ZBH ZTS
2024-06-30,1231032496,2024-06-26T02:16:54+00:00,503,MMM AOS ABT ABBV ACN ADBE AMD AES AFL A APD ABNB AKAM ALB ARE ALGN ALLE LNT ALL GOOGL GOOG MO AMZN AMCR AEE AAL AEP AXP AIG AMT AWK AMP AME AMGN APH ADI ANSS AON APA AAPL AMAT APTV ACGL ADM ANET AJG AIZ T ATO ADSK ADP AZO AVB AVY AXON BKR BALL BAC BK BBWI BAX BDX BRK.B BBY BIO TECH BIIB BLK BX BA BKNG BWA BXP BSX BMY AVGO BR BRO BF.B BLDR BG CDNS CZR CPT CPB COF CAH KMX CCL CARR CTLT CAT CBOE CBRE CDW CE COR CNC CNP CF CHRW CRL SCHW CHTR CVX CMG CB CHD CI CINF CTAS CSCO C CFG CLX CME CMS KO CTSH CL CMCSA CAG COP ED STZ CEG COO CPRT GLW CPAY CTVA CSGP COST CTRA CRWD CCI CSX CMI CVS DHR DRI DVA DAY DECK DE DAL DVN DXCM FANG DLR DFS DG DLTR D DPZ DOV DOW DHI DTE DUK DD EMN ETN EBAY ECL EIX EW EA ELV LLY EMR ENPH ETR EOG EPAM EQT EFX EQIX EQR ESS EL ETSY EG EVRG ES EXC EXPE EXPD EXR XOM FFIV FDS FICO FAST FRT FDX FIS FITB FSLR FE FI FMC F FTNT FTV FOXA FOX BEN FCX GRMN IT GE GEHC GEV GEN GNRC GD GIS GM GPC GILD GPN GL GDDY GS HAL HIG HAS HCA DOC HSIC HSY HES HPE HLT HOLX HD HON HRL HST HWM HPQ HUBB HUM HBAN HII IBM IEX IDXX ITW INCY IR PODD INTC ICE IFF IP IPG INTU ISRG IVZ INVH IQV IRM JBHT JBL JKHY J JNJ JCI JPM JNPR K KVUE KDP KEY KEYS KMB KIM KMI KKR KLAC KHC KR LHX LH LRCX LW LVS LDOS LEN LIN LYV LKQ LMT L LOW LULU LYB MTB MRO MPC MKTX MAR MMC MLM MAS MA MTCH MKC MCD MCK MDT MRK META MET MTD MGM MCHP MU MSFT MAA MRNA MHK MOH TAP MDLZ MPWR MNST MCO MS MOS MSI MSCI NDAQ NTAP NFLX NEM NWSA NWS NEE NKE NI NDSN NSC NTRS NOC NCLH NRG NUE NVDA NVR NXPI ORLY OXY ODFL OMC ON OKE ORCL OTIS PCAR PKG PANW PARA PH PAYX PAYC PYPL PNR PEP PFE PCG PM PSX PNW PNC POOL PPG PPL PFG PG PGR PLD PRU PEG PTC PSA PHM QRVO PWR QCOM DGX RL RJF RTX O REG REGN RF RSG RMD RVTY ROK ROL ROP ROST RCL SPGI CRM SBAC SLB STX SRE NOW SHW SPG SWKS SJM SNA SOLV SO LUV SWK SBUX STT STLD STE SYK SMCI SYF SNPS SYY TMUS TROW TTWO TPR TRGP TGT TEL TDY TFX TER TSLA TXN TXT TMO TJX TSCO TT TDG TRV TRMB TFC TYL TSN USB UBER UDR ULTA UNP UAL UPS URI UNH UHS VLO VTR VLTO VRSN VRSK VZ VRTX VTRS VICI V VST VMC WRB GWW WAB WBA WMT DIS WBD WM WAT WEC WFC WELL WST WDC WRK WY WMB WTW WYNN XEL XYL YUM ZBRA ZBH ZTS
2024-07-31,1237530658,2024-07-30T07:12:31+00:00,503,MMM AOS ABT ABBV ACN ADBE AMD AES AFL A APD ABNB AKAM ALB ARE ALGN ALLE LNT ALL GOOGL GOOG MO AMZN AMCR AEE AAL AEP AXP AIG AMT AWK AMP AME AMGN APH ADI ANSS AON APA AAPL AMAT APTV ACGL ADM ANET AJG AIZ T ATO ADSK ADP AZO AVB AVY AXON BKR BALL BAC BK BBWI BAX BDX BRK.B BBY BIO TECH BIIB BLK BX BA BKNG BWA BSX BMY AVGO BR BRO BF.B BLDR BG BXP CDNS CZR CPT CPB COF CAH KMX CCL CARR CTLT CAT CBOE CBRE CDW CE COR CNC CNP CF CHRW CRL SCHW CHTR CVX CMG CB CHD CI CINF CTAS CSCO C CFG CLX CME CMS KO CTSH CL CMCSA CAG COP ED STZ CEG COO CPRT GLW CPAY CTVA CSGP COST CTRA CRWD CCI CSX CMI CVS DHR DRI DVA DAY DECK DE DAL DVN DXCM FANG DLR DFS DG DLTR D DPZ DOV DOW DHI DTE DUK DD EMN ETN EBAY ECL EIX EW EA ELV EMR ENPH ETR EOG EPAM EQT EFX EQIX EQR ESS EL ETSY EG EVRG ES EXC EXPE EXPD EXR XOM FFIV FDS FICO FAST FRT FDX FIS FITB FSLR FE FI FMC F FTNT FTV FOXA FOX BEN FCX GRMN IT GE GEHC GEV GEN GNRC GD GIS GM GPC GILD GPN GL GDDY GS HAL HIG HAS HCA DOC HSIC HSY HES HPE HLT HOLX HD HON HRL HST HWM HPQ HUBB HUM HBAN HII IBM IEX IDXX ITW INCY IR PODD INTC ICE IFF IP IPG INTU ISRG IVZ INVH IQV IRM JBHT JBL JKHY J JNJ JCI JPM JNPR K KVUE KDP KEY KEYS KMB KIM KMI KKR KLAC KHC KR LHX LH LRCX LW LVS LDOS LEN LLY LIN LYV LKQ LMT L LOW LULU LYB MTB MRO MPC MKTX MAR MMC MLM MAS MA MTCH MKC MCD MCK MDT MRK META MET MTD MGM MCHP MU MSFT MAA MRNA MHK MOH TAP MDLZ MPWR MNST MCO MS MOS MSI MSCI NDAQ NTAP NFLX NEM NWSA NWS NEE NKE NI NDSN NSC NTRS NOC NCLH NRG NUE NVDA NVR NXPI ORLY OXY ODFL OMC ON OKE ORCL OTIS PCAR PKG PANW PARA PH PAYX PAYC PYPL PNR PEP PFE PCG PM PSX PNW PNC POOL PPG PPL PFG PG PGR PLD PRU PEG PTC PSA PHM QRVO PWR QCOM DGX RL RJF RTX O REG REGN RF RSG RMD RVTY ROK ROL ROP ROST RCL SPGI CRM SBAC SLB STX SRE NOW SHW SPG SWKS SJM SW SNA SOLV SO LUV SWK SBUX STT STLD STE SYK SMCI SYF SNPS SYY TMUS TROW TTWO TPR TRGP TGT TEL TDY TFX TER TSLA TXN TXT TMO TJX TSCO TT TDG TRV TRMB TFC TYL TSN USB UBER UDR ULTA UNP UAL UPS URI UNH UHS VLO VTR VLTO VRSN VRSK VZ VRTX VTRS VICI V VST VMC WRB GWW WAB WBA WMT DIS WBD WM WAT WEC WFC WELL WST WDC WY WMB WTW WYNN XEL XYL YUM ZBRA ZBH ZTS
2024-08-31,1242985834,2024-08-29T21:00:14+00:00,503,MMM AOS ABT ABBV ACN ADBE AMD AES AFL A APD ABNB AKAM ALB ARE ALGN ALLE LNT ALL GOOGL GOOG MO AMZN AMCR AEE AAL AEP AXP AIG AMT AWK AMP AME AMGN APH ADI ANSS AON APA AAPL AMAT APTV ACGL ADM ANET AJG AIZ T ATO ADSK ADP AZO AVB AVY AXON BKR BALL BAC BK BBWI BAX BDX BRK.B BBY BIO TECH BIIB BLK BX BA BKNG BWA BSX BMY AVGO BR BRO BF.B BLDR BG BXP CHRW CDNS CZR CPT CPB COF CAH KMX CCL CARR CTLT CAT CBOE CBRE CDW CE COR CNC CNP CF CRL SCHW CHTR CVX CMG CB CHD CI CINF CTAS CSCO C CFG CLX CME CMS KO CTSH CL CMCSA CAG COP ED STZ CEG COO CPRT GLW CPAY CTVA CSGP COST CTRA CRWD CCI CSX CMI CVS DHR DRI DVA DAY DECK DE DAL DVN DXCM FANG DLR DFS DG DLTR D DPZ DOV DOW DHI DTE DUK DD EMN ETN EBAY ECL EIX EW EA ELV EMR ENPH ETR EOG EPAM EQT EFX EQIX EQR ESS EL ETSY EG EVRG ES EXC EXPE EXPD EXR XOM FFIV FDS FICO FAST FRT FDX FIS FITB FSLR FE FI FMC F FTNT FTV FOXA FOX BEN FCX GRMN IT GE GEHC GEV GEN GNRC GD GIS GM GPC GILD GPN GL GDDY GS HAL HIG HAS HCA DOC HSIC HSY HES HPE HLT HOLX HD HON HRL HST HWM HPQ HUBB HUM HBAN HII IBM IEX IDXX ITW INCY IR PODD INTC ICE IFF IP IPG INTU ISRG IVZ INVH IQV IRM JBHT JBL JKHY J JNJ JCI JPM JNPR K KVUE KDP KEY KEYS KMB KIM KMI KKR KLAC KHC KR LHX LH LRCX LW LVS LDOS LEN LLY LIN LYV LKQ LMT L LOW LULU LYB MTB MRO MPC MKTX MAR MMC MLM MAS MA MTCH MKC MCD MCK MDT MRK META MET MTD MGM MCHP MU MSFT MAA MRNA MHK MOH TAP MDLZ MPWR MNST MCO MS MOS MSI MSCI NDAQ NTAP NFLX NEM NWSA NWS NEE NKE NI NDSN NSC NTRS NOC NCLH NRG NUE NVDA NVR NXPI ORLY OXY ODFL OMC ON OKE ORCL OTIS PCAR PKG PANW PARA PH PAYX PAYC PYPL PNR PEP PFE PCG PM PSX PNW PNC POOL PPG PPL PFG PG PGR PLD PRU PEG PTC PSA PHM QRVO PWR QCOM DGX RL RJF RTX O REG REGN RF RSG RMD RVTY ROK ROL ROP ROST RCL SPGI CRM SBAC SLB STX SRE NOW SHW SPG SWKS SJM SW SNA SOLV SO LUV SWK SBUX STT STLD STE SYK SMCI SYF SNPS SYY TMUS TROW TTWO TPR TRGP TGT TEL TDY TFX TER TSLA TXN TXT TMO TJX TSCO TT TDG TRV TRMB TFC TYL TSN USB UBER UDR ULTA UNP UAL UPS URI UNH UHS VLO VTR VLTO VRSN VRSK VZ VRTX VTRS VICI V VST VMC WRB GWW WAB WBA WMT DIS WBD WM WAT WEC WFC WELL WST WDC WY WMB WTW WYNN XEL XYL YUM ZBRA ZBH ZTS
2024-09-30,1248679132,2024-09-30T21:23:54+00:00,503,MMM AOS ABT ABBV ACN ADBE AMD AES AFL A APD ABNB AKAM ALB ARE ALGN ALLE LNT ALL GOOGL GOOG MO AMZN AMCR AMTM AEE AEP AXP AIG AMT AWK AMP AME AMGN APH ADI ANSS AON APA AAPL AMAT APTV ACGL ADM ANET AJG AIZ T ATO ADSK ADP AZO AVB AVY AXON BKR BALL BAC BAX BDX BRK.B BBY TECH BIIB BLK BX BK BA BKNG BWA BSX BMY AVGO BR BRO BF.B BLDR BG BXP CHRW CDNS CZR CPT CPB COF CAH KMX CCL CARR CTLT CAT CBOE CBRE CDW CE COR CNC CNP CF CRL SCHW CHTR CVX CMG CB CHD CI CINF CTAS CSCO C CFG CLX CME CMS KO CTSH CL CMCSA CAG COP ED STZ CEG COO CPRT GLW CPAY CTVA CSGP COST CTRA CRWD CCI CSX CMI CVS DHR DRI DVA DAY DECK DE DELL DAL DVN DXCM FANG DLR DFS DG DLTR D DPZ DOV DOW DHI DTE DUK DD EMN ETN EBAY ECL EIX EW EA ELV EMR ENPH ETR EOG EPAM EQT EFX EQIX EQR ERIE ESS EL EG EVRG ES EXC EXPE EXPD EXR XOM FFIV FDS FICO FAST FRT FDX FIS FITB FSLR FE FI FMC F FTNT FTV FOXA FOX BEN FCX GRMN IT GE GEHC GEV GEN GNRC GD GIS GM GPC GILD GPN GL GDDY GS HAL HIG HAS HCA DOC HSIC HSY HES HPE HLT HOLX HD HON HRL HST HWM HPQ HUBB HUM HBAN HII IBM IEX IDXX ITW INCY IR PODD INTC ICE IFF IP IPG INTU ISRG IVZ INVH IQV IRM JBHT JBL JKHY J JNJ JCI JPM JNPR K KVUE KDP KEY KEYS KMB KIM KMI KKR KLAC KHC KR LHX LH LRCX LW LVS LDOS LEN LLY LIN LYV LKQ LMT L LOW LULU LYB MTB MRO MPC MKTX MAR MMC MLM MAS MA MTCH MKC MCD MCK MDT MRK META MET MTD MGM MCHP MU MSFT MAA MRNA MHK MOH TAP MDLZ MPWR MNST MCO MS MOS MSI MSCI NDAQ NTAP NFLX NEM NWSA NWS NEE NKE NI NDSN NSC NTRS NOC NCLH NRG NUE NVDA NVR NXPI ORLY OXY ODFL OMC ON OKE ORCL OTIS PCAR PKG PLTR PANW PARA PH PAYX PAYC PYPL PNR PEP PFE PCG PM PSX PNW PNC POOL PPG PPL PFG PG PGR PLD PRU PEG PTC PSA PHM QRVO PWR QCOM DGX RL RJF RTX O REG REGN RF RSG RMD RVTY ROK ROL ROP ROST RCL SPGI CRM SBAC SLB STX SRE NOW SHW SPG SWKS SJM SW SNA SOLV SO LUV SWK SBUX STT STLD STE SYK SMCI SYF SNPS SYY TMUS TROW TTWO TPR TRGP TGT TEL TDY TFX TER TSLA TXN TXT TMO TJX TSCO TT TDG TRV TRMB TFC TYL TSN USB UBER UDR ULTA UNP UAL UPS URI UNH UHS VLO VTR VLTO VRSN VRSK VZ VRTX VTRS VICI V VST VMC WRB GWW WAB WBA WMT DIS WBD WM WAT WEC WFC WELL WST WDC WY WMB WTW WYNN XEL XYL YUM ZBRA ZBH ZTS
2024-10-31,1253625479,2024-10-27T00:35:52+00:00,503,MMM AOS ABT ABBV ACN ADBE AMD AES AFL A APD ABNB AKAM ALB ARE ALGN ALLE LNT ALL GOOGL GOOG MO AMZN AMCR AMTM AEE AEP AXP AIG AMT AWK AMP AME AMGN APH ADI ANSS AON APA AAPL AMAT APTV ACGL ADM ANET AJG AIZ T ATO ADSK ADP AZO AVB AVY AXON BKR BALL BAC BAX BDX BRK.B BBY TECH BIIB BLK BX BK BA BKNG BWA BSX BMY AVGO BR BRO BF.B BLDR BG BXP CHRW CDNS CZR CPT CPB COF CAH KMX CCL CARR CTLT CAT CBOE CBRE CDW CE COR CNC CNP CF CRL SCHW CHTR CVX CMG CB CHD CI CINF CTAS CSCO C CFG CLX CME CMS KO CTSH CL CMCSA CAG COP ED STZ CEG COO CPRT GLW CPAY CTVA CSGP COST CTRA CRWD CCI CSX CMI CVS DHR DRI DVA DAY DECK DE DELL DAL DVN DXCM FANG DLR DFS DG DLTR D DPZ DOV DOW DHI DTE DUK DD EMN ETN EBAY ECL EIX EW EA ELV EMR ENPH ETR EOG EPAM EQT EFX EQIX EQR ERIE ESS EL EG EVRG ES EXC EXPE EXPD EXR XOM FFIV FDS FICO FAST FRT FDX FIS FITB FSLR FE FI FMC F FTNT FTV FOXA FOX BEN FCX GRMN IT GE GEHC GEV GEN GNRC GD GIS GM GPC GILD GPN GL GDDY GS HAL HIG HAS HCA DOC HSIC HSY HES HPE HLT HOLX HD HON HRL HST HWM HPQ HUBB HUM HBAN HII IBM IEX IDXX ITW INCY IR PODD INTC ICE IFF IP IPG INTU ISRG IVZ INVH IQV IRM JBHT JBL JKHY J JNJ JCI JPM JNPR K KVUE KDP KEY KEYS KMB KIM KMI KKR KLAC KHC KR LHX LH LRCX LW LVS LDOS LEN LLY LIN LYV LKQ LMT L LOW LULU LYB MTB MRO MPC MKTX MAR MMC MLM MAS MA MTCH MKC MCD MCK MDT MRK META MET MTD MGM MCHP MU MSFT MAA MRNA MHK MOH TAP MDLZ MPWR MNST MCO MS MOS MSI MSCI NDAQ NTAP NFLX NEM NWSA NWS NEE NKE NI NDSN NSC NTRS NOC NCLH NRG NUE NVDA NVR NXPI ORLY OXY ODFL OMC ON OKE ORCL OTIS PCAR PKG PLTR PANW PARA PH PAYX PAYC PYPL PNR PEP PFE PCG PM PSX PNW PNC POOL PPG PPL PFG PG PGR PLD PRU PEG PTC PSA PHM QRVO PWR QCOM DGX RL RJF RTX O REG REGN RF RSG RMD RVTY ROK ROL ROP ROST RCL SPGI CRM SBAC SLB STX SRE NOW SHW SPG SWKS SJM SW SNA SOLV SO LUV SWK SBUX STT STLD STE SYK SMCI SYF SNPS SYY TMUS TROW TTWO TPR TRGP TGT TEL TDY TFX TER TSLA TXN TXT TMO TJX TSCO TT TDG TRV TRMB TFC TYL TSN USB UBER UDR ULTA UNP UAL UPS URI UNH UHS VLO VTR VLTO VRSN VRSK VZ VRTX VTRS VICI V VST VMC WRB GWW WAB WBA WMT DIS WBD WM WAT WEC WFC WELL WST WDC WY WMB WTW WYNN XEL XYL YUM ZBRA ZBH ZTS
2024-11-30,1259811770,2024-11-27T05:02:43+00:00,503,MMM AOS ABT ABBV ACN ADBE AMD AES AFL A APD ABNB AKAM ALB ARE ALGN ALLE LNT ALL GOOGL GOOG MO AMZN AMCR AMTM AEE AEP AXP AIG AMT AWK AMP AME AMGN APH ADI ANSS AON APA AAPL AMAT APTV ACGL ADM ANET AJG AIZ T ATO ADSK ADP AZO AVB AVY AXON BKR BALL BAC BAX BDX BRK.B BBY TECH BIIB BLK BX BK BA BKNG BWA BSX BMY AVGO BR BRO BF.B BLDR BG BXP CHRW CDNS CZR CPT CPB COF CAH KMX CCL CARR CTLT CAT CBOE CBRE CDW CE COR CNC CNP CF CRL SCHW CHTR CVX CMG CB CHD CI CINF CTAS CSCO C CFG CLX CME CMS KO CTSH CL CMCSA CAG COP ED STZ CEG COO CPRT GLW CPAY CTVA CSGP COST CTRA CRWD CCI CSX CMI CVS DHR DRI DVA DAY DECK DE DELL DAL DVN DXCM FANG DLR DFS DG DLTR D DPZ DOV DOW DHI DTE DUK DD EMN ETN EBAY ECL EIX EW EA ELV EMR ENPH ETR EOG EPAM EQT EFX EQIX EQR ERIE ESS EL EG EVRG ES EXC EXPE EXPD EXR XOM FFIV FDS FICO FAST FRT FDX FIS FITB FSLR FE FI FMC F FTNT FTV FOXA FOX BEN FCX GRMN IT GE GEHC GEV GEN GNRC GD GIS GM GPC GILD GPN GL GDDY GS HAL HIG HAS HCA DOC HSIC HSY HES HPE HLT HOLX HD HON HRL HST HWM HPQ HUBB HUM HBAN HII IBM IEX IDXX ITW INCY IR PODD INTC ICE IFF IP IPG INTU ISRG IVZ INVH IQV IRM JBHT JBL JKHY J JNJ JCI JPM JNPR K KVUE KDP KEY KEYS KMB KIM KMI KKR KLAC KHC KR LHX LH LRCX LW LVS LDOS LEN LLY LIN LYV LKQ LMT L LOW LULU LYB MTB MPC MKTX MAR MMC MLM MAS MA MTCH MKC MCD MCK MDT MRK META MET MTD MGM MCHP MU MSFT MAA MRNA MHK MOH TAP MDLZ MPWR MNST MCO MS MOS MSI MSCI NDAQ NTAP NFLX NEM NWSA NWS NEE NKE NI NDSN NSC NTRS NOC NCLH NRG NUE NVDA NVR NXPI ORLY OXY ODFL OMC ON OKE ORCL OTIS PCAR PKG PLTR PANW PARA PH PAYX PAYC PYPL PNR PEP PFE PCG PM PSX PNW PNC POOL PPG PPL PFG PG PGR PLD PRU PEG PTC PSA PHM QRVO PWR QCOM DGX RL RJF RTX O REG REGN RF RSG RMD RVTY ROK ROL ROP ROST RCL SPGI CRM SBAC SLB STX SRE NOW SHW SPG SWKS SJM SW SNA SOLV SO LUV SWK SBUX STT STLD STE SYK SMCI SYF SNPS SYY TMUS TROW TTWO TPR TRGP TGT TEL TDY TFX TER TSLA TXN TPL TXT TMO TJX TSCO TT TDG TRV TRMB TFC TYL TSN USB UBER UDR ULTA UNP UAL UPS URI UNH UHS VLO VTR VLTO VRSN VRSK VZ VRTX VTRS VICI V VST VMC WRB GWW WAB WBA WMT DIS WBD WM WAT WEC WFC WELL WST WDC WY WMB WTW WYNN XEL XYL YUM ZBRA ZBH ZTS
2024-12-31,1265285344,2024-12-26T04:36:28+00:00,503,MMM AOS ABT ABBV ACN ADBE AMD AES AFL A APD ABNB AKAM ALB ARE ALGN ALLE LNT ALL GOOGL GOOG MO AMZN AMCR AEE AEP AXP AIG AMT AWK AMP AME AMGN APH ADI ANSS AON APA APO AAPL AMAT APTV ACGL ADM ANET AJG AIZ T ATO ADSK ADP AZO AVB AVY AXON BKR BALL BAC BAX BDX BRK.B BBY TECH BIIB BLK BX BK BA BKNG BWA BSX BMY AVGO BR BRO BF.B BLDR BG BXP CHRW CDNS CZR CPT CPB COF CAH KMX CCL CARR CAT CBOE CBRE CDW CE COR CNC CNP CF CRL SCHW CHTR CVX CMG CB CHD CI CINF CTAS CSCO C CFG CLX CME CMS KO CTSH CL CMCSA CAG COP ED STZ CEG COO CPRT GLW CPAY CTVA CSGP COST CTRA CRWD CCI CSX CMI CVS DHR DRI DVA DAY DECK DE DELL DAL DVN DXCM FANG DLR DFS DG DLTR D DPZ DOV DOW DHI DTE DUK DD EMN ETN EBAY ECL EIX EW EA ELV EMR ENPH ETR EOG EPAM EQT EFX EQIX EQR ERIE ESS EL EG EVRG ES EXC EXPE EXPD EXR XOM FFIV FDS FICO FAST FRT FDX FIS FITB FSLR FE FI FMC F FTNT FTV FOXA FOX BEN FCX GRMN IT GE GEHC GEV GEN GNRC GD GIS GM GPC GILD GPN GL GDDY GS HAL HIG HAS HCA DOC HSIC HSY HES HPE HLT HOLX HD HON HRL HST HWM HPQ HUBB HUM HBAN HII IBM IEX IDXX ITW INCY IR PODD INTC ICE IFF IP IPG INTU ISRG IVZ INVH IQV IRM JBHT JBL JKHY J JNJ JCI JPM JNPR K KVUE KDP KEY KEYS KMB KIM KMI KKR KLAC KHC KR LHX LH LRCX LW LVS LDOS LEN LII LLY LIN LYV LKQ LMT L LOW LULU LYB MTB MPC MKTX MAR MMC MLM MAS MA MTCH MKC MCD MCK MDT MRK META MET MTD MGM MCHP MU MSFT MAA MRNA MHK MOH TAP MDLZ MPWR MNST MCO MS MOS MSI MSCI NDAQ NTAP NFLX NEM NWSA NWS NEE NKE NI NDSN NSC NTRS NOC NCLH NRG NUE NVDA NVR NXPI ORLY OXY ODFL OMC ON OKE ORCL OTIS PCAR PKG PLTR PANW PARA PH PAYX PAYC PYPL PNR PEP PFE PCG PM PSX PNW PNC POOL PPG PPL PFG PG PGR PLD PRU PEG PTC PSA PHM PWR QCOM DGX RL RJF RTX O REG REGN RF RSG RMD RVTY ROK ROL ROP ROST RCL SPGI CRM SBAC SLB STX SRE NOW SHW SPG SWKS SJM SW SNA SOLV SO LUV SWK SBUX STT STLD STE SYK SMCI SYF SNPS SYY TMUS TROW TTWO TPR TRGP TGT TEL TDY TFX TER TSLA TXN TPL TXT TMO TJX TSCO TT TDG TRV TRMB TFC TYL TSN USB UBER UDR ULTA UNP UAL UPS URI UNH UHS VLO VTR VLTO VRSN VRSK VZ VRTX VTRS VICI V VST VMC WRB GWW WAB WBA WMT DIS WBD WM WAT WEC WFC WELL WST WDC WY WMB WTW WDAY WYNN XEL XYL YUM ZBRA ZBH ZTS
2025-01-31,1267185833,2025-01-04T00:34:32+00:00,503,MMM AOS ABT ABBV ACN ADBE AMD AES AFL A APD ABNB AKAM ALB ARE ALGN ALLE LNT ALL GOOGL GOOG MO AMZN AMCR AEE AEP AXP AIG AMT AWK AMP AME AMGN APH ADI ANSS AON APA APO AAPL AMAT APTV ACGL ADM ANET AJG AIZ T ATO ADSK ADP AZO AVB AVY AXON BKR BALL BAC BAX BDX BRK.B BBY TECH BIIB BLK BX BK BA BKNG BWA BSX BMY AVGO BR BRO BF.B BLDR BG BXP CHRW CDNS CZR CPT CPB COF CAH KMX CCL CARR CAT CBOE CBRE CDW CE COR CNC CNP CF CRL SCHW CHTR CVX CMG CB CHD CI CINF CTAS CSCO C CFG CLX CME CMS KO CTSH CL CMCSA CAG COP ED STZ CEG COO CPRT GLW CPAY CTVA CSGP COST CTRA CRWD CCI CSX CMI CVS DHR DRI DVA DAY DECK DE DELL DAL DVN DXCM FANG DLR DFS DG DLTR D DPZ DOV DOW DHI DTE DUK DD EMN ETN EBAY ECL EIX EW EA ELV EMR ENPH ETR EOG EPAM EQT EFX EQIX EQR ERIE ESS EL EG EVRG ES EXC EXPE EXPD EXR XOM FFIV FDS FICO FAST FRT FDX FIS FITB FSLR FE FI FMC F FTNT FTV FOXA FOX BEN FCX GRMN IT GE GEHC GEV GEN GNRC GD GIS GM GPC GILD GPN GL GDDY GS HAL HIG HAS HCA DOC HSIC HSY HES HPE HLT HOLX HD HON HRL HST HWM HPQ HUBB HUM HBAN HII IBM IEX IDXX ITW INCY IR PODD INTC ICE IFF IP IPG INTU ISRG IVZ INVH IQV IRM JBHT JBL JKHY J JNJ JCI JPM JNPR K KVUE KDP KEY KEYS KMB KIM KMI KKR KLAC KHC KR LHX LH LRCX LW LVS LDOS LEN LII LLY LIN LYV LKQ LMT L LOW LULU LYB MTB MPC MKTX MAR MMC MLM MAS MA MTCH MKC MCD MCK MDT MRK META MET MTD MGM MCHP MU MSFT MAA MRNA MHK MOH TAP MDLZ MPWR MNST MCO MS MOS MSI MSCI NDAQ NTAP NFLX NEM NWSA NWS NEE NKE NI NDSN NSC NTRS NOC NCLH NRG NUE NVDA NVR NXPI ORLY OXY ODFL OMC ON OKE ORCL OTIS PCAR PKG PLTR PANW PARA PH PAYX PAYC PYPL PNR PEP PFE PCG PM PSX PNW PNC POOL PPG PPL PFG PG PGR PLD PRU PEG PTC PSA PHM PWR QCOM DGX RL RJF RTX O REG REGN RF RSG RMD RVTY ROK ROL ROP ROST RCL SPGI CRM SBAC SLB STX SRE NOW SHW SPG SWKS SJM SW SNA SOLV SO LUV SWK SBUX STT STLD STE SYK SMCI SYF SNPS SYY TMUS TROW TTWO TPR TRGP TGT TEL TDY TFX TER TSLA TXN TPL TXT TMO TJX TSCO TT TDG TRV TRMB TFC TYL TSN USB UBER UDR ULTA UNP UAL UPS URI UNH UHS VLO VTR VLTO VRSN VRSK VZ VRTX VTRS VICI V VST VMC WRB GWW WAB WBA WMT DIS WBD WM WAT WEC WFC WELL WST WDC WY WMB WTW WDAY WYNN XEL XYL YUM ZBRA ZBH ZTS
2025-02-28,1277835390,2025-02-27T00:06:46+00:00,503,MMM AOS ABT ABBV ACN ADBE AMD AES AFL A APD ABNB AKAM ALB ARE ALGN ALLE LNT ALL GOOGL GOOG MO AMZN AMCR AEE AEP AXP AIG AMT AWK AMP AME AMGN APH ADI ANSS AON APA APO AAPL AMAT APTV ACGL ADM ANET AJG AIZ T ATO ADSK ADP AZO AVB AVY AXON BKR BALL BAC BAX BDX BRK.B BBY TECH BIIB BLK BX BK BA BKNG BWA BSX BMY AVGO BR BRO BF.B BLDR BG BXP CHRW CDNS CZR CPT CPB COF CAH KMX CCL CARR CAT CBOE CBRE CDW CE COR CNC CNP CF CRL SCHW CHTR CVX CMG CB CHD CI CINF CTAS CSCO C CFG CLX CME CMS KO CTSH CL CMCSA CAG COP ED STZ CEG COO CPRT GLW CPAY CTVA CSGP COST CTRA CRWD CCI CSX CMI CVS DHR DRI DVA DAY DECK DE DELL DAL DVN DXCM FANG DLR DFS DG DLTR D DPZ DOV DOW DHI DTE DUK DD EMN ETN EBAY ECL EIX EW EA ELV EMR ENPH ETR EOG EPAM EQT EFX EQIX EQR ERIE ESS EL EG EVRG ES EXC EXPE EXPD EXR XOM FFIV FDS FICO FAST FRT FDX FIS FITB FSLR FE FI FMC F FTNT FTV FOXA FOX BEN FCX GRMN IT GE GEHC GEV GEN GNRC GD GIS GM GPC GILD GPN GL GDDY GS HAL HIG HAS HCA DOC HSIC HSY HES HPE HLT HOLX HD HON HRL HST HWM HPQ HUBB HUM HBAN HII IBM IEX IDXX ITW INCY IR PODD INTC ICE IFF IP IPG INTU ISRG IVZ INVH IQV IRM JBHT JBL JKHY J JNJ JCI JPM JNPR K KVUE KDP KEY KEYS KMB KIM KMI KKR KLAC KHC KR LHX LH LRCX LW LVS LDOS LEN LII LLY LIN LYV LKQ LMT L LOW LULU LYB MTB MPC MKTX MAR MMC MLM MAS MA MTCH MKC MCD MCK MDT MRK META MET MTD MGM MCHP MU MSFT MAA MRNA MHK MOH TAP MDLZ MPWR MNST MCO MS MOS MSI MSCI NDAQ NTAP NFLX NEM NWSA NWS NEE NKE NI NDSN NSC NTRS NOC NCLH NRG NUE NVDA NVR NXPI ORLY OXY ODFL OMC ON OKE ORCL OTIS PCAR PKG PLTR PANW PARA PH PAYX PAYC PYPL PNR PEP PFE PCG PM PSX PNW PNC POOL PPG PPL PFG PG PGR PLD PRU PEG PTC PSA PHM PWR QCOM DGX RL RJF RTX O REG REGN RF RSG RMD RVTY ROK ROL ROP ROST RCL SPGI CRM SBAC SLB STX SRE NOW SHW SPG SWKS SJM SW SNA SOLV SO LUV SWK SBUX STT STLD STE SYK SMCI SYF SNPS SYY TMUS TROW TTWO TPR TRGP TGT TEL TDY TFX TER TSLA TXN TPL TXT TMO TJX TSCO TT TDG TRV TRMB TFC TYL TSN USB UBER UDR ULTA UNP UAL UPS URI UNH UHS VLO VTR VLTO VRSN VRSK VZ VRTX VTRS VICI V VST VMC WRB GWW WAB WBA WMT DIS WBD WM WAT WEC WFC WELL WST WDC WY WMB WTW WDAY WYNN XEL XYL YUM ZBRA ZBH ZTS
2025-03-31,1283349047,2025-03-31T23:44:04+00:00,503,MMM AOS ABT ABBV ACN ADBE AMD AES AFL A APD ABNB AKAM ALB ARE ALGN ALLE LNT ALL GOOGL GOOG MO AMZN AMCR AEE AEP AXP AIG AMT AWK AMP AME AMGN APH ADI ANSS AON APA APO AAPL AMAT APTV ACGL ADM ANET AJG AIZ T ATO ADSK ADP AZO AVB AVY AXON BKR BALL BAC BAX BDX BRK.B BBY TECH BIIB BLK BX BK BA BKNG BSX BMY AVGO BR BRO BF.B BLDR BG BXP CHRW CDNS CZR CPT CPB COF CAH KMX CCL CARR CAT CBOE CBRE CDW COR CNC CNP CF CRL SCHW CHTR CVX CMG CB CHD CI CINF CTAS CSCO C CFG CLX CME CMS KO CTSH CL CMCSA CAG COP ED STZ CEG COO CPRT GLW CPAY CTVA CSGP COST CTRA CRWD CCI CSX CMI CVS DHR DRI DVA DAY DECK DE DELL DAL DVN DXCM FANG DLR DFS DG DLTR D DPZ DASH DOV DOW DHI DTE DUK DD EMN ETN EBAY ECL EIX EW EA ELV EMR ENPH ETR EOG EPAM EQT EFX EQIX EQR ERIE ESS EL EG EVRG ES EXC EXE EXPE EXPD EXR XOM FFIV FDS FICO FAST FRT FDX FIS FITB FSLR FE FI F FTNT FTV FOXA FOX BEN FCX GRMN IT GE GEHC GEV GEN GNRC GD GIS GM GPC GILD GPN GL GDDY GS HAL HIG HAS HCA DOC HSIC HSY HES HPE HLT HOLX HD HON HRL HST HWM HPQ HUBB HUM HBAN HII IBM IEX IDXX ITW INCY IR PODD INTC ICE IFF IP IPG INTU ISRG IVZ INVH IQV IRM JBHT JBL JKHY J JNJ JCI JPM JNPR K KVUE KDP KEY KEYS KMB KIM KMI KKR KLAC KHC KR LHX LH LRCX LW LVS LDOS LEN LII LLY LIN LYV LKQ LMT L LOW LULU LYB MTB MPC MKTX MAR MMC MLM MAS MA MTCH MKC MCD MCK MDT MRK META MET MTD MGM MCHP MU MSFT MAA MRNA MHK MOH TAP MDLZ MPWR MNST MCO MS MOS MSI MSCI NDAQ NTAP NFLX NEM NWSA NWS NEE NKE NI NDSN NSC NTRS NOC NCLH NRG NUE NVDA NVR NXPI ORLY OXY ODFL OMC ON OKE ORCL OTIS PCAR PKG PLTR PANW PARA PH PAYX PAYC PYPL PNR PEP PFE PCG PM PSX PNW PNC POOL PPG PPL PFG PG PGR PLD PRU PEG PTC PSA PHM PWR QCOM DGX RL RJF RTX O REG REGN RF RSG RMD RVTY ROK ROL ROP ROST RCL SPGI CRM SBAC SLB STX SRE NOW SHW SPG SWKS SJM SW SNA SOLV SO LUV SWK SBUX STT STLD STE SYK SMCI SYF SNPS SYY TMUS TROW TTWO TPR TRGP TGT TEL TDY TER TSLA TXN TPL TXT TMO TJX TKO TSCO TT TDG TRV TRMB TFC TYL TSN USB UBER UDR ULTA UNP UAL UPS URI UNH UHS VLO VTR VLTO VRSN VRSK VZ VRTX VTRS VICI V VST VMC WRB GWW WAB WBA WMT DIS WBD WM WAT WEC WFC WELL WST WDC WY WSM WMB WTW WDAY WYNN XEL XYL YUM ZBRA ZBH ZTS
2025-04-30,1286498810,2025-04-20T07:48:13+00:00,503,MMM AOS ABT ABBV ACN ADBE AMD AES AFL A APD ABNB AKAM ALB ARE ALGN ALLE LNT ALL GOOGL GOOG MO AMZN AMCR AEE AEP AXP AIG AMT AWK AMP AME AMGN APH ADI ANSS AON APA APO AAPL AMAT APTV ACGL ADM ANET AJG AIZ T ATO ADSK ADP AZO AVB AVY AXON BKR BALL BAC BAX BDX BRK.B BBY TECH BIIB BLK BX BK BA BKNG BSX BMY AVGO BR BRO BF.B BLDR BG BXP CHRW CDNS CZR CPT CPB COF CAH KMX CCL CARR CAT CBOE CBRE CDW COR CNC CNP CF CRL SCHW CHTR CVX CMG CB CHD CI CINF CTAS CSCO C CFG CLX CME CMS KO CTSH CL CMCSA CAG COP ED STZ CEG COO CPRT GLW CPAY CTVA CSGP COST CTRA CRWD CCI CSX CMI CVS DHR DRI DVA DAY DECK DE DELL DAL DVN DXCM FANG DLR DFS DG DLTR D DPZ DASH DOV DOW DHI DTE DUK DD EMN ETN EBAY ECL EIX EW EA ELV EMR ENPH ETR EOG EPAM EQT EFX EQIX EQR ERIE ESS EL EG EVRG ES EXC EXE EXPE EXPD EXR XOM FFIV FDS FICO FAST FRT FDX FIS FITB FSLR FE FI F FTNT FTV FOXA FOX BEN FCX GRMN IT GE GEHC GEV GEN GNRC GD GIS GM GPC GILD GPN GL GDDY GS HAL HIG HAS HCA DOC HSIC HSY HES HPE HLT HOLX HD HON HRL HST HWM HPQ HUBB HUM HBAN HII IBM IEX IDXX ITW INCY IR PODD INTC ICE IFF IP IPG INTU ISRG IVZ INVH IQV IRM JBHT JBL JKHY J JNJ JCI JPM JNPR K KVUE KDP KEY KEYS KMB KIM KMI KKR KLAC KHC KR LHX LH LRCX LW LVS LDOS LEN LII LLY LIN LYV LKQ LMT L LOW LULU LYB MTB MPC MKTX MAR MMC MLM MAS MA MTCH MKC MCD MCK MDT MRK META MET MTD MGM MCHP MU MSFT MAA MRNA MHK MOH TAP MDLZ MPWR MNST MCO MS MOS MSI MSCI NDAQ NTAP NFLX NEM NWSA NWS NEE NKE NI NDSN NSC NTRS NOC NCLH NRG NUE NVDA NVR NXPI ORLY OXY ODFL OMC ON OKE ORCL OTIS PCAR PKG PLTR PANW PARA PH PAYX PAYC PYPL PNR PEP PFE PCG PM PSX PNW PNC POOL PPG PPL PFG PG PGR PLD PRU PEG PTC PSA PHM PWR QCOM DGX RL RJF RTX O REG REGN RF RSG RMD RVTY ROK ROL ROP ROST RCL SPGI CRM SBAC SLB STX SRE NOW SHW SPG SWKS SJM SW SNA SOLV SO LUV SWK SBUX STT STLD STE SYK SMCI SYF SNPS SYY TMUS TROW TTWO TPR TRGP TGT TEL TDY TER TSLA TXN TPL TXT TMO TJX TKO TSCO TT TDG TRV TRMB TFC TYL TSN USB UBER UDR ULTA UNP UAL UPS URI UNH UHS VLO VTR VLTO VRSN VRSK VZ VRTX VTRS VICI V VST VMC WRB GWW WAB WBA WMT DIS WBD WM WAT WEC WFC WELL WST WDC WY WSM WMB WTW WDAY WYNN XEL XYL YUM ZBRA ZBH ZTS
2025-05-31,1292523673,2025-05-27T11:51:04+00:00,503,MMM AOS ABT ABBV ACN ADBE AMD AES AFL A APD ABNB AKAM ALB ARE ALGN ALLE LNT ALL GOOGL GOOG MO AMZN AMCR AEE AEP AXP AIG AMT AWK AMP AME AMGN APH ADI ANSS AON APA APO AAPL AMAT APTV ACGL ADM ANET AJG AIZ T ATO ADSK ADP AZO AVB AVY AXON BKR BALL BAC BAX BDX BRK.B BBY TECH BIIB BLK BX BK BA BKNG BSX BMY AVGO BR BRO BF.B BLDR BG BXP CHRW CDNS CZR CPT CPB COF CAH KMX CCL CARR CAT CBOE CBRE CDW COR CNC CNP CF CRL SCHW CHTR CVX CMG CB CHD CI CINF CTAS CSCO C CFG CLX CME CMS KO CTSH COIN CL CMCSA CAG COP ED STZ CEG COO CPRT GLW CPAY CTVA CSGP COST CTRA CRWD CCI CSX CMI CVS DHR DRI DVA DAY DECK DE DELL DAL DVN DXCM FANG DLR DG DLTR D DPZ DASH DOV DOW DHI DTE DUK DD EMN ETN EBAY ECL EIX EW EA ELV EMR ENPH ETR EOG EPAM EQT EFX EQIX EQR ERIE ESS EL EG EVRG ES EXC EXE EXPE EXPD EXR XOM FFIV FDS FICO FAST FRT FDX FIS FITB FSLR FE FI F FTNT FTV FOXA FOX BEN FCX GRMN IT GE GEHC GEV GEN GNRC GD GIS GM GPC GILD GPN GL GDDY GS HAL HIG HAS HCA DOC HSIC HSY HES HPE HLT HOLX HD HON HRL HST HWM HPQ HUBB HUM HBAN HII IBM IEX IDXX ITW INCY IR PODD INTC ICE IFF IP IPG INTU ISRG IVZ INVH IQV IRM JBHT JBL JKHY J JNJ JCI JPM JNPR K KVUE KDP KEY KEYS KMB KIM KMI KKR KLAC KHC KR LHX LH LRCX LW LVS LDOS LEN LII LLY LIN LYV LKQ LMT L LOW LULU LYB MTB MPC MKTX MAR MMC MLM MAS MA MTCH MKC MCD MCK MDT MRK META MET MTD MGM MCHP MU MSFT MAA MRNA MHK MOH TAP MDLZ MPWR MNST MCO MS MOS MSI MSCI NDAQ NTAP NFLX NEM NWSA NWS NEE NKE NI NDSN NSC NTRS NOC NCLH NRG NUE NVDA NVR NXPI ORLY OXY ODFL OMC ON OKE ORCL OTIS PCAR PKG PLTR PANW PARA PH PAYX PAYC PYPL PNR PEP PFE PCG PM PSX PNW PNC POOL PPG PPL PFG PG PGR PLD PRU PEG PTC PSA PHM PWR QCOM DGX RL RJF RTX O REG REGN RF RSG RMD RVTY ROK ROL ROP ROST RCL SPGI CRM SBAC SLB STX SRE NOW SHW SPG SWKS SJM SW SNA SOLV SO LUV SWK SBUX STT STLD STE SYK SMCI SYF SNPS SYY TMUS TROW TTWO TPR TRGP TGT TEL TDY TER TSLA TXN TPL TXT TMO TJX TKO TSCO TT TDG TRV TRMB TFC TYL TSN USB UBER UDR ULTA UNP UAL UPS URI UNH UHS VLO VTR VLTO VRSN VRSK VZ VRTX VTRS VICI V VST VMC WRB GWW WAB WBA WMT DIS WBD WM WAT WEC WFC WELL WST WDC WY WSM WMB WTW WDAY WYNN XEL XYL YUM ZBRA ZBH ZTS
2025-06-30,1295035732,2025-06-11T08:45:44+00:00,503,MMM AOS ABT ABBV ACN ADBE AMD AES AFL A APD ABNB AKAM ALB ARE ALGN ALLE LNT ALL GOOGL GOOG MO AMZN AMCR AEE AEP AXP AIG AMT AWK AMP AME AMGN APH ADI ANSS AON APA APO AAPL AMAT APTV ACGL ADM ANET AJG AIZ T ATO ADSK ADP AZO AVB AVY AXON BKR BALL BAC BAX BDX BRK.B BBY TECH BIIB BLK BX BK BA BKNG BSX BMY AVGO BR BRO BF.B BLDR BG BXP CHRW CDNS CZR CPT CPB COF CAH KMX CCL CARR CAT CBOE CBRE CDW COR CNC CNP CF CRL SCHW CHTR CVX CMG CB CHD CI CINF CTAS CSCO C CFG CLX CME CMS KO CTSH COIN CL CMCSA CAG COP ED STZ CEG COO CPRT GLW CPAY CTVA CSGP COST CTRA CRWD CCI CSX CMI CVS DHR DRI DVA DAY DECK DE DELL DAL DVN DXCM FANG DLR DG DLTR D DPZ DASH DOV DOW DHI DTE DUK DD EMN ETN EBAY ECL EIX EW EA ELV EMR ENPH ETR EOG EPAM EQT EFX EQIX EQR ERIE ESS EL EG EVRG ES EXC EXE EXPE EXPD EXR XOM FFIV FDS FICO FAST FRT FDX FIS FITB FSLR FE FI F FTNT FTV FOXA FOX BEN FCX GRMN IT GE GEHC GEV GEN GNRC GD GIS GM GPC GILD GPN GL GDDY GS HAL HIG HAS HCA DOC HSIC HSY HES HPE HLT HOLX HD HON HRL HST HWM HPQ HUBB HUM HBAN HII IBM IEX IDXX ITW INCY IR PODD INTC ICE IFF IP IPG INTU ISRG IVZ INVH IQV IRM JBHT JBL JKHY J JNJ JCI JPM JNPR K KVUE KDP KEY KEYS KMB KIM KMI KKR KLAC KHC KR LHX LH LRCX LW LVS LDOS LEN LII LLY LIN LYV LKQ LMT L LOW LULU LYB MTB MPC MKTX MAR MMC MLM MAS MA MTCH MKC MCD MCK MDT MRK META MET MTD MGM MCHP MU MSFT MAA MRNA MHK MOH TAP MDLZ MPWR MNST MCO MS MOS MSI MSCI NDAQ NTAP NFLX NEM NWSA NWS NEE NKE NI NDSN NSC NTRS NOC NCLH NRG NUE NVDA NVR NXPI ORLY OXY ODFL OMC ON OKE ORCL OTIS PCAR PKG PLTR PANW PARA PH PAYX PAYC PYPL PNR PEP PFE PCG PM PSX PNW PNC POOL PPG PPL PFG PG PGR PLD PRU PEG PTC PSA PHM PWR QCOM DGX RL RJF RTX O REG REGN RF RSG RMD RVTY ROK ROL ROP ROST RCL SPGI CRM SBAC SLB STX SRE NOW SHW SPG SWKS SJM SW SNA SOLV SO LUV SWK SBUX STT STLD STE SYK SMCI SYF SNPS SYY TMUS TROW TTWO TPR TRGP TGT TEL TDY TER TSLA TXN TPL TXT TMO TJX TKO TSCO TT TDG TRV TRMB TFC TYL TSN USB UBER UDR ULTA UNP UAL UPS URI UNH UHS VLO VTR VLTO VRSN VRSK VZ VRTX VTRS VICI V VST VMC WRB GWW WAB WBA WMT DIS WBD WM WAT WEC WFC WELL WST WDC WY WSM WMB WTW WDAY WYNN XEL XYL YUM ZBRA ZBH ZTS
2025-07-31,1302049498,2025-07-23T02:48:15+00:00,503,MMM AOS ABT ABBV ACN ADBE AMD AES AFL A APD ABNB AKAM ALB ARE ALGN ALLE LNT ALL GOOGL GOOG MO AMZN AMCR AEE AEP AXP AIG AMT AWK AMP AME AMGN APH ADI AON APA APO AAPL AMAT APTV ACGL ADM ANET AJG AIZ T ATO ADSK ADP AZO AVB AVY AXON BKR BALL BAC BAX BDX BRK.B BBY TECH BIIB BLK BX XYZ BK BA BKNG BSX BMY AVGO BR BRO BF.B BLDR BG BXP CHRW CDNS CZR CPT CPB COF CAH KMX CCL CARR CAT CBOE CBRE CDW COR CNC CNP CF CRL SCHW CHTR CVX CMG CB CHD CI CINF CTAS CSCO C CFG CLX CME CMS KO CTSH COIN CL CMCSA CAG COP ED STZ CEG COO CPRT GLW CPAY CTVA CSGP COST CTRA CRWD CCI CSX CMI CVS DHR DRI DDOG DVA DAY DECK DE DELL DAL DVN DXCM FANG DLR DG DLTR D DPZ DASH DOV DOW DHI DTE DUK DD EMN ETN EBAY ECL EIX EW EA ELV EMR ENPH ETR EOG EPAM EQT EFX EQIX EQR ERIE ESS EL EG EVRG ES EXC EXE EXPE EXPD EXR XOM FFIV FDS FICO FAST FRT FDX FIS FITB FSLR FE FI F FTNT FTV FOXA FOX BEN FCX GRMN IT GE GEHC GEV GEN GNRC GD GIS GM GPC GILD GPN GL GDDY GS HAL HIG HAS HCA DOC HSIC HSY HPE HLT HOLX HD HON HRL HST HWM HPQ HUBB HUM HBAN HII IBM IEX IDXX ITW INCY IR PODD INTC ICE IFF IP IPG INTU ISRG IVZ INVH IQV IRM JBHT JBL JKHY J JNJ JCI JPM K KVUE KDP KEY KEYS KMB KIM KMI KKR KLAC KHC KR LHX LH LRCX LW LVS LDOS LEN LII LLY LIN LYV LKQ LMT L LOW LULU LYB MTB MPC MKTX MAR MMC MLM MAS MA MTCH MKC MCD MCK MDT MRK META MET MTD MGM MCHP MU MSFT MAA MRNA MHK MOH TAP MDLZ MPWR MNST MCO MS MOS MSI MSCI NDAQ NTAP NFLX NEM NWSA NWS NEE NKE NI NDSN NSC NTRS NOC NCLH NRG NUE NVDA NVR NXPI ORLY OXY ODFL OMC ON OKE ORCL OTIS PCAR PKG PLTR PANW PARA PH PAYX PAYC PYPL PNR PEP PFE PCG PM PSX PNW PNC POOL PPG PPL PFG PG PGR PLD PRU PEG PTC PSA PHM PWR QCOM DGX RL RJF RTX O REG REGN RF RSG RMD RVTY ROK ROL ROP ROST RCL SPGI CRM SBAC SLB STX SRE NOW SHW SPG SWKS SJM SW SNA SOLV SO LUV SWK SBUX STT STLD STE SYK SMCI SYF SNPS SYY TMUS TROW TTWO TPR TRGP TGT TEL TDY TER TSLA TXN TPL TXT TMO TJX TKO TTD TSCO TT TDG TRV TRMB TFC TYL TSN USB UBER UDR ULTA UNP UAL UPS URI UNH UHS VLO VTR VLTO VRSN VRSK VZ VRTX VTRS VICI V VST VMC WRB GWW WAB WBA WMT DIS WBD WM WAT WEC WFC WELL WST WDC WY WSM WMB WTW WDAY WYNN XEL XYL YUM ZBRA ZBH ZTS
2025-08-31,1308482549,2025-08-29T18:59:56+00:00,503,MMM AOS ABT ABBV ACN ADBE AMD AES AFL A APD ABNB AKAM ALB ARE ALGN ALLE LNT ALL GOOGL GOOG MO AMZN AMCR AEE AEP AXP AIG AMT AWK AMP AME AMGN APH ADI AON APA APO AAPL AMAT APTV ACGL ADM ANET AJG AIZ T ATO ADSK ADP AZO AVB AVY AXON BKR BALL BAC BAX BDX BRK.B BBY TECH BIIB BLK BX XYZ BK BA BKNG BSX BMY AVGO BR BRO BF.B BLDR BG BXP CHRW CDNS CZR CPT CPB COF CAH KMX CCL CARR CAT CBOE CBRE CDW COR CNC CNP CF CRL SCHW CHTR CVX CMG CB CHD CI CINF CTAS CSCO C CFG CLX CME CMS KO CTSH COIN CL CMCSA CAG COP ED STZ CEG COO CPRT GLW CPAY CTVA CSGP COST CTRA CRWD CCI CSX CMI CVS DHR DRI DDOG DVA DAY DECK DE DELL DAL DVN DXCM FANG DLR DG DLTR D DPZ DASH DOV DOW DHI DTE DUK DD EMN ETN EBAY ECL EIX EW EA ELV EMR ENPH ETR EOG EPAM EQT EFX EQIX EQR ERIE ESS EL EG EVRG ES EXC EXE EXPE EXPD EXR XOM FFIV FDS FICO FAST FRT FDX FIS FITB FSLR FE FI F FTNT FTV FOXA FOX BEN FCX GRMN IT GE GEHC GEV GEN GNRC GD GIS GM GPC GILD GPN GL GDDY GS HAL HIG HAS HCA DOC HSIC HSY HPE HLT HOLX HD HON HRL HST HWM HPQ HUBB HUM HBAN HII IBM IEX IDXX ITW INCY IR PODD INTC IBKR ICE IFF IP IPG INTU ISRG IVZ INVH IQV IRM JBHT JBL JKHY J JNJ JCI JPM K KVUE KDP KEY KEYS KMB KIM KMI KKR KLAC KHC KR LHX LH LRCX LW LVS LDOS LEN LII LLY LIN LYV LKQ LMT L LOW LULU LYB MTB MPC MKTX MAR MMC MLM MAS MA MTCH MKC MCD MCK MDT MRK META MET MTD MGM MCHP MU MSFT MAA MRNA MHK MOH TAP MDLZ MPWR MNST MCO MS MOS MSI MSCI NDAQ NTAP NFLX NEM NWSA NWS NEE NKE NI NDSN NSC NTRS NOC NCLH NRG NUE NVDA NVR NXPI ORLY OXY ODFL OMC ON OKE ORCL OTIS PCAR PKG PLTR PANW PSKY PH PAYX PAYC PYPL PNR PEP PFE PCG PM PSX PNW PNC POOL PPG PPL PFG PG PGR PLD PRU PEG PTC PSA PHM PWR QCOM DGX RL RJF RTX O REG REGN RF RSG RMD RVTY ROK ROL ROP ROST RCL SPGI CRM SBAC SLB STX SRE NOW SHW SPG SWKS SJM SW SNA SOLV SO LUV SWK SBUX STT STLD STE SYK SMCI SYF SNPS SYY TMUS TROW TTWO TPR TRGP TGT TEL TDY TER TSLA TXN TPL TXT TMO TJX TKO TTD TSCO TT TDG TRV TRMB TFC TYL TSN USB UBER UDR ULTA UNP UAL UPS URI UNH UHS VLO VTR VLTO VRSN VRSK VZ VRTX VTRS VICI V VST VMC WRB GWW WAB WMT DIS WBD WM WAT WEC WFC WELL WST WDC WY WSM WMB WTW WDAY WYNN XEL XYL YUM ZBRA ZBH ZTS
2025-09-30,1314254751,2025-09-30T13:35:27+00:00,503,MMM AOS ABT ABBV ACN ADBE AMD AES AFL A APD ABNB AKAM ALB ARE ALGN ALLE LNT ALL GOOGL GOOG MO AMZN AMCR AEE AEP AXP AIG AMT AWK AMP AME AMGN APH ADI AON APA APO AAPL AMAT APP APTV ACGL ADM ANET AJG AIZ T ATO ADSK ADP AZO AVB AVY AXON BKR BALL BAC BAX BDX BRK.B BBY TECH BIIB BLK BX XYZ BK BA BKNG BSX BMY AVGO BR BRO BF.B BLDR BG BXP CHRW CDNS CPT CPB COF CAH KMX CCL CARR CAT CBOE CBRE CDW COR CNC CNP CF CRL SCHW CHTR CVX CMG CB CHD CI CINF CTAS CSCO C CFG CLX CME CMS KO CTSH COIN CL CMCSA CAG COP ED STZ CEG COO CPRT GLW CPAY CTVA CSGP COST CTRA CRWD CCI CSX CMI CVS DHR DRI DDOG DVA DAY DECK DE DELL DAL DVN DXCM FANG DLR DG DLTR D DPZ DASH DOV DOW DHI DTE DUK DD EMN ETN EBAY ECL EIX EW EA ELV EME EMR ETR EOG EPAM EQT EFX EQIX EQR ERIE ESS EL EG EVRG ES EXC EXE EXPE EXPD EXR XOM FFIV FDS FICO FAST FRT FDX FIS FITB FSLR FE FI F FTNT FTV FOXA FOX BEN FCX GRMN IT GE GEHC GEV GEN GNRC GD GIS GM GPC GILD GPN GL GDDY GS HAL HIG HAS HCA DOC HSIC HSY HPE HLT HOLX HD HON HRL HST HWM HPQ HUBB HUM HBAN HII IBM IEX IDXX ITW INCY IR PODD INTC IBKR ICE IFF IP IPG INTU ISRG IVZ INVH IQV IRM JBHT JBL JKHY J JNJ JCI JPM K KVUE KDP KEY KEYS KMB KIM KMI KKR KLAC KHC KR LHX LH LRCX LW LVS LDOS LEN LII LLY LIN LYV LKQ LMT L LOW LULU LYB MTB MPC MAR MMC MLM MAS MA MTCH MKC MCD MCK MDT MRK META MET MTD MGM MCHP MU MSFT MAA MRNA MHK MOH TAP MDLZ MPWR MNST MCO MS MOS MSI MSCI NDAQ NTAP NFLX NEM NWSA NWS NEE NKE NI NDSN NSC NTRS NOC NCLH NRG NUE NVDA NVR NXPI ORLY OXY ODFL OMC ON OKE ORCL OTIS PCAR PKG PLTR PANW PSKY PH PAYX PAYC PYPL PNR PEP PFE PCG PM PSX PNW PNC POOL PPG PPL PFG PG PGR PLD PRU PEG PTC PSA PHM PWR QCOM DGX RL RJF RTX O REG REGN RF RSG RMD RVTY HOOD ROK ROL ROP ROST RCL SPGI CRM SBAC SLB STX SRE NOW SHW SPG SWKS SJM SW SNA SOLV SO LUV SWK SBUX STT STLD STE SYK SMCI SYF SNPS SYY TMUS TROW TTWO TPR TRGP TGT TEL TDY TER TSLA TXN TPL TXT TMO TJX TKO TTD TSCO TT TDG TRV TRMB TFC TYL TSN USB UBER UDR ULTA UNP UAL UPS URI UNH UHS VLO VTR VLTO VRSN VRSK VZ VRTX VTRS VICI V VST VMC WRB GWW WAB WMT DIS WBD WM WAT WEC WFC WELL WST WDC WY WSM WMB WTW WDAY WYNN XEL XYL YUM ZBRA ZBH ZTS
2025-10-31,1319706093,2025-10-31T10:58:04+00:00,503,MMM AOS ABT ABBV ACN ADBE AMD AES AFL A APD ABNB AKAM ALB ARE ALGN ALLE LNT ALL GOOGL GOOG MO AMZN AMCR AEE AEP AXP AIG AMT AWK AMP AME AMGN APH ADI AON APA APO AAPL AMAT APP APTV ACGL ADM ANET AJG AIZ T ATO ADSK ADP AZO AVB AVY AXON BKR BALL BAC BAX BDX BRK.B BBY TECH BIIB BLK BX XYZ BK BA BKNG BSX BMY AVGO BR BRO BF.B BLDR BG BXP CHRW CDNS CPT CPB COF CAH CCL CARR CAT CBOE CBRE CDW COR CNC CNP CF CRL SCHW CHTR CVX CMG CB CHD CI CINF CTAS CSCO C CFG CLX CME CMS KO CTSH COIN CL CMCSA CAG COP ED STZ CEG COO CPRT GLW CPAY CTVA CSGP COST CTRA CRWD CCI CSX CMI CVS DHR DRI DDOG DVA DAY DECK DE DELL DAL DVN DXCM FANG DLR DG DLTR D DPZ DASH DOV DOW DHI DTE DUK DD EMN ETN EBAY ECL EIX EW EA ELV EME EMR ETR EOG EPAM EQT EFX EQIX EQR ERIE ESS EL EG EVRG ES EXC EXE EXPE EXPD EXR XOM FFIV FDS FICO FAST FRT FDX FIS FITB FSLR FE FI F FTNT FTV FOXA FOX BEN FCX GRMN IT GE GEHC GEV GEN GNRC GD GIS GM GPC GILD GPN GL GDDY GS HAL HIG HAS HCA DOC HSIC HSY HPE HLT HOLX HD HON HRL HST HWM HPQ HUBB HUM HBAN HII IBM IEX IDXX ITW INCY IR PODD INTC IBKR ICE IFF IP IPG INTU ISRG IVZ INVH IQV IRM JBHT JBL JKHY J JNJ JCI JPM K KVUE KDP KEY KEYS KMB KIM KMI KKR KLAC KHC KR LHX LH LRCX LW LVS LDOS LEN LII LLY LIN LYV LKQ LMT L LOW LULU LYB MTB MPC MAR MMC MLM MAS MA MTCH MKC MCD MCK MDT MRK META MET MTD MGM MCHP MU MSFT MAA MRNA MHK MOH TAP MDLZ MPWR MNST MCO MS MOS MSI MSCI NDAQ NTAP NFLX NEM NWSA NWS NEE NKE NI NDSN NSC NTRS NOC NCLH NRG NUE NVDA NVR NXPI ORLY OXY ODFL OMC ON OKE ORCL OTIS PCAR PKG PLTR PANW PSKY PH PAYX PAYC PYPL PNR PEP PFE PCG PM PSX PNW PNC POOL PPG PPL PFG PG PGR PLD PRU PEG PTC PSA PHM PWR QCOM DGX RL RJF RTX O REG REGN RF RSG RMD RVTY HOOD ROK ROL ROP ROST RCL SPGI CRM SBAC SLB STX SRE NOW SHW SPG SWKS SJM SW SNA SOLS SOLV SO LUV SWK SBUX STT STLD STE SYK SMCI SYF SNPS SYY TMUS TROW TTWO TPR TRGP TGT TEL TDY TER TSLA TXN TPL TXT TMO TJX TKO TTD TSCO TT TDG TRV TRMB TFC TYL TSN USB UBER UDR ULTA UNP UAL UPS URI UNH UHS VLO VTR VLTO VRSN VRSK VZ VRTX VTRS VICI V VST VMC WRB GWW WAB WMT DIS WBD WM WAT WEC WFC WELL WST WDC WY WSM WMB WTW WDAY WYNN XEL XYL YUM ZBRA ZBH ZTS
2025-11-30,1324692884,2025-11-29T03:29:14+00:00,502,MMM AOS ABT ABBV ACN ADBE AMD AES AFL A APD ABNB AKAM ALB ARE ALGN ALLE LNT ALL GOOGL GOOG MO AMZN AMCR AEE AEP AXP AIG AMT AWK AMP AME AMGN APH ADI AON APA APO AAPL AMAT APP APTV ACGL ADM ANET AJG AIZ T ATO ADSK ADP AZO AVB AVY AXON BKR BALL BAC BAX BDX BRK.B BBY TECH BIIB BLK BX XYZ BK BA BKNG BSX BMY AVGO BR BRO BF.B BLDR BG BXP CHRW CDNS CPT CPB COF CAH CCL CARR CAT CBOE CBRE CDW COR CNC CNP CF CRL SCHW CHTR CVX CMG CB CHD CI CINF CTAS CSCO C CFG CLX CME CMS KO CTSH COIN CL CMCSA CAG COP ED STZ CEG COO CPRT GLW CPAY CTVA CSGP COST CTRA CRWD CCI CSX CMI CVS DHR DRI DDOG DVA DAY DECK DE DELL DAL DVN DXCM FANG DLR DG DLTR D DPZ DASH DOV DOW DHI DTE DUK DD ETN EBAY ECL EIX EW EA ELV EME EMR ETR EOG EPAM EQT EFX EQIX EQR ERIE ESS EL EG EVRG ES EXC EXE EXPE EXPD EXR XOM FFIV FDS FICO FAST FRT FDX FIS FITB FSLR FE FISV F FTNT FTV FOXA FOX BEN FCX GRMN IT GE GEHC GEV GEN GNRC GD GIS GM GPC GILD GPN GL GDDY GS HAL HIG HAS HCA DOC HSIC HSY HPE HLT HOLX HD HON HRL HST HWM HPQ HUBB HUM HBAN HII IBM IEX IDXX ITW INCY IR PODD INTC IBKR ICE IFF IP INTU ISRG IVZ INVH IQV IRM JBHT JBL JKHY J JNJ JCI JPM K KVUE KDP KEY KEYS KMB KIM KMI KKR KLAC KHC KR LHX LH LRCX LW LVS LDOS LEN LII LLY LIN LYV LKQ LMT L LOW LULU LYB MTB MPC MAR MMC MLM MAS MA MTCH MKC MCD MCK MDT MRK META MET MTD MGM MCHP MU MSFT MAA MRNA MHK MOH TAP MDLZ MPWR MNST MCO MS MOS MSI MSCI NDAQ NTAP NFLX NEM NWSA NWS NEE NKE NI NDSN NSC NTRS NOC NCLH NRG NUE NVDA NVR NXPI ORLY OXY ODFL OMC ON OKE ORCL OTIS PCAR PKG PLTR PANW PSKY PH PAYX PAYC PYPL PNR PEP PFE PCG PM PSX PNW PNC POOL PPG PPL PFG PG PGR PLD PRU PEG PTC PSA PHM PWR QCOM DGX Q RL RJF RTX O REG REGN RF RSG RMD RVTY HOOD ROK ROL ROP ROST RCL SPGI CRM SBAC SLB STX SRE NOW SHW SPG SWKS SJM SW SNA SOLS SOLV SO LUV SWK SBUX STT STLD STE SYK SMCI SYF SNPS SYY TMUS TROW TTWO TPR TRGP TGT TEL TDY TER TSLA TXN TPL TXT TMO TJX TKO TTD TSCO TT TDG TRV TRMB TFC TYL TSN USB UBER UDR ULTA UNP UAL UPS URI UNH UHS VLO VTR VLTO VRSN VRSK VZ VRTX VTRS VICI V VST VMC WRB GWW WAB WMT DIS WBD WM WAT WEC WFC WELL WST WDC WY WSM WMB WTW WDAY WYNN XEL XYL YUM ZBRA ZBH ZTS
2025-12-31,1329075976,2025-12-23T15:18:59+00:00,501,MMM AOS ABT ABBV ACN ADBE AMD AES AFL A APD ABNB AKAM ALB ARE ALGN ALLE LNT ALL GOOGL GOOG MO AMZN AMCR AEE AEP AXP AIG AMT AWK AMP AME AMGN APH ADI AON APA APO AAPL AMAT APP APTV ACGL ADM ARES ANET AJG AIZ T ATO ADSK ADP AZO AVB AVY AXON BKR BALL BAC BAX BDX BRK.B BBY TECH BIIB BLK BX XYZ BK BA BKNG BSX BMY AVGO BR BRO BF.B BLDR BG BXP CHRW CDNS CPT CPB COF CAH CCL CARR CAT CBOE CBRE CDW COR CNC CNP CF CRL SCHW CHTR CVX CMG CB CHD CI CINF CTAS CSCO C CFG CLX CME CMS KO CTSH COIN CL CMCSA CAG COP ED STZ CEG COO CPRT GLW CPAY CTVA CSGP COST CTRA CRWD CCI CSX CMI CVS DHR DRI DDOG DVA DAY DECK DE DELL DAL DVN DXCM FANG DLR DG DLTR D DPZ DASH DOV DOW DHI DTE DUK DD ETN EBAY ECL EIX EW EA ELV EME EMR ETR EOG EPAM EQT EFX EQIX EQR ERIE ESS EL EG EVRG ES EXC EXE EXPE EXPD EXR XOM FFIV FDS FICO FAST FRT FDX FIS FITB FSLR FE FISV F FTNT FTV FOXA FOX BEN FCX GRMN IT GE GEHC GEV GEN GNRC GD GIS GM GPC GILD GPN GL GDDY GS HAL HIG HAS HCA DOC HSIC HSY HPE HLT HOLX HD HON HRL HST HWM HPQ HUBB HUM HBAN HII IBM IEX IDXX ITW INCY IR PODD INTC IBKR ICE IFF IP INTU ISRG IVZ INVH IQV IRM JBHT JBL JKHY J JNJ JCI JPM KVUE KDP KEY KEYS KMB KIM KMI KKR KLAC KHC KR LHX LH LRCX LW LVS LDOS LEN LII LLY LIN LYV LMT L LOW LULU LYB MTB MPC MAR MMC MLM MAS MA MTCH MKC MCD MCK MDT MRK META MET MTD MGM MCHP MU MSFT MAA MRNA MOH TAP MDLZ MPWR MNST MCO MS MOS MSI MSCI NDAQ NTAP NFLX NEM NWSA NWS NEE NKE NI NDSN NSC NTRS NOC NCLH NRG NUE NVDA NVR NXPI ORLY OXY ODFL OMC ON OKE ORCL OTIS PCAR PKG PLTR PANW PSKY PH PAYX PAYC PYPL PNR PEP PFE PCG PM PSX PNW PNC POOL PPG PPL PFG PG PGR PLD PRU PEG PTC PSA PHM PWR QCOM DGX Q RL RJF RTX O REG REGN RF RSG RMD RVTY HOOD ROK ROL ROP ROST RCL SPGI CRM SNDK SBAC SLB STX SRE NOW SHW SPG SWKS SJM SW SNA SOLS SOLV SO LUV SWK SBUX STT STLD STE SYK SMCI SYF SNPS SYY TMUS TROW TTWO TPR TRGP TGT TEL TDY TER TSLA TXN TPL TXT TMO TJX TKO TTD TSCO TT TDG TRV TRMB TFC TYL TSN USB UBER UDR ULTA UNP UAL UPS URI UNH UHS VLO VTR VLTO VRSN VRSK VZ VRTX VTRS VICI V VST VMC WRB GWW WAB WMT DIS WBD WM WAT WEC WFC WELL WST WDC WY WSM WMB WTW WDAY WYNN XEL XYL YUM ZBRA ZBH ZTS
2026-01-31,1335000805,2026-01-26T20:44:25+00:00,503,MMM AOS ABT ABBV ACN ADBE AMD AES AFL A APD ABNB AKAM ALB ARE ALGN ALLE LNT ALL GOOGL GOOG MO AMZN AMCR AEE AEP AXP AIG AMT AWK AMP AME AMGN APH ADI AON APA APO AAPL AMAT APP APTV ACGL ADM ARES ANET AJG AIZ T ATO ADSK ADP AZO AVB AVY AXON BKR BALL BAC BAX BDX BRK.B BBY TECH BIIB BLK BX XYZ BK BA BKNG BSX BMY AVGO BR BRO BF.B BLDR BG BXP CHRW CDNS CPT CPB COF CAH CCL CARR CVNA CAT CBOE CBRE CDW COR CNC CNP CF CRL SCHW CHTR CVX CMG CB CHD CI CINF CTAS CSCO C CFG CLX CME CMS KO CTSH COIN CL CMCSA FIX CAG COP ED STZ CEG COO CPRT GLW CPAY CTVA CSGP COST CTRA CRH CRWD CCI CSX CMI CVS DHR DRI DDOG DVA DAY DECK DE DELL DAL DVN DXCM FANG DLR DG DLTR D DPZ DASH DOV DOW DHI DTE DUK DD ETN EBAY ECL EIX EW EA ELV EME EMR ETR EOG EPAM EQT EFX EQIX EQR ERIE ESS EL EG EVRG ES EXC EXE EXPE EXPD EXR XOM FFIV FDS FICO FAST FRT FDX FIS FITB FSLR FE FISV F FTNT FTV FOXA FOX BEN FCX GRMN IT GE GEHC GEV GEN GNRC GD GIS GM GPC GILD GPN GL GDDY GS HAL HIG HAS HCA DOC HSIC HSY HPE HLT HOLX HD HON HRL HST HWM HPQ HUBB HUM HBAN HII IBM IEX IDXX ITW INCY IR PODD INTC IBKR ICE IFF IP INTU ISRG IVZ INVH IQV IRM JBHT JBL JKHY J JNJ JCI JPM KVUE KDP KEY KEYS KMB KIM KMI KKR KLAC KHC KR LHX LH LRCX LW LVS LDOS LEN LII LLY LIN LYV LMT L LOW LULU LYB MTB MPC MAR MRSH MLM MAS MA MTCH MKC MCD MCK MDT MRK META MET MTD MGM MCHP MU MSFT MAA MRNA MOH TAP MDLZ MPWR MNST MCO MS MOS MSI MSCI NDAQ NTAP NFLX NEM NWSA NWS NEE NKE NI NDSN NSC NTRS NOC NCLH NRG NUE NVDA NVR NXPI ORLY OXY ODFL OMC ON OKE ORCL OTIS PCAR PKG PLTR PANW PSKY PH PAYX PAYC PYPL PNR PEP PFE PCG PM PSX PNW PNC POOL PPG PPL PFG PG PGR PLD PRU PEG PTC PSA PHM PWR QCOM DGX Q RL RJF RTX O REG REGN RF RSG RMD RVTY HOOD ROK ROL ROP ROST RCL SPGI CRM SNDK SBAC SLB STX SRE NOW SHW SPG SWKS SJM SW SNA SOLV SO LUV SWK SBUX STT STLD STE SYK SMCI SYF SNPS SYY TMUS TROW TTWO TPR TRGP TGT TEL TDY TER TSLA TXN TPL TXT TMO TJX TKO TTD TSCO TT TDG TRV TRMB TFC TYL TSN USB UBER UDR ULTA UNP UAL UPS URI UNH UHS VLO VTR VLTO VRSN VRSK VZ VRTX VTRS VICI V VST VMC WRB GWW WAB WMT DIS WBD WM WAT WEC WFC WELL WST WDC WY WSM WMB WTW WDAY WYNN XEL XYL YUM ZBRA ZBH ZTS
2026-02-28,1340186477,2026-02-24T10:02:34+00:00,503,MMM AOS ABT ABBV ACN ADBE AMD AES AFL A APD ABNB AKAM ALB ARE ALGN ALLE LNT ALL GOOGL GOOG MO AMZN AMCR AEE AEP AXP AIG AMT AWK AMP AME AMGN APH ADI AON APA APO AAPL AMAT APP APTV ACGL ADM ARES ANET AJG AIZ T ATO ADSK ADP AZO AVB AVY AXON BKR BALL BAC BAX BDX BRK.B BBY TECH BIIB BLK BX XYZ BK BA BKNG BSX BMY AVGO BR BRO BF.B BLDR BG BXP CHRW CDNS CPT CPB COF CAH CCL CARR CVNA CAT CBOE CBRE CDW COR CNC CNP CF CRL SCHW CHTR CVX CMG CB CHD CIEN CI CINF CTAS CSCO C CFG CLX CME CMS KO CTSH COIN CL CMCSA FIX CAG COP ED STZ CEG COO CPRT GLW CPAY CTVA CSGP COST CTRA CRH CRWD CCI CSX CMI CVS DHR DRI DDOG DVA DECK DE DELL DAL DVN DXCM FANG DLR DG DLTR D DPZ DASH DOV DOW DHI DTE DUK DD ETN EBAY ECL EIX EW EA ELV EME EMR ETR EOG EPAM EQT EFX EQIX EQR ERIE ESS EL EG EVRG ES EXC EXE EXPE EXPD EXR XOM FFIV FDS FICO FAST FRT FDX FIS FITB FSLR FE FISV F FTNT FTV FOXA FOX BEN FCX GRMN IT GE GEHC GEV GEN GNRC GD GIS GM GPC GILD GPN GL GDDY GS HAL HIG HAS HCA DOC HSIC HSY HPE HLT HOLX HD HON HRL HST HWM HPQ HUBB HUM HBAN HII IBM IEX IDXX ITW INCY IR PODD INTC IBKR ICE IFF IP INTU ISRG IVZ INVH IQV IRM JBHT JBL JKHY J JNJ JCI JPM KVUE KDP KEY KEYS KMB KIM KMI KKR KLAC KHC KR LHX LH LRCX LW LVS LDOS LEN LII LLY LIN LYV LMT L LOW LULU LYB MTB MPC MAR MRSH MLM MAS MA MTCH MKC MCD MCK MDT MRK META MET MTD MGM MCHP MU MSFT MAA MRNA MOH TAP MDLZ MPWR MNST MCO MS MOS MSI MSCI NDAQ NTAP NFLX NEM NWSA NWS NEE NKE NI NDSN NSC NTRS NOC NCLH NRG NUE NVDA NVR NXPI ORLY OXY ODFL OMC ON OKE ORCL OTIS PCAR PKG PLTR PANW PSKY PH PAYX PAYC PYPL PNR PEP PFE PCG PM PSX PNW PNC POOL PPG PPL PFG PG PGR PLD PRU PEG PTC PSA PHM PWR QCOM DGX Q RL RJF RTX O REG REGN RF RSG RMD RVTY HOOD ROK ROL ROP ROST RCL SPGI CRM SNDK SBAC SLB STX SRE NOW SHW SPG SWKS SJM SW SNA SOLV SO LUV SWK SBUX STT STLD STE SYK SMCI SYF SNPS SYY TMUS TROW TTWO TPR TRGP TGT TEL TDY TER TSLA TXN TPL TXT TMO TJX TKO TTD TSCO TT TDG TRV TRMB TFC TYL TSN USB UBER UDR ULTA UNP UAL UPS URI UNH UHS VLO VTR VLTO VRSN VRSK VZ VRTX VTRS VICI V VST VMC WRB GWW WAB WMT DIS WBD WM WAT WEC WFC WELL WST WDC WY WSM WMB WTW WDAY WYNN XEL XYL YUM ZBRA ZBH ZTS
2026-03-31,1345606266,2026-03-27T01:30:50+00:00,503,MMM AOS ABT ABBV ACN ADBE AMD AES AFL A APD ABNB AKAM ALB ARE ALGN ALLE LNT ALL GOOGL GOOG MO AMZN AMCR AEE AEP AXP AIG AMT AWK AMP AME AMGN APH ADI AON APA APO AAPL AMAT APP APTV ACGL ADM ARES ANET AJG AIZ T ATO ADSK ADP AZO AVB AVY AXON BKR BALL BAC BAX BDX BRK.B BBY TECH BIIB BLK BX XYZ BK BA BKNG BSX BMY AVGO BR BRO BF.B BLDR BG BXP CHRW CDNS CPT CPB COF CAH CCL CARR CVNA CAT CBOE CBRE CDW COR CNC CNP CF CRL SCHW CHTR CVX CMG CB CHD CIEN CI CINF CTAS CSCO C CFG CLX CME CMS KO CTSH COHR COIN CL CMCSA FIX CAG COP ED STZ CEG COO CPRT GLW CPAY CTVA CSGP COST CTRA CRH CRWD CCI CSX CMI CVS DHR DRI DDOG DVA DECK DE DELL DAL DVN DXCM FANG DLR DG DLTR D DPZ DASH DOV DOW DHI DTE DUK DD ETN EBAY SATS ECL EIX EW EA ELV EME EMR ETR EOG EPAM EQT EFX EQIX EQR ERIE ESS EL EG EVRG ES EXC EXE EXPE EXPD EXR XOM FFIV FDS FICO FAST FRT FDX FIS FITB FSLR FE FISV F FTNT FTV FOXA FOX BEN FCX GRMN IT GE GEHC GEV GEN GNRC GD GIS GM GPC GILD GPN GL GDDY GS HAL HIG HAS HCA DOC HSIC HSY HPE HLT HOLX HD HON HRL HST HWM HPQ HUBB HUM HBAN HII IBM IEX IDXX ITW INCY IR PODD INTC IBKR ICE IFF IP INTU ISRG IVZ INVH IQV IRM JBHT JBL JKHY J JNJ JCI JPM KVUE KDP KEY KEYS KMB KIM KMI KKR KLAC KHC KR LHX LH LRCX LVS LDOS LEN LII LLY LIN LYV LMT L LOW LULU LITE LYB MTB MPC MAR MRSH MLM MAS MA MKC MCD MCK MDT MRK META MET MTD MGM MCHP MU MSFT MAA MRNA TAP MDLZ MPWR MNST MCO MS MOS MSI MSCI NDAQ NTAP NFLX NEM NWSA NWS NEE NKE NI NDSN NSC NTRS NOC NCLH NRG NUE NVDA NVR NXPI ORLY OXY ODFL OMC ON OKE ORCL OTIS PCAR PKG PLTR PANW PSKY PH PAYX PYPL PNR PEP PFE PCG PM PSX PNW PNC POOL PPG PPL PFG PG PGR PLD PRU PEG PTC PSA PHM PWR QCOM DGX Q RL RJF RTX O REG REGN RF RSG RMD RVTY HOOD ROK ROL ROP ROST RCL SPGI CRM SNDK SBAC SLB STX SRE NOW SHW SPG SWKS SJM SW SNA SOLV SO LUV SWK SBUX STT STLD STE SYK SMCI SYF SNPS SYY TMUS TROW TTWO TPR TRGP TGT TEL TDY TER TSLA TXN TPL TXT TMO TJX TKO TTD TSCO TT TDG TRV TRMB TFC TYL TSN USB UBER UDR ULTA UNP UAL UPS URI UNH UHS VLO VTR VLTO VRSN VRSK VZ VRTX VRT VTRS VICI V VST VMC WRB GWW WAB WMT DIS WBD WM WAT WEC WFC WELL WST WDC WY WSM WMB WTW WDAY WYNN XEL XYL YUM ZBRA ZBH ZTS
2026-04-30,1349933445,2026-04-19T14:59:47+00:00,503,MMM AOS ABT ABBV ACN ADBE AMD AES AFL A APD ABNB AKAM ALB ARE ALGN ALLE LNT ALL GOOGL GOOG MO AMZN AMCR AEE AEP AXP AIG AMT AWK AMP AME AMGN APH ADI AON APA APO AAPL AMAT APP APTV ACGL ADM ARES ANET AJG AIZ T ATO ADSK ADP AZO AVB AVY AXON BKR BALL BAC BAX BDX BRK.B BBY TECH BIIB BLK BX XYZ BK BA BKNG BSX BMY AVGO BR BRO BF.B BLDR BG BXP CHRW CDNS CPT CPB COF CAH CCL CARR CVNA CASY CAT CBOE CBRE CDW COR CNC CNP CF CRL SCHW CHTR CVX CMG CB CHD CIEN CI CINF CTAS CSCO C CFG CLX CME CMS KO CTSH COHR COIN CL CMCSA FIX CAG COP ED STZ CEG COO CPRT GLW CPAY CTVA CSGP COST CTRA CRH CRWD CCI CSX CMI CVS DHR DRI DDOG DVA DECK DE DELL DAL DVN DXCM FANG DLR DG DLTR D DPZ DASH DOV DOW DHI DTE DUK DD ETN EBAY SATS ECL EIX EW EA ELV EME EMR ETR EOG EPAM EQT EFX EQIX EQR ERIE ESS EL EG EVRG ES EXC EXE EXPE EXPD EXR XOM FFIV FDS FICO FAST FRT FDX FIS FITB FSLR FE FISV F FTNT FTV FOXA FOX BEN FCX GRMN IT GE GEHC GEV GEN GNRC GD GIS GM GPC GILD GPN GL GDDY GS HAL HIG HAS HCA DOC HSIC HSY HPE HLT HD HON HRL HST HWM HPQ HUBB HUM HBAN HII IBM IEX IDXX ITW INCY IR PODD INTC IBKR ICE IFF IP INTU ISRG IVZ INVH IQV IRM JBHT JBL JKHY J JNJ JCI JPM KVUE KDP KEY KEYS KMB KIM KMI KKR KLAC KHC KR LHX LH LRCX LVS LDOS LEN LII LLY LIN LYV LMT L LOW LULU LITE LYB MTB MPC MAR MRSH MLM MAS MA MKC MCD MCK MDT MRK META MET MTD MGM MCHP MU MSFT MAA MRNA TAP MDLZ MPWR MNST MCO MS MOS MSI MSCI NDAQ NTAP NFLX NEM NWSA NWS NEE NKE NI NDSN NSC NTRS NOC NCLH NRG NUE NVDA NVR NXPI ORLY OXY ODFL OMC ON OKE ORCL OTIS PCAR PKG PLTR PANW PSKY PH PAYX PYPL PNR PEP PFE PCG PM PSX PNW PNC POOL PPG PPL PFG PG PGR PLD PRU PEG PTC PSA PHM PWR QCOM DGX Q RL RJF RTX O REG REGN RF RSG RMD RVTY HOOD ROK ROL ROP ROST RCL SPGI CRM SNDK SBAC SLB STX SRE NOW SHW SPG SWKS SJM SW SNA SOLV SO LUV SWK SBUX STT STLD STE SYK SMCI SYF SNPS SYY TMUS TROW TTWO TPR TRGP TGT TEL TDY TER TSLA TXN TPL TXT TMO TJX TKO TTD TSCO TT TDG TRV TRMB TFC TYL TSN USB UBER UDR ULTA UNP UAL UPS URI UNH UHS VLO VTR VLTO VRSN VRSK VZ VRTX VRT VTRS VICI V VST VMC WRB GWW WAB WMT DIS WBD WM WAT WEC WFC WELL WST WDC WY WSM WMB WTW WDAY WYNN XEL XYL YUM ZBRA ZBH ZTS
2026-05-31,1355685534,2026-05-23T08:31:05+00:00,503,MMM AOS ABT ABBV ACN ADBE AMD AES AFL A APD ABNB AKAM ALB ARE ALGN ALLE LNT ALL GOOGL GOOG MO AMZN AMCR AEE AEP AXP AIG AMT AWK AMP AME AMGN APH ADI AON APA APO AAPL AMAT APP APTV ACGL ADM ARES ANET AJG AIZ T ATO ADSK ADP AZO AVB AVY AXON BKR BALL BAC BAX BDX BRK.B BBY TECH BIIB BLK BX XYZ BNY BA BKNG BSX BMY AVGO BR BRO BF.B BLDR BG BXP CHRW CDNS CPT CPB COF CAH CCL CARR CVNA CASY CAT CBOE CBRE CDW COR CNC CNP CF CRL SCHW CHTR CVX CMG CB CHD CIEN CI CINF CTAS CSCO C CFG CLX CME CMS KO CTSH COHR COIN CL CMCSA FIX CAG COP ED STZ CEG COO CPRT GLW CPAY CTVA CSGP COST CRH CRWD CCI CSX CMI CVS DHR DRI DDOG DVA DECK DE DELL DAL DVN DXCM FANG DLR DG DLTR D DPZ DASH DOV DOW DHI DTE DUK DD ETN EBAY SATS ECL EIX EW EA ELV EME EMR ETR EOG EPAM EQT EFX EQIX EQR ERIE ESS EL EG EVRG ES EXC EXE EXPE EXPD EXR XOM FFIV FDS FICO FAST FRT FDX FIS FITB FSLR FE FISV F FTNT FTV FOXA FOX BEN FCX GRMN IT GE GEHC GEV GEN GNRC GD GIS GM GPC GILD GPN GL GDDY GS HAL HIG HAS HCA DOC HSIC HSY HPE HLT HD HON HRL HST HWM HPQ HUBB HUM HBAN HII IBM IEX IDXX ITW INCY IR PODD INTC IBKR ICE IFF IP INTU ISRG IVZ INVH IQV IRM JBHT JBL JKHY J JNJ JCI JPM KVUE KDP KEY KEYS KMB KIM KMI KKR KLAC KHC KR LHX LH LRCX LVS LDOS LEN LII LLY LIN LYV LMT L LOW LULU LITE LYB MTB MPC MAR MRSH MLM MAS MA MKC MCD MCK MDT MRK META MET MTD MGM MCHP MU MSFT MAA MRNA TAP MDLZ MPWR MNST MCO MS MOS MSI MSCI NDAQ NTAP NFLX NEM NWSA NWS NEE NKE NI NDSN NSC NTRS NOC NCLH NRG NUE NVDA NVR NXPI ORLY OXY ODFL OMC ON OKE ORCL OTIS PCAR PKG PLTR PANW PSKY PH PAYX PYPL PNR PEP PFE PCG PM PSX PNW PNC POOL PPG PPL PFG PG PGR PLD PRU PEG PTC PSA PHM PWR QCOM DGX Q RL RJF RTX O REG REGN RF RSG RMD RVTY HOOD ROK ROL ROP ROST RCL SPGI CRM SNDK SBAC SLB STX SRE NOW SHW SPG SWKS SJM SW SNA SOLV SO LUV SWK SBUX STT STLD STE SYK SMCI SYF SNPS SYY TMUS TROW TTWO TPR TRGP TGT TEL TDY TER TSLA TXN TPL TXT TMO TJX TKO TTD TSCO TT TDG TRV TRMB TFC TYL TSN USB UBER UDR ULTA UNP UAL UPS URI UNH UHS VLO VEEV VTR VLTO VRSN VRSK VZ VRTX VRT VTRS VICI V VST VMC WRB GWW WAB WMT DIS WBD WM WAT WEC WFC WELL WST WDC WY WSM WMB WTW WDAY WYNN XEL XYL YUM ZBRA ZBH ZTS
2026-06-30,1361794875,2026-06-30T03:37:58+00:00,503,MMM AOS ABT ABBV ACN ADBE AMD AES AFL A APD ABNB AKAM ALB ARE ALGN ALLE LNT ALL GOOGL GOOG MO AMZN AMCR AEE AEP AXP AIG AMT AWK AMP AME AMGN APH ADI AON APA APO AAPL AMAT APP APTV ACGL ADM ARES ANET AJG AIZ T ATO ADSK ADP AZO AVB AVY AXON BKR BALL BAC BAX BDX BRK.B BBY TECH BIIB BLK BX XYZ BNY BA BKNG BSX BMY AVGO BR BRO BF.B BLDR BG BXP CHRW CDNS CPT COF CAH CCL CARR CVNA CASY CAT CBOE CBRE CDW COR CNC CNP CF CRL SCHW CHTR CVX CMG CB CHD CIEN CI CINF CTAS CSCO C CFG CLX CME CMS KO CTSH COHR COIN CL CMCSA FIX COP ED STZ CEG COO CPRT GLW CPAY CTVA CSGP COST CRH CRWD CCI CSX CMI CVS DHR DRI DDOG DVA DECK DE DELL DAL DVN DXCM FANG DLR DG DLTR D DPZ DASH DOV DOW DHI DTE DUK DD ETN EBAY ECHO ECL EIX EW EA ELV EME EMR ETR EOG EQT EFX EQIX EQR ERIE ESS EL EG EVRG ES EXC EXE EXPE EXPD EXR XOM FFIV FDS FICO FAST FRT FDX FDXF FIS FITB FSLR FE FISV FLEX F FTNT FTV FOXA FOX BEN FCX GRMN IT GE GEHC GEV GEN GNRC GD GIS GM GPC GILD GPN GL GDDY GS HAL HIG HAS HCA DOC HSIC HSY HPE HLT HD HONA HON HRL HST HWM HPQ HUBB HUM HBAN HII IBM IEX IDXX ITW INCY IR PODD INTC IBKR ICE IFF IP INTU ISRG IVZ INVH IQV IRM JBHT JBL JKHY J JNJ JCI JPM KVUE KDP KEY KEYS KMB KIM KMI KKR KLAC KHC KR LHX LH LRCX LVS LDOS LEN LII LLY LIN LYV LMT L LOW LULU LITE LYB MTB MPC MAR MRSH MLM MRVL MAS MA MKC MCD MCK MDT MRK META MET MTD MGM MCHP MU MSFT MAA MRNA TAP MDLZ MPWR MNST MCO MS MOS MSI MSCI NDAQ NTAP NFLX NEM NWSA NWS NEE NKE NI NDSN NSC NTRS NOC NCLH NRG NUE NVDA NVR NXPI ORLY OXY ODFL OMC ON OKE ORCL OTIS PCAR PKG PLTR PANW PSKY PH PAYX PYPL PNR PEP PFE PCG PM PSX PNW PNC PPG PPL PFG PG PGR PLD PRU PEG PTC PSA PHM PWR QCOM DGX Q RL RJF RTX O REG REGN RF RSG RMD RVTY HOOD ROK ROL ROP ROST RCL SPGI CRM SNDK SBAC SLB STX SRE NOW SHW SPG SWKS SJM SW SNA SOLV SO LUV SWK SBUX STT STLD STE SYK SMCI SYF SNPS SYY TMUS TROW TTWO TPR TRGP TGT TEL TDY TER TSLA TXN TPL TXT TMO TJX TKO TTD TSCO TT TDG TRV TRMB TFC TYL TSN USB UBER UDR ULTA UNP UAL UPS URI UNH UHS VLO VEEV VTR VLTO VRSN VRSK VZ VRTX VRT VTRS VICI V VST VMC WRB GWW WAB WMT DIS WBD WM WAT WEC WFC WELL WST WDC WY WSM WMB WTW WDAY WYNN XEL XYL YUM ZBRA ZBH ZTS
2026-07-31,1365256480,2026-07-21T06:56:32+00:00,503,MMM AOS ABT ABBV ACN ADBE AMD AES AFL A APD ABNB AKAM ALB ARE ALGN ALLE LNT ALL GOOGL GOOG MO AMZN AMCR AEE AEP AXP AIG AMT AWK AMP AME AMGN APH ADI AON APA APO AAPL AMAT APP APTV ACGL ADM ARES ANET AJG AIZ T ATO ADSK ADP AZO AVB AVY AXON BKR BALL BAC BAX BDX BRK.B BBY TECH BIIB BLK BX XYZ BNY BA BKNG BSX BMY AVGO BR BRO BF.B BLDR BG BXP CHRW CDNS CPT COF CAH CCL CARR CVNA CASY CAT CBOE CBRE CDW COR CNC CNP CF CRL SCHW CHTR CVX CMG CB CHD CIEN CI CINF CTAS CSCO C CFG CLX CME CMS KO CTSH COHR COIN CL CMCSA FIX COP ED STZ CEG COO CPRT GLW CPAY CTVA CSGP COST CRH CRWD CCI CSX CMI CVS DHR DRI DDOG DVA DECK DE DELL DAL DVN DXCM FANG DLR DG DLTR D DPZ DASH DOV DOW DHI DTE DUK DD ETN EBAY ECHO ECL EIX EW EA ELV EME EMR ETR EOG EQT EFX EQIX EQR ERIE ESS EL EG EVRG ES EXC EXE EXPE EXPD EXR XOM FFIV FDS FICO FAST FRT FDX FDXF FIS FITB FSLR FE FISV FLEX F FTNT FTV FOXA FOX BEN FCX GRMN IT GE GEHC GEV GEN GNRC GD GIS GM GPC GILD GPN GL GDDY GS HAL HIG HAS HCA DOC HSIC HSY HPE HLT HD HONA HON HRL HST HWM HPQ HUBB HUM HBAN HII IBM IEX IDXX ITW INCY IR PODD INTC IBKR ICE IFF IP INTU ISRG IVZ INVH IQV IRM JBHT JBL JKHY J JNJ JCI JPM KVUE KDP KEY KEYS KMB KIM KMI KKR KLAC KHC KR LHX LH LRCX LVS LDOS LEN LII LLY LIN LYV LMT L LOW LULU LITE LYB MTB MPC MAR MRSH MLM MRVL MAS MA MKC MCD MCK MDT MRK META MET MTD MGM MCHP MU MSFT MAA MRNA TAP MDLZ MPWR MNST MCO MS MOS MSI MSCI NDAQ NTAP NFLX NEM NWSA NWS NEE NKE NI NDSN NSC NTRS NOC NCLH NRG NUE NVDA NVR NXPI ORLY OXY ODFL OMC ON OKE ORCL OTIS PCAR PKG PLTR PANW PSKY PH PAYX PYPL PNR PEP PFE PCG PM PSX PNW PNC PPG PPL PFG PG PGR PLD PRU PEG PTC PSA PHM PWR QCOM DGX Q RL RJF RTX O REG REGN RF RSG RMD RVTY HOOD ROK ROL ROP ROST RCL SPGI CRM SNDK SBAC SLB STX SRE NOW SHW SPG SWKS SJM SW SNA SOLV SO LUV SWK SBUX STT STLD STE SYK SMCI SYF SNPS SYY TMUS TROW TTWO TPR TRGP TGT TEL TDY TER TSLA TXN TPL TXT TMO TJX TKO TTD TSCO TT TDG TRV TRMB TFC TYL TSN USB UBER UDR ULTA UNP UAL UPS URI UNH UHS VLO VEEV VTR VLTO VRSN VRSK VZ VRTX VRT VTRS VICI V VST VMC WRB GWW WAB WMT DIS WBD WM WAT WEC WFC WELL WST WDC WY WSM WMB WTW WDAY WYNN XEL XYL YUM ZBRA ZBH ZTS
